{
	"credit": "Made with Blockbench",
	"textures": {
		"0": "block/fire_blast",
		"particle": "block/fire_blast"
	},
	"elements": [
		{
			"from": [16, 16, 6],
			"to": [0, 0, 6.0625],
			"faces": {
				"north": {"uv": [16, 16, 0, 0], "texture": "#0"},
				"east": {"uv": [16, 16, 0, 0], "texture": "#0"},
				"south": {"uv": [16, 16, 0, 0], "texture": "#0"},
				"west": {"uv": [16, 16, 0, 0], "texture": "#0"},
				"up": {"uv": [16, 16, 0, 0], "texture": "#0"},
				"down": {"uv": [16, 16, 0, 0], "texture": "#0"}
			}
		}
	],
	"display": {
		"gui": {
			"translation": [0, 1, 0]
		}
	}
}