{
	"credit": "Made with Blockbench",
	"parent": "stick",
	"texture_size": [64, 64],
	"textures": {
		"0": "item/zombie"
	},
	"elements": [
		{
			"name": "head",
			"from": [4, -8, 5],
			"to": [12, 0, 13],
			"rotation": {"angle": 45, "axis": "x", "origin": [8, -3, 8]},
			"faces": {
				"north": {"uv": [2, 2, 4, 4], "texture": "#0"},
				"east": {"uv": [0, 2, 2, 4], "texture": "#0"},
				"south": {"uv": [6, 2, 8, 4], "texture": "#0"},
				"west": {"uv": [4, 2, 6, 4], "texture": "#0"},
				"up": {"uv": [4, 2, 2, 0], "texture": "#0"},
				"down": {"uv": [6, 0, 4, 2], "texture": "#0"}
			}
		}
	],
	"display": {
		"fixed": {
			"rotation": [-90, 0, 0],
			"translation": [0, -0.75, -17.5],
			"scale": [2, 2, 2]
		}
	},
	"groups": [
		{
			"name": "head",
			"origin": [0, 24, 0],
			"color": 0,
			"nbt": "{}",
			"armAnimationEnabled": false,
			"children": [0]
		},
		{
			"name": "body",
			"origin": [0, 24, 0],
			"color": 0,
			"nbt": "{}",
			"armAnimationEnabled": false,
			"children": []
		},
		{
			"name": "left_arm",
			"origin": [5, 22, 0],
			"color": 0,
			"nbt": "{}",
			"armAnimationEnabled": false,
			"shade": false,
			"children": []
		},
		{
			"name": "right_arm",
			"origin": [-5, 22, 0],
			"color": 0,
			"nbt": "{}",
			"armAnimationEnabled": false,
			"children": []
		},
		{
			"name": "left_leg",
			"origin": [1.9, 12, 0],
			"color": 0,
			"nbt": "{}",
			"armAnimationEnabled": false,
			"shade": false,
			"children": []
		},
		{
			"name": "right_leg",
			"origin": [-1.9, 12, 0],
			"color": 0,
			"nbt": "{}",
			"armAnimationEnabled": false,
			"children": []
		}
	]
}