{
	"parent": "stick",
	"textures": {
		"1": "minecraft:block/white_wool",
		"particle": "minecraft:block/white_wool"
	},
	"elements": [
		{
			"from": [1, 13.25, 2.5],
			"to": [15, 13.5, 3],
			"faces": {
				"north": {"uv": [1, 2.5, 15, 2.75], "texture": "#1"},
				"east": {"uv": [13, 2.5, 13.5, 2.75], "texture": "#1"},
				"south": {"uv": [1, 2.5, 15, 2.75], "texture": "#1"},
				"west": {"uv": [2.5, 2.5, 3, 2.75], "texture": "#1"},
				"up": {"uv": [1, 2.5, 15, 3], "texture": "#1"},
				"down": {"uv": [1, 13, 15, 13.5], "texture": "#1"}
			}
		},
		{
			"from": [1, 13.25, 4],
			"to": [15, 13.5, 4.5],
			"faces": {
				"north": {"uv": [1, 2.5, 15, 2.75], "texture": "#1"},
				"east": {"uv": [11.5, 2.5, 12, 2.75], "texture": "#1"},
				"south": {"uv": [1, 2.5, 15, 2.75], "texture": "#1"},
				"west": {"uv": [4, 2.5, 4.5, 2.75], "texture": "#1"},
				"up": {"uv": [1, 4, 15, 4.5], "texture": "#1"},
				"down": {"uv": [1, 11.5, 15, 12], "texture": "#1"}
			}
		},
		{
			"from": [1, 13.25, 5.5],
			"to": [15, 13.5, 6],
			"faces": {
				"north": {"uv": [1, 2.5, 15, 2.75], "texture": "#1"},
				"east": {"uv": [10, 2.5, 10.5, 2.75], "texture": "#1"},
				"south": {"uv": [1, 2.5, 15, 2.75], "texture": "#1"},
				"west": {"uv": [5.5, 2.5, 6, 2.75], "texture": "#1"},
				"up": {"uv": [1, 5.5, 15, 6], "texture": "#1"},
				"down": {"uv": [1, 10, 15, 10.5], "texture": "#1"}
			}
		},
		{
			"from": [1, 13.25, 7],
			"to": [15, 13.5, 7.5],
			"faces": {
				"north": {"uv": [1, 2.5, 15, 2.75], "texture": "#1"},
				"east": {"uv": [8.5, 2.5, 9, 2.75], "texture": "#1"},
				"south": {"uv": [1, 2.5, 15, 2.75], "texture": "#1"},
				"west": {"uv": [7, 2.5, 7.5, 2.75], "texture": "#1"},
				"up": {"uv": [1, 7, 15, 7.5], "texture": "#1"},
				"down": {"uv": [1, 8.5, 15, 9], "texture": "#1"}
			}
		},
		{
			"from": [1, 13.25, 8.5],
			"to": [15, 13.5, 9],
			"faces": {
				"north": {"uv": [1, 2.5, 15, 2.75], "texture": "#1"},
				"east": {"uv": [7, 2.5, 7.5, 2.75], "texture": "#1"},
				"south": {"uv": [1, 2.5, 15, 2.75], "texture": "#1"},
				"west": {"uv": [8.5, 2.5, 9, 2.75], "texture": "#1"},
				"up": {"uv": [1, 8.5, 15, 9], "texture": "#1"},
				"down": {"uv": [1, 7, 15, 7.5], "texture": "#1"}
			}
		},
		{
			"from": [1, 13.25, 10],
			"to": [15, 13.5, 10.5],
			"faces": {
				"north": {"uv": [1, 2.5, 15, 2.75], "texture": "#1"},
				"east": {"uv": [5.5, 2.5, 6, 2.75], "texture": "#1"},
				"south": {"uv": [1, 2.5, 15, 2.75], "texture": "#1"},
				"west": {"uv": [10, 2.5, 10.5, 2.75], "texture": "#1"},
				"up": {"uv": [1, 10, 15, 10.5], "texture": "#1"},
				"down": {"uv": [1, 5.5, 15, 6], "texture": "#1"}
			}
		},
		{
			"from": [1, 13.25, 11.5],
			"to": [15, 13.5, 12],
			"faces": {
				"north": {"uv": [1, 2.5, 15, 2.75], "texture": "#1"},
				"east": {"uv": [4, 2.5, 4.5, 2.75], "texture": "#1"},
				"south": {"uv": [1, 2.5, 15, 2.75], "texture": "#1"},
				"west": {"uv": [11.5, 2.5, 12, 2.75], "texture": "#1"},
				"up": {"uv": [1, 11.5, 15, 12], "texture": "#1"},
				"down": {"uv": [1, 4, 15, 4.5], "texture": "#1"}
			}
		},
		{
			"from": [1, 13.25, 13],
			"to": [15, 13.5, 13.5],
			"faces": {
				"north": {"uv": [1, 2.5, 15, 2.75], "texture": "#1"},
				"east": {"uv": [2.5, 2.5, 3, 2.75], "texture": "#1"},
				"south": {"uv": [1, 2.5, 15, 2.75], "texture": "#1"},
				"west": {"uv": [13, 2.5, 13.5, 2.75], "texture": "#1"},
				"up": {"uv": [1, 13, 15, 13.5], "texture": "#1"},
				"down": {"uv": [1, 2.5, 15, 3], "texture": "#1"}
			}
		},
		{
			"from": [2.5, 13.24, 1],
			"to": [3, 13.49, 15],
			"faces": {
				"north": {"uv": [13, 2.51, 13.5, 2.76], "texture": "#1"},
				"east": {"uv": [1, 2.51, 15, 2.76], "texture": "#1"},
				"south": {"uv": [2.5, 2.51, 3, 2.76], "texture": "#1"},
				"west": {"uv": [1, 2.51, 15, 2.76], "texture": "#1"},
				"up": {"uv": [2.5, 1, 3, 15], "texture": "#1"},
				"down": {"uv": [2.5, 1, 3, 15], "texture": "#1"}
			}
		},
		{
			"from": [4, 13.24, 1],
			"to": [4.5, 13.49, 15],
			"faces": {
				"north": {"uv": [11.5, 2.51, 12, 2.76], "texture": "#1"},
				"east": {"uv": [1, 2.51, 15, 2.76], "texture": "#1"},
				"south": {"uv": [4, 2.51, 4.5, 2.76], "texture": "#1"},
				"west": {"uv": [1, 2.51, 15, 2.76], "texture": "#1"},
				"up": {"uv": [4, 1, 4.5, 15], "texture": "#1"},
				"down": {"uv": [4, 1, 4.5, 15], "texture": "#1"}
			}
		},
		{
			"from": [5.5, 13.24, 1],
			"to": [6, 13.49, 15],
			"faces": {
				"north": {"uv": [10, 2.51, 10.5, 2.76], "texture": "#1"},
				"east": {"uv": [1, 2.51, 15, 2.76], "texture": "#1"},
				"south": {"uv": [5.5, 2.51, 6, 2.76], "texture": "#1"},
				"west": {"uv": [1, 2.51, 15, 2.76], "texture": "#1"},
				"up": {"uv": [5.5, 1, 6, 15], "texture": "#1"},
				"down": {"uv": [5.5, 1, 6, 15], "texture": "#1"}
			}
		},
		{
			"from": [7, 13.24, 1],
			"to": [7.5, 13.49, 15],
			"faces": {
				"north": {"uv": [8.5, 2.51, 9, 2.76], "texture": "#1"},
				"east": {"uv": [1, 2.51, 15, 2.76], "texture": "#1"},
				"south": {"uv": [7, 2.51, 7.5, 2.76], "texture": "#1"},
				"west": {"uv": [1, 2.51, 15, 2.76], "texture": "#1"},
				"up": {"uv": [7, 1, 7.5, 15], "texture": "#1"},
				"down": {"uv": [7, 1, 7.5, 15], "texture": "#1"}
			}
		},
		{
			"from": [8.5, 13.24, 1],
			"to": [9, 13.49, 15],
			"faces": {
				"north": {"uv": [7, 2.51, 7.5, 2.76], "texture": "#1"},
				"east": {"uv": [1, 2.51, 15, 2.76], "texture": "#1"},
				"south": {"uv": [8.5, 2.51, 9, 2.76], "texture": "#1"},
				"west": {"uv": [1, 2.51, 15, 2.76], "texture": "#1"},
				"up": {"uv": [8.5, 1, 9, 15], "texture": "#1"},
				"down": {"uv": [8.5, 1, 9, 15], "texture": "#1"}
			}
		},
		{
			"from": [10, 13.24, 1],
			"to": [10.5, 13.49, 15],
			"faces": {
				"north": {"uv": [5.5, 2.51, 6, 2.76], "texture": "#1"},
				"east": {"uv": [1, 2.51, 15, 2.76], "texture": "#1"},
				"south": {"uv": [10, 2.51, 10.5, 2.76], "texture": "#1"},
				"west": {"uv": [1, 2.51, 15, 2.76], "texture": "#1"},
				"up": {"uv": [10, 1, 10.5, 15], "texture": "#1"},
				"down": {"uv": [10, 1, 10.5, 15], "texture": "#1"}
			}
		},
		{
			"from": [11.5, 13.24, 1],
			"to": [12, 13.49, 15],
			"faces": {
				"north": {"uv": [4, 2.51, 4.5, 2.76], "texture": "#1"},
				"east": {"uv": [1, 2.51, 15, 2.76], "texture": "#1"},
				"south": {"uv": [11.5, 2.51, 12, 2.76], "texture": "#1"},
				"west": {"uv": [1, 2.51, 15, 2.76], "texture": "#1"},
				"up": {"uv": [11.5, 1, 12, 15], "texture": "#1"},
				"down": {"uv": [11.5, 1, 12, 15], "texture": "#1"}
			}
		},
		{
			"from": [13, 13.24, 1],
			"to": [13.5, 13.49, 15],
			"faces": {
				"north": {"uv": [2.5, 2.51, 3, 2.76], "texture": "#1"},
				"east": {"uv": [1, 2.51, 15, 2.76], "texture": "#1"},
				"south": {"uv": [13, 2.51, 13.5, 2.76], "texture": "#1"},
				"west": {"uv": [1, 2.51, 15, 2.76], "texture": "#1"},
				"up": {"uv": [13, 1, 13.5, 15], "texture": "#1"},
				"down": {"uv": [13, 1, 13.5, 15], "texture": "#1"}
			}
		}
	],
	"display": {
		"thirdperson_righthand": {
			"rotation": [75, 45, 0],
			"translation": [0, 0, -2.5],
			"scale": [0.4, 0.4, 0.4]
		},
		"thirdperson_lefthand": {
			"rotation": [75, 45, 0],
			"translation": [0, 0, -2.5],
			"scale": [0.4, 0.4, 0.4]
		},
		"firstperson_righthand": {
			"rotation": [15, 45, 0],
			"translation": [-0.5, -1, 0],
			"scale": [0.4, 0.4, 0.4]
		},
		"firstperson_lefthand": {
			"rotation": [15, 45, 0],
			"translation": [-0.5, -1, 0],
			"scale": [0.4, 0.4, 0.4]
		},
		"ground": {
			"translation": [0, -5, 0],
			"scale": [0.25, 0.25, 0.25]
		},
		"gui": {
			"rotation": [43, 31, 0],
			"translation": [0, -3.25, 0],
			"scale": [0.8, 0.8, 0.8]
		},
		"head": {
			"rotation": [-90, 0, 0],
			"translation": [0, 0, -1]
		},
		"fixed": {
			"rotation": [-90, 0, 0],
			"translation": [0, 0, 5]
		}
	}
}