{
	"credit": "Made with Blockbench",
	"parent": "block/block",
	"textures": {
		"particle": "block/bricks",
		"side": "block/bricks",
		"bottom": "block/bricks",
		"top": "block/bricks"
	},
	"elements": [
		{
			"name": "Table outer",
			"from": [0, 10, 0],
			"to": [16, 16, 16],
			"faces": {
				"north": {"uv": [0, 0, 16, 6], "texture": "#side", "cullface": "north"},
				"east": {"uv": [0, 0, 16, 6], "texture": "#side", "cullface": "east"},
				"south": {"uv": [0, 0, 16, 6], "texture": "#side", "cullface": "south"},
				"west": {"uv": [0, 0, 16, 6], "texture": "#side", "cullface": "west"},
				"down": {"uv": [0, 0, 16, 16], "texture": "#bottom"}
			}
		},
		{
			"name": "Table inner",
			"from": [15, 16, 15],
			"to": [1, 15, 1],
			"faces": {
				"north": {"uv": [15, 1, 1, 0], "texture": "#side", "cullface": "up"},
				"east": {"uv": [15, 1, 1, 0], "texture": "#side", "cullface": "up"},
				"south": {"uv": [15, 1, 1, 0], "texture": "#side", "cullface": "up"},
				"west": {"uv": [15, 1, 1, 0], "texture": "#side", "cullface": "up"},
				"up": {"uv": [15, 15, 1, 1], "texture": "#top", "cullface": "up"}
			}
		},
		{
			"name": "Northwest leg",
			"from": [0, 0, 0],
			"to": [4, 10, 4],
			"faces": {
				"north": {"uv": [12, 6, 16, 16], "texture": "#side", "cullface": "north"},
				"east": {"uv": [12, 6, 16, 16], "texture": "#side"},
				"south": {"uv": [0, 6, 4, 16], "texture": "#side"},
				"west": {"uv": [0, 6, 4, 16], "texture": "#side", "cullface": "west"},
				"down": {"uv": [0, 12, 4, 16], "texture": "#bottom", "cullface": "down"}
			}
		},
		{
			"name": "Northeast leg",
			"from": [12, 0, 0],
			"to": [16, 10, 4],
			"faces": {
				"north": {"uv": [0, 6, 4, 16], "texture": "#side", "cullface": "north"},
				"east": {"uv": [12, 6, 16, 16], "texture": "#side", "cullface": "east"},
				"south": {"uv": [12, 6, 16, 16], "texture": "#side"},
				"west": {"uv": [0, 6, 4, 16], "texture": "#side"},
				"down": {"uv": [12, 12, 16, 16], "texture": "#bottom", "cullface": "down"}
			}
		},
		{
			"name": "Southeast leg",
			"from": [12, 0, 12],
			"to": [16, 10, 16],
			"faces": {
				"north": {"uv": [0, 6, 4, 16], "texture": "#side"},
				"east": {"uv": [0, 6, 4, 16], "texture": "#side", "cullface": "east"},
				"south": {"uv": [12, 6, 16, 16], "texture": "#side", "cullface": "south"},
				"west": {"uv": [12, 6, 16, 16], "texture": "#side"},
				"down": {"uv": [12, 0, 16, 4], "texture": "#bottom", "cullface": "down"}
			}
		},
		{
			"name": "Southwest leg",
			"from": [0, 0, 12],
			"to": [4, 10, 16],
			"faces": {
				"north": {"uv": [12, 6, 16, 16], "texture": "#side"},
				"east": {"uv": [0, 6, 4, 16], "texture": "#side"},
				"south": {"uv": [0, 6, 4, 16], "texture": "#side", "cullface": "south"},
				"west": {"uv": [12, 6, 16, 16], "texture": "#side", "cullface": "west"},
				"down": {"uv": [0, 0, 4, 4], "texture": "#bottom", "cullface": "down"}
			}
		},
		{
			"name": "West top edge",
			"from": [0, 16, 0],
			"to": [1, 16, 16],
			"faces": {
				"up": {"uv": [0, 0, 1, 16], "texture": "#top", "cullface": "up"}
			}
		},
		{
			"name": "East top edge",
			"from": [15, 16, 0],
			"to": [16, 16, 16],
			"faces": {
				"up": {"uv": [15, 0, 16, 16], "texture": "#top", "cullface": "up"}
			}
		},
		{
			"name": "North top edge",
			"from": [1, 16, 0],
			"to": [15, 16, 1],
			"faces": {
				"up": {"uv": [1, 0, 15, 1], "texture": "#top", "cullface": "up"}
			}
		},
		{
			"name": "South top edge",
			"from": [1, 16, 15],
			"to": [15, 16, 16],
			"faces": {
				"up": {"uv": [1, 15, 15, 16], "texture": "#top", "cullface": "up"}
			}
		}
	],
	"display": {
		"thirdperson_righthand": {
			"rotation": [40, 0, 0],
			"translation": [0, 0, -1.5],
			"scale": [0.23, 0.23, 0.23]
		},
		"thirdperson_lefthand": {
			"rotation": [32, 0, 0],
			"translation": [0, 0, -1.75],
			"scale": [0.22, 0.22, 0.22]
		},
		"firstperson_righthand": {
			"scale": [0.28, 0.28, 0.28]
		},
		"firstperson_lefthand": {
			"scale": [0.27, 0.27, 0.27]
		},
		"ground": {
			"scale": [0.26, 0.26, 0.26]
		},
		"gui": {
			"rotation": [32, -21, 0],
			"scale": [0.62, 0.62, 0.62]
		},
		"head": {
			"translation": [0, -30.33, 0],
			"scale": [1.61, 1.61, 1.61]
		},
		"fixed": {
			"rotation": [-90, 0, 0],
			"translation": [0, 0, -16],
			"scale": [2.02, 2.02, 2.02]
		}
	}
}