{
	"credit": "Made with Blockbench",
	"textures": {
		"0": "block/amethyst_bottel",
		"1": "block/barrel_bottom",
		"2": "item/sculk_bottel",
		"3": "block/enchanting_bottel",
		"4": "item/altar",
		"particle": "block/amethyst_bottel"
	},
	"elements": [
		{
			"from": [6, 0, 1],
			"to": [10, 7.3, 5],
			"rotation": {"angle": 0, "axis": "y", "origin": [-3, -6, 0]},
			"faces": {
				"north": {"uv": [6, 6, 10, 13], "texture": "#3"},
				"east": {"uv": [6, 6, 10, 13], "texture": "#3"},
				"south": {"uv": [6, 6, 10, 13], "texture": "#3"},
				"west": {"uv": [6, 6, 10, 13], "texture": "#3"},
				"up": {"uv": [4, 15, 0, 11], "texture": "#3"},
				"down": {"uv": [4, 11, 0, 15], "texture": "#3"}
			}
		},
		{
			"from": [6.5, 7.05, 1.5],
			"to": [9.5, 8.05, 4.5],
			"rotation": {"angle": 0, "axis": "y", "origin": [-3, -6, 0]},
			"faces": {
				"north": {"uv": [6, 2, 9, 3], "texture": "#3"},
				"east": {"uv": [6, 2, 9, 3], "texture": "#3"},
				"south": {"uv": [6, 2, 9, 3], "texture": "#3"},
				"west": {"uv": [6, 2, 9, 3], "texture": "#3"},
				"up": {"uv": [9, 6, 6, 3], "texture": "#3"},
				"down": {"uv": [9, 6, 6, 9], "texture": "#3"}
			}
		},
		{
			"from": [6.5, 1.05, 1.5],
			"to": [9.5, 5.05, 4.5],
			"rotation": {"angle": 0, "axis": "y", "origin": [-3, -6, 0]},
			"faces": {
				"north": {"uv": [6, 2, 9, 3], "texture": "#3"},
				"east": {"uv": [6, 2, 9, 3], "texture": "#3"},
				"south": {"uv": [6, 2, 9, 3], "texture": "#3"},
				"west": {"uv": [6, 2, 9, 3], "texture": "#3"},
				"up": {"uv": [9, 6, 6, 3], "texture": "#3"},
				"down": {"uv": [9, 6, 6, 9], "texture": "#3"}
			}
		},
		{
			"from": [7.25, 7, 2.25],
			"to": [8.75, 11, 3.75],
			"rotation": {"angle": 0, "axis": "y", "origin": [-5, -6, 0]},
			"faces": {
				"north": {"uv": [0, 7, 2, 12], "texture": "#3"},
				"east": {"uv": [0, 7, 2, 12], "texture": "#3"},
				"south": {"uv": [0, 7, 2, 12], "texture": "#3"},
				"west": {"uv": [0, 7, 2, 12], "texture": "#3"},
				"up": {"uv": [2, 12, 0, 7], "texture": "#3"},
				"down": {"uv": [2, 7, 0, 12], "texture": "#3"}
			}
		},
		{
			"from": [6, 0, 6],
			"to": [10, 7.3, 10],
			"rotation": {"angle": 0, "axis": "y", "origin": [-3, -6, 0]},
			"faces": {
				"north": {"uv": [6, 6, 10, 13], "texture": "#2"},
				"east": {"uv": [6, 6, 10, 13], "texture": "#2"},
				"south": {"uv": [6, 6, 10, 13], "texture": "#2"},
				"west": {"uv": [6, 6, 10, 13], "texture": "#2"},
				"up": {"uv": [4, 15, 0, 11], "texture": "#2"},
				"down": {"uv": [4, 11, 0, 15], "texture": "#2"}
			}
		},
		{
			"from": [6.5, 7.05, 6.5],
			"to": [9.5, 8.05, 9.5],
			"rotation": {"angle": 0, "axis": "y", "origin": [-3, -6, 0]},
			"faces": {
				"north": {"uv": [6, 2, 9, 3], "texture": "#2"},
				"east": {"uv": [6, 2, 9, 3], "texture": "#2"},
				"south": {"uv": [6, 2, 9, 3], "texture": "#2"},
				"west": {"uv": [6, 2, 9, 3], "texture": "#2"},
				"up": {"uv": [9, 6, 6, 3], "texture": "#2"},
				"down": {"uv": [9, 6, 6, 9], "texture": "#2"}
			}
		},
		{
			"from": [6.5, 1.05, 6.5],
			"to": [9.5, 5.05, 9.5],
			"rotation": {"angle": 0, "axis": "y", "origin": [-3, -6, 0]},
			"faces": {
				"north": {"uv": [6, 2, 9, 3], "texture": "#2"},
				"east": {"uv": [6, 2, 9, 3], "texture": "#2"},
				"south": {"uv": [6, 2, 9, 3], "texture": "#2"},
				"west": {"uv": [6, 2, 9, 3], "texture": "#2"},
				"up": {"uv": [9, 6, 6, 3], "texture": "#2"},
				"down": {"uv": [9, 6, 6, 9], "texture": "#2"}
			}
		},
		{
			"from": [7.25, 7, 7.25],
			"to": [8.75, 11, 8.75],
			"rotation": {"angle": 0, "axis": "y", "origin": [-5, -6, 0]},
			"faces": {
				"north": {"uv": [0, 7, 2, 12], "texture": "#2"},
				"east": {"uv": [0, 7, 2, 12], "texture": "#2"},
				"south": {"uv": [0, 7, 2, 12], "texture": "#2"},
				"west": {"uv": [0, 7, 2, 12], "texture": "#2"},
				"up": {"uv": [2, 12, 0, 7], "texture": "#2"},
				"down": {"uv": [2, 7, 0, 12], "texture": "#2"}
			}
		},
		{
			"from": [6, 0, 11],
			"to": [10, 7.3, 15],
			"rotation": {"angle": 0, "axis": "y", "origin": [-3, -6, 0]},
			"faces": {
				"north": {"uv": [6, 6, 10, 13], "texture": "#0"},
				"east": {"uv": [6, 6, 10, 13], "texture": "#0"},
				"south": {"uv": [6, 6, 10, 13], "texture": "#0"},
				"west": {"uv": [6, 6, 10, 13], "texture": "#0"},
				"up": {"uv": [4, 15, 0, 11], "texture": "#0"},
				"down": {"uv": [4, 11, 0, 15], "texture": "#0"}
			}
		},
		{
			"from": [6.5, 7.05, 11.5],
			"to": [9.5, 8.05, 14.5],
			"rotation": {"angle": 0, "axis": "y", "origin": [-3, -6, 0]},
			"faces": {
				"north": {"uv": [6, 2, 9, 3], "texture": "#0"},
				"east": {"uv": [6, 2, 9, 3], "texture": "#0"},
				"south": {"uv": [6, 2, 9, 3], "texture": "#0"},
				"west": {"uv": [6, 2, 9, 3], "texture": "#0"},
				"up": {"uv": [9, 6, 6, 3], "texture": "#0"},
				"down": {"uv": [9, 6, 6, 9], "texture": "#0"}
			}
		},
		{
			"from": [6.5, 1.05, 11.5],
			"to": [9.5, 5.05, 14.5],
			"rotation": {"angle": 0, "axis": "y", "origin": [-3, -6, 0]},
			"faces": {
				"north": {"uv": [6, 2, 9, 3], "texture": "#1"},
				"east": {"uv": [6, 2, 9, 3], "texture": "#1"},
				"south": {"uv": [6, 2, 9, 3], "texture": "#1"},
				"west": {"uv": [6, 2, 9, 3], "texture": "#1"},
				"up": {"uv": [9, 6, 6, 3], "texture": "#1"},
				"down": {"uv": [9, 6, 6, 9], "texture": "#1"}
			}
		},
		{
			"from": [7.25, 7, 12.25],
			"to": [8.75, 11, 13.75],
			"rotation": {"angle": 0, "axis": "y", "origin": [-5, -6, 0]},
			"faces": {
				"north": {"uv": [0, 7, 2, 12], "texture": "#0"},
				"east": {"uv": [0, 7, 2, 12], "texture": "#0"},
				"south": {"uv": [0, 7, 2, 12], "texture": "#0"},
				"west": {"uv": [0, 7, 2, 12], "texture": "#0"},
				"up": {"uv": [2, 12, 0, 7], "texture": "#0"},
				"down": {"uv": [2, 7, 0, 12], "texture": "#0"}
			}
		},
		{
			"from": [6.75, 10.6, 12.75],
			"to": [7.25, 14.6, 13.25],
			"rotation": {"angle": 22.5, "axis": "z", "origin": [7.8, 13, 13]},
			"faces": {
				"north": {"uv": [10, 8, 10.5, 10.25], "texture": "#4"},
				"east": {"uv": [10, 8, 10.5, 10.25], "texture": "#4"},
				"south": {"uv": [10, 8, 10.5, 10.25], "texture": "#4"},
				"west": {"uv": [10, 8, 10.5, 10.25], "texture": "#4"},
				"up": {"uv": [10.5, 10.25, 10, 8], "texture": "#4"},
				"down": {"uv": [10.5, 8, 10, 10.25], "texture": "#4"}
			}
		},
		{
			"from": [6.75, 10.6, 7.75],
			"to": [7.25, 14.6, 8.25],
			"rotation": {"angle": 22.5, "axis": "z", "origin": [7.8, 13, 13]},
			"faces": {
				"north": {"uv": [10, 8, 10.5, 10.25], "texture": "#4"},
				"east": {"uv": [10, 8, 10.5, 10.25], "texture": "#4"},
				"south": {"uv": [10, 8, 10.5, 10.25], "texture": "#4"},
				"west": {"uv": [10, 8, 10.5, 10.25], "texture": "#4"},
				"up": {"uv": [10.5, 10.25, 10, 8], "texture": "#4"},
				"down": {"uv": [10.5, 8, 10, 10.25], "texture": "#4"}
			}
		},
		{
			"from": [6.75, 10.6, 2.75],
			"to": [7.25, 14.6, 3.25],
			"rotation": {"angle": 22.5, "axis": "z", "origin": [7.8, 13, 13]},
			"faces": {
				"north": {"uv": [10, 8, 10.5, 10.25], "texture": "#4"},
				"east": {"uv": [10, 8, 10.5, 10.25], "texture": "#4"},
				"south": {"uv": [10, 8, 10.5, 10.25], "texture": "#4"},
				"west": {"uv": [10, 8, 10.5, 10.25], "texture": "#4"},
				"up": {"uv": [10.5, 10.25, 10, 8], "texture": "#4"},
				"down": {"uv": [10.5, 8, 10, 10.25], "texture": "#4"}
			}
		}
	],
	"display": {
		"thirdperson_righthand": {
			"scale": [0.3, 0.3, 0.3]
		},
		"thirdperson_lefthand": {
			"scale": [0.24, 0.24, 0.24]
		},
		"firstperson_righthand": {
			"scale": [0.27, 0.26, 0.26]
		},
		"firstperson_lefthand": {
			"scale": [0.31, 0.31, 0.31]
		},
		"ground": {
			"scale": [0.25, 0.25, 0.25]
		},
		"gui": {
			"rotation": [34, 30, -17],
			"translation": [2.5, 0, 0]
		},
		"head": {
			"rotation": [0, 90, 0]
		},
		"fixed": {
			"rotation": [0, 90, 0],
			"translation": [0, 13.25, 3.5],
			"scale": [1.65, 1.65, 1.65]
		}
	},
	"groups": [
		{
			"name": "group",
			"origin": [-5, -6, 0],
			"color": 0,
			"children": [0, 1, 2, 3]
		},
		{
			"name": "group",
			"origin": [-5, -6, 0],
			"color": 0,
			"children": [4, 5, 6, 7]
		},
		{
			"name": "group",
			"origin": [-5, -6, 0],
			"color": 0,
			"children": [8, 9, 10, 11, 12, 13, 14]
		}
	]
}