{
	"credit": "Made with Blockbench",
	"parent": "blaze_rod",
	"texture_size": [64, 64],
	"textures": {
		"0": "item/altar",
		"particle": "item/altar"
	},
	"elements": [
		{
			"from": [7, 11.85, 6.8],
			"to": [9, 12.85, 9.2],
			"rotation": {"angle": 22.5, "axis": "y", "origin": [8, 12.45, 8]},
			"faces": {
				"north": {"uv": [0.5, 0.5, 1, 0.75], "texture": "#0"},
				"east": {"uv": [0, 0.5, 0.5, 0.75], "texture": "#0"},
				"south": {"uv": [1.5, 0.5, 2, 0.75], "texture": "#0"},
				"west": {"uv": [1, 0.5, 1.5, 0.75], "texture": "#0"},
				"up": {"uv": [1, 0.5, 0.5, 0], "texture": "#0"},
				"down": {"uv": [1.5, 0, 1, 0.5], "texture": "#0"}
			}
		},
		{
			"from": [9, 12.35, 6.8],
			"to": [11, 13.35, 9.2],
			"rotation": {"angle": 22.5, "axis": "y", "origin": [8, 12.45, 8]},
			"faces": {
				"north": {"uv": [0.5, 0.5, 1, 0.75], "texture": "#0"},
				"east": {"uv": [0, 0.5, 0.5, 0.75], "texture": "#0"},
				"south": {"uv": [1.5, 0.5, 2, 0.75], "texture": "#0"},
				"west": {"uv": [1, 0.5, 1.5, 0.75], "texture": "#0"},
				"up": {"uv": [1, 0.5, 0.5, 0], "texture": "#0"},
				"down": {"uv": [1.5, 0, 1, 0.5], "texture": "#0"}
			}
		},
		{
			"from": [11, 13.05, 6.8],
			"to": [13, 14.05, 9.2],
			"rotation": {"angle": 22.5, "axis": "y", "origin": [8, 12.45, 8]},
			"faces": {
				"north": {"uv": [0.5, 0.5, 1, 0.75], "texture": "#0"},
				"east": {"uv": [0, 0.5, 0.5, 0.75], "texture": "#0"},
				"south": {"uv": [1.5, 0.5, 2, 0.75], "texture": "#0"},
				"west": {"uv": [1, 0.5, 1.5, 0.75], "texture": "#0"},
				"up": {"uv": [1, 0.5, 0.5, 0], "texture": "#0"},
				"down": {"uv": [1.5, 0, 1, 0.5], "texture": "#0"}
			}
		},
		{
			"from": [13, 13.85, 6.8],
			"to": [14, 14.85, 9.2],
			"rotation": {"angle": 22.5, "axis": "y", "origin": [8, 12.45, 8]},
			"faces": {
				"north": {"uv": [0.5, 0.5, 0.75, 0.75], "texture": "#0"},
				"east": {"uv": [0, 0.5, 0.5, 0.75], "texture": "#0"},
				"south": {"uv": [1.25, 0.5, 1.5, 0.75], "texture": "#0"},
				"west": {"uv": [0.75, 0.5, 1.25, 0.75], "texture": "#0"},
				"up": {"uv": [0.75, 0.5, 0.5, 0], "texture": "#0"},
				"down": {"uv": [1, 0, 0.75, 0.5], "texture": "#0"}
			}
		},
		{
			"from": [7, 11.85, 6.8],
			"to": [9, 12.85, 9.2],
			"rotation": {"angle": 22.5, "axis": "y", "origin": [8, 12.45, 8]},
			"faces": {
				"north": {"uv": [0.5, 0.5, 1, 0.75], "texture": "#0"},
				"east": {"uv": [0, 0.5, 0.5, 0.75], "texture": "#0"},
				"south": {"uv": [1.5, 0.5, 2, 0.75], "texture": "#0"},
				"west": {"uv": [1, 0.5, 1.5, 0.75], "texture": "#0"},
				"up": {"uv": [1, 0.5, 0.5, 0], "texture": "#0"},
				"down": {"uv": [1.5, 0, 1, 0.5], "texture": "#0"}
			}
		},
		{
			"from": [9, 12.35, 6.8],
			"to": [11, 13.35, 9.2],
			"rotation": {"angle": 22.5, "axis": "y", "origin": [8, 12.45, 8]},
			"faces": {
				"north": {"uv": [0.5, 0.5, 1, 0.75], "texture": "#0"},
				"east": {"uv": [0, 0.5, 0.5, 0.75], "texture": "#0"},
				"south": {"uv": [1.5, 0.5, 2, 0.75], "texture": "#0"},
				"west": {"uv": [1, 0.5, 1.5, 0.75], "texture": "#0"},
				"up": {"uv": [1, 0.5, 0.5, 0], "texture": "#0"},
				"down": {"uv": [1.5, 0, 1, 0.5], "texture": "#0"}
			}
		},
		{
			"from": [11, 13.05, 6.8],
			"to": [13, 14.05, 9.2],
			"rotation": {"angle": 22.5, "axis": "y", "origin": [8, 12.45, 8]},
			"faces": {
				"north": {"uv": [0.5, 0.5, 1, 0.75], "texture": "#0"},
				"east": {"uv": [0, 0.5, 0.5, 0.75], "texture": "#0"},
				"south": {"uv": [1.5, 0.5, 2, 0.75], "texture": "#0"},
				"west": {"uv": [1, 0.5, 1.5, 0.75], "texture": "#0"},
				"up": {"uv": [1, 0.5, 0.5, 0], "texture": "#0"},
				"down": {"uv": [1.5, 0, 1, 0.5], "texture": "#0"}
			}
		},
		{
			"from": [13, 13.85, 6.8],
			"to": [14, 14.85, 9.2],
			"rotation": {"angle": 22.5, "axis": "y", "origin": [8, 12.45, 8]},
			"faces": {
				"north": {"uv": [0.5, 0.5, 0.75, 0.75], "texture": "#0"},
				"east": {"uv": [0, 0.5, 0.5, 0.75], "texture": "#0"},
				"south": {"uv": [1.25, 0.5, 1.5, 0.75], "texture": "#0"},
				"west": {"uv": [0.75, 0.5, 1.25, 0.75], "texture": "#0"},
				"up": {"uv": [0.75, 0.5, 0.5, 0], "texture": "#0"},
				"down": {"uv": [1, 0, 0.75, 0.5], "texture": "#0"}
			}
		},
		{
			"from": [6.8, 11.85, 7],
			"to": [9.2, 12.85, 9],
			"rotation": {"angle": -22.5, "axis": "y", "origin": [8, 12.45, 8]},
			"faces": {
				"north": {"uv": [0.5, 0.5, 1, 0.75], "texture": "#0"},
				"east": {"uv": [0, 0.5, 0.5, 0.75], "texture": "#0"},
				"south": {"uv": [1.5, 0.5, 2, 0.75], "texture": "#0"},
				"west": {"uv": [1, 0.5, 1.5, 0.75], "texture": "#0"},
				"up": {"uv": [1, 0.5, 0.5, 0], "texture": "#0"},
				"down": {"uv": [1.5, 0, 1, 0.5], "texture": "#0"}
			}
		},
		{
			"from": [6.8, 12.35, 5],
			"to": [9.2, 13.35, 7],
			"rotation": {"angle": -22.5, "axis": "y", "origin": [8, 12.45, 8]},
			"faces": {
				"north": {"uv": [0.5, 0.5, 1, 0.75], "texture": "#0"},
				"east": {"uv": [0, 0.5, 0.5, 0.75], "texture": "#0"},
				"south": {"uv": [1.5, 0.5, 2, 0.75], "texture": "#0"},
				"west": {"uv": [1, 0.5, 1.5, 0.75], "texture": "#0"},
				"up": {"uv": [1, 0.5, 0.5, 0], "texture": "#0"},
				"down": {"uv": [1.5, 0, 1, 0.5], "texture": "#0"}
			}
		},
		{
			"from": [6.8, 13.05, 3],
			"to": [9.2, 14.05, 5],
			"rotation": {"angle": -22.5, "axis": "y", "origin": [8, 12.45, 8]},
			"faces": {
				"north": {"uv": [0.5, 0.5, 1, 0.75], "texture": "#0"},
				"east": {"uv": [0, 0.5, 0.5, 0.75], "texture": "#0"},
				"south": {"uv": [1.5, 0.5, 2, 0.75], "texture": "#0"},
				"west": {"uv": [1, 0.5, 1.5, 0.75], "texture": "#0"},
				"up": {"uv": [1, 0.5, 0.5, 0], "texture": "#0"},
				"down": {"uv": [1.5, 0, 1, 0.5], "texture": "#0"}
			}
		},
		{
			"from": [6.8, 13.85, 2],
			"to": [9.2, 14.85, 3],
			"rotation": {"angle": -22.5, "axis": "y", "origin": [8, 12.45, 8]},
			"faces": {
				"north": {"uv": [0.25, 0.25, 0.75, 0.5], "texture": "#0"},
				"east": {"uv": [0, 0.25, 0.25, 0.5], "texture": "#0"},
				"south": {"uv": [1, 0.25, 1.5, 0.5], "texture": "#0"},
				"west": {"uv": [0.75, 0.25, 1, 0.5], "texture": "#0"},
				"up": {"uv": [0.75, 0.25, 0.25, 0], "texture": "#0"},
				"down": {"uv": [1.25, 0, 0.75, 0.25], "texture": "#0"}
			}
		},
		{
			"from": [6.8, 11.85, 7],
			"to": [9.2, 12.85, 9],
			"rotation": {"angle": -22.5, "axis": "y", "origin": [8, 12.45, 8]},
			"faces": {
				"north": {"uv": [0.5, 0.5, 1, 0.75], "texture": "#0"},
				"east": {"uv": [0, 0.5, 0.5, 0.75], "texture": "#0"},
				"south": {"uv": [1.5, 0.5, 2, 0.75], "texture": "#0"},
				"west": {"uv": [1, 0.5, 1.5, 0.75], "texture": "#0"},
				"up": {"uv": [1, 0.5, 0.5, 0], "texture": "#0"},
				"down": {"uv": [1.5, 0, 1, 0.5], "texture": "#0"}
			}
		},
		{
			"from": [6.8, 12.35, 5],
			"to": [9.2, 13.35, 7],
			"rotation": {"angle": -22.5, "axis": "y", "origin": [8, 12.45, 8]},
			"faces": {
				"north": {"uv": [0.5, 0.5, 1, 0.75], "texture": "#0"},
				"east": {"uv": [0, 0.5, 0.5, 0.75], "texture": "#0"},
				"south": {"uv": [1.5, 0.5, 2, 0.75], "texture": "#0"},
				"west": {"uv": [1, 0.5, 1.5, 0.75], "texture": "#0"},
				"up": {"uv": [1, 0.5, 0.5, 0], "texture": "#0"},
				"down": {"uv": [1.5, 0, 1, 0.5], "texture": "#0"}
			}
		},
		{
			"from": [6.8, 13.05, 3],
			"to": [9.2, 14.05, 5],
			"rotation": {"angle": -22.5, "axis": "y", "origin": [8, 12.45, 8]},
			"faces": {
				"north": {"uv": [0.5, 0.5, 1, 0.75], "texture": "#0"},
				"east": {"uv": [0, 0.5, 0.5, 0.75], "texture": "#0"},
				"south": {"uv": [1.5, 0.5, 2, 0.75], "texture": "#0"},
				"west": {"uv": [1, 0.5, 1.5, 0.75], "texture": "#0"},
				"up": {"uv": [1, 0.5, 0.5, 0], "texture": "#0"},
				"down": {"uv": [1.5, 0, 1, 0.5], "texture": "#0"}
			}
		},
		{
			"from": [6.8, 13.85, 2],
			"to": [9.2, 14.85, 3],
			"rotation": {"angle": -22.5, "axis": "y", "origin": [8, 12.45, 8]},
			"faces": {
				"north": {"uv": [0.25, 0.25, 0.75, 0.5], "texture": "#0"},
				"east": {"uv": [0, 0.25, 0.25, 0.5], "texture": "#0"},
				"south": {"uv": [1, 0.25, 1.5, 0.5], "texture": "#0"},
				"west": {"uv": [0.75, 0.25, 1, 0.5], "texture": "#0"},
				"up": {"uv": [0.75, 0.25, 0.25, 0], "texture": "#0"},
				"down": {"uv": [1.25, 0, 0.75, 0.25], "texture": "#0"}
			}
		},
		{
			"from": [6.8, 11.85, 7],
			"to": [9.2, 12.85, 9],
			"rotation": {"angle": 22.5, "axis": "y", "origin": [8, 12.45, 8]},
			"faces": {
				"north": {"uv": [0.5, 0.5, 1, 0.75], "texture": "#0"},
				"east": {"uv": [0, 0.5, 0.5, 0.75], "texture": "#0"},
				"south": {"uv": [1.5, 0.5, 2, 0.75], "texture": "#0"},
				"west": {"uv": [1, 0.5, 1.5, 0.75], "texture": "#0"},
				"up": {"uv": [1, 0.5, 0.5, 0], "texture": "#0"},
				"down": {"uv": [1.5, 0, 1, 0.5], "texture": "#0"}
			}
		},
		{
			"from": [6.8, 12.35, 5],
			"to": [9.2, 13.35, 7],
			"rotation": {"angle": 22.5, "axis": "y", "origin": [8, 12.45, 8]},
			"faces": {
				"north": {"uv": [0.5, 0.5, 1, 0.75], "texture": "#0"},
				"east": {"uv": [0, 0.5, 0.5, 0.75], "texture": "#0"},
				"south": {"uv": [1.5, 0.5, 2, 0.75], "texture": "#0"},
				"west": {"uv": [1, 0.5, 1.5, 0.75], "texture": "#0"},
				"up": {"uv": [1, 0.5, 0.5, 0], "texture": "#0"},
				"down": {"uv": [1.5, 0, 1, 0.5], "texture": "#0"}
			}
		},
		{
			"from": [6.8, 13.05, 3],
			"to": [9.2, 14.05, 5],
			"rotation": {"angle": 22.5, "axis": "y", "origin": [8, 12.45, 8]},
			"faces": {
				"north": {"uv": [0.5, 0.5, 1, 0.75], "texture": "#0"},
				"east": {"uv": [0, 0.5, 0.5, 0.75], "texture": "#0"},
				"south": {"uv": [1.5, 0.5, 2, 0.75], "texture": "#0"},
				"west": {"uv": [1, 0.5, 1.5, 0.75], "texture": "#0"},
				"up": {"uv": [1, 0.5, 0.5, 0], "texture": "#0"},
				"down": {"uv": [1.5, 0, 1, 0.5], "texture": "#0"}
			}
		},
		{
			"from": [6.8, 13.85, 2],
			"to": [9.2, 14.85, 3],
			"rotation": {"angle": 22.5, "axis": "y", "origin": [8, 12.45, 8]},
			"faces": {
				"north": {"uv": [0.25, 0.25, 0.75, 0.5], "texture": "#0"},
				"east": {"uv": [0, 0.25, 0.25, 0.5], "texture": "#0"},
				"south": {"uv": [1, 0.25, 1.5, 0.5], "texture": "#0"},
				"west": {"uv": [0.75, 0.25, 1, 0.5], "texture": "#0"},
				"up": {"uv": [0.75, 0.25, 0.25, 0], "texture": "#0"},
				"down": {"uv": [1.25, 0, 0.75, 0.25], "texture": "#0"}
			}
		},
		{
			"from": [6.8, 11.85, 7],
			"to": [9.2, 12.85, 9],
			"rotation": {"angle": 22.5, "axis": "y", "origin": [8, 12.45, 8]},
			"faces": {
				"north": {"uv": [0.5, 0.5, 1, 0.75], "texture": "#0"},
				"east": {"uv": [0, 0.5, 0.5, 0.75], "texture": "#0"},
				"south": {"uv": [1.5, 0.5, 2, 0.75], "texture": "#0"},
				"west": {"uv": [1, 0.5, 1.5, 0.75], "texture": "#0"},
				"up": {"uv": [1, 0.5, 0.5, 0], "texture": "#0"},
				"down": {"uv": [1.5, 0, 1, 0.5], "texture": "#0"}
			}
		},
		{
			"from": [6.8, 12.35, 5],
			"to": [9.2, 13.35, 7],
			"rotation": {"angle": 22.5, "axis": "y", "origin": [8, 12.45, 8]},
			"faces": {
				"north": {"uv": [0.5, 0.5, 1, 0.75], "texture": "#0"},
				"east": {"uv": [0, 0.5, 0.5, 0.75], "texture": "#0"},
				"south": {"uv": [1.5, 0.5, 2, 0.75], "texture": "#0"},
				"west": {"uv": [1, 0.5, 1.5, 0.75], "texture": "#0"},
				"up": {"uv": [1, 0.5, 0.5, 0], "texture": "#0"},
				"down": {"uv": [1.5, 0, 1, 0.5], "texture": "#0"}
			}
		},
		{
			"from": [6.8, 13.05, 3],
			"to": [9.2, 14.05, 5],
			"rotation": {"angle": 22.5, "axis": "y", "origin": [8, 12.45, 8]},
			"faces": {
				"north": {"uv": [0.5, 0.5, 1, 0.75], "texture": "#0"},
				"east": {"uv": [0, 0.5, 0.5, 0.75], "texture": "#0"},
				"south": {"uv": [1.5, 0.5, 2, 0.75], "texture": "#0"},
				"west": {"uv": [1, 0.5, 1.5, 0.75], "texture": "#0"},
				"up": {"uv": [1, 0.5, 0.5, 0], "texture": "#0"},
				"down": {"uv": [1.5, 0, 1, 0.5], "texture": "#0"}
			}
		},
		{
			"from": [6.8, 13.85, 2],
			"to": [9.2, 14.85, 3],
			"rotation": {"angle": 22.5, "axis": "y", "origin": [8, 12.45, 8]},
			"faces": {
				"north": {"uv": [0.25, 0.25, 0.75, 0.5], "texture": "#0"},
				"east": {"uv": [0, 0.25, 0.25, 0.5], "texture": "#0"},
				"south": {"uv": [1, 0.25, 1.5, 0.5], "texture": "#0"},
				"west": {"uv": [0.75, 0.25, 1, 0.5], "texture": "#0"},
				"up": {"uv": [0.75, 0.25, 0.25, 0], "texture": "#0"},
				"down": {"uv": [1.25, 0, 0.75, 0.25], "texture": "#0"}
			}
		},
		{
			"from": [7, 11.85, 6.8],
			"to": [9, 12.85, 9.2],
			"rotation": {"angle": -22.5, "axis": "y", "origin": [8, 12.45, 8]},
			"faces": {
				"north": {"uv": [0.5, 0.5, 1, 0.75], "texture": "#0"},
				"east": {"uv": [0, 0.5, 0.5, 0.75], "texture": "#0"},
				"south": {"uv": [1.5, 0.5, 2, 0.75], "texture": "#0"},
				"west": {"uv": [1, 0.5, 1.5, 0.75], "texture": "#0"},
				"up": {"uv": [1, 0.5, 0.5, 0], "texture": "#0"},
				"down": {"uv": [1.5, 0, 1, 0.5], "texture": "#0"}
			}
		},
		{
			"from": [5, 12.35, 6.8],
			"to": [7, 13.35, 9.2],
			"rotation": {"angle": -22.5, "axis": "y", "origin": [8, 12.45, 8]},
			"faces": {
				"north": {"uv": [0.5, 0.5, 1, 0.75], "texture": "#0"},
				"east": {"uv": [0, 0.5, 0.5, 0.75], "texture": "#0"},
				"south": {"uv": [1.5, 0.5, 2, 0.75], "texture": "#0"},
				"west": {"uv": [1, 0.5, 1.5, 0.75], "texture": "#0"},
				"up": {"uv": [1, 0.5, 0.5, 0], "texture": "#0"},
				"down": {"uv": [1.5, 0, 1, 0.5], "texture": "#0"}
			}
		},
		{
			"from": [3, 13.05, 6.8],
			"to": [5, 14.05, 9.2],
			"rotation": {"angle": -22.5, "axis": "y", "origin": [8, 12.45, 8]},
			"faces": {
				"north": {"uv": [0.5, 0.5, 1, 0.75], "texture": "#0"},
				"east": {"uv": [0, 0.5, 0.5, 0.75], "texture": "#0"},
				"south": {"uv": [1.5, 0.5, 2, 0.75], "texture": "#0"},
				"west": {"uv": [1, 0.5, 1.5, 0.75], "texture": "#0"},
				"up": {"uv": [1, 0.5, 0.5, 0], "texture": "#0"},
				"down": {"uv": [1.5, 0, 1, 0.5], "texture": "#0"}
			}
		},
		{
			"from": [2, 13.85, 6.8],
			"to": [3, 14.85, 9.2],
			"rotation": {"angle": -22.5, "axis": "y", "origin": [8, 12.45, 8]},
			"faces": {
				"north": {"uv": [0.5, 0.5, 0.75, 0.75], "texture": "#0"},
				"east": {"uv": [0, 0.5, 0.5, 0.75], "texture": "#0"},
				"south": {"uv": [1.25, 0.5, 1.5, 0.75], "texture": "#0"},
				"west": {"uv": [0.75, 0.5, 1.25, 0.75], "texture": "#0"},
				"up": {"uv": [0.75, 0.5, 0.5, 0], "texture": "#0"},
				"down": {"uv": [1, 0, 0.75, 0.5], "texture": "#0"}
			}
		},
		{
			"from": [7, 11.85, 6.8],
			"to": [9, 12.85, 9.2],
			"rotation": {"angle": -22.5, "axis": "y", "origin": [8, 12.45, 8]},
			"faces": {
				"north": {"uv": [0.5, 0.5, 1, 0.75], "texture": "#0"},
				"east": {"uv": [0, 0.5, 0.5, 0.75], "texture": "#0"},
				"south": {"uv": [1.5, 0.5, 2, 0.75], "texture": "#0"},
				"west": {"uv": [1, 0.5, 1.5, 0.75], "texture": "#0"},
				"up": {"uv": [1, 0.5, 0.5, 0], "texture": "#0"},
				"down": {"uv": [1.5, 0, 1, 0.5], "texture": "#0"}
			}
		},
		{
			"from": [5, 12.35, 6.8],
			"to": [7, 13.35, 9.2],
			"rotation": {"angle": -22.5, "axis": "y", "origin": [8, 12.45, 8]},
			"faces": {
				"north": {"uv": [0.5, 0.5, 1, 0.75], "texture": "#0"},
				"east": {"uv": [0, 0.5, 0.5, 0.75], "texture": "#0"},
				"south": {"uv": [1.5, 0.5, 2, 0.75], "texture": "#0"},
				"west": {"uv": [1, 0.5, 1.5, 0.75], "texture": "#0"},
				"up": {"uv": [1, 0.5, 0.5, 0], "texture": "#0"},
				"down": {"uv": [1.5, 0, 1, 0.5], "texture": "#0"}
			}
		},
		{
			"from": [3, 13.05, 6.8],
			"to": [5, 14.05, 9.2],
			"rotation": {"angle": -22.5, "axis": "y", "origin": [8, 12.45, 8]},
			"faces": {
				"north": {"uv": [0.5, 0.5, 1, 0.75], "texture": "#0"},
				"east": {"uv": [0, 0.5, 0.5, 0.75], "texture": "#0"},
				"south": {"uv": [1.5, 0.5, 2, 0.75], "texture": "#0"},
				"west": {"uv": [1, 0.5, 1.5, 0.75], "texture": "#0"},
				"up": {"uv": [1, 0.5, 0.5, 0], "texture": "#0"},
				"down": {"uv": [1.5, 0, 1, 0.5], "texture": "#0"}
			}
		},
		{
			"from": [2, 13.85, 6.8],
			"to": [3, 14.85, 9.2],
			"rotation": {"angle": -22.5, "axis": "y", "origin": [8, 12.45, 8]},
			"faces": {
				"north": {"uv": [0.5, 0.5, 0.75, 0.75], "texture": "#0"},
				"east": {"uv": [0, 0.5, 0.5, 0.75], "texture": "#0"},
				"south": {"uv": [1.25, 0.5, 1.5, 0.75], "texture": "#0"},
				"west": {"uv": [0.75, 0.5, 1.25, 0.75], "texture": "#0"},
				"up": {"uv": [0.75, 0.5, 0.5, 0], "texture": "#0"},
				"down": {"uv": [1, 0, 0.75, 0.5], "texture": "#0"}
			}
		},
		{
			"from": [7, 11.85, 6.8],
			"to": [9, 12.85, 9.2],
			"rotation": {"angle": 22.5, "axis": "y", "origin": [8, 12.45, 8]},
			"faces": {
				"north": {"uv": [0.5, 0.5, 1, 0.75], "texture": "#0"},
				"east": {"uv": [0, 0.5, 0.5, 0.75], "texture": "#0"},
				"south": {"uv": [1.5, 0.5, 2, 0.75], "texture": "#0"},
				"west": {"uv": [1, 0.5, 1.5, 0.75], "texture": "#0"},
				"up": {"uv": [1, 0.5, 0.5, 0], "texture": "#0"},
				"down": {"uv": [1.5, 0, 1, 0.5], "texture": "#0"}
			}
		},
		{
			"from": [5, 12.35, 6.8],
			"to": [7, 13.35, 9.2],
			"rotation": {"angle": 22.5, "axis": "y", "origin": [8, 12.45, 8]},
			"faces": {
				"north": {"uv": [0.5, 0.5, 1, 0.75], "texture": "#0"},
				"east": {"uv": [0, 0.5, 0.5, 0.75], "texture": "#0"},
				"south": {"uv": [1.5, 0.5, 2, 0.75], "texture": "#0"},
				"west": {"uv": [1, 0.5, 1.5, 0.75], "texture": "#0"},
				"up": {"uv": [1, 0.5, 0.5, 0], "texture": "#0"},
				"down": {"uv": [1.5, 0, 1, 0.5], "texture": "#0"}
			}
		},
		{
			"from": [3, 13.05, 6.8],
			"to": [5, 14.05, 9.2],
			"rotation": {"angle": 22.5, "axis": "y", "origin": [8, 12.45, 8]},
			"faces": {
				"north": {"uv": [0.5, 0.5, 1, 0.75], "texture": "#0"},
				"east": {"uv": [0, 0.5, 0.5, 0.75], "texture": "#0"},
				"south": {"uv": [1.5, 0.5, 2, 0.75], "texture": "#0"},
				"west": {"uv": [1, 0.5, 1.5, 0.75], "texture": "#0"},
				"up": {"uv": [1, 0.5, 0.5, 0], "texture": "#0"},
				"down": {"uv": [1.5, 0, 1, 0.5], "texture": "#0"}
			}
		},
		{
			"from": [2, 13.85, 6.8],
			"to": [3, 14.85, 9.2],
			"rotation": {"angle": 22.5, "axis": "y", "origin": [8, 12.45, 8]},
			"faces": {
				"north": {"uv": [0.5, 0.5, 0.75, 0.75], "texture": "#0"},
				"east": {"uv": [0, 0.5, 0.5, 0.75], "texture": "#0"},
				"south": {"uv": [1.25, 0.5, 1.5, 0.75], "texture": "#0"},
				"west": {"uv": [0.75, 0.5, 1.25, 0.75], "texture": "#0"},
				"up": {"uv": [0.75, 0.5, 0.5, 0], "texture": "#0"},
				"down": {"uv": [1, 0, 0.75, 0.5], "texture": "#0"}
			}
		},
		{
			"from": [7, 11.85, 6.8],
			"to": [9, 12.85, 9.2],
			"rotation": {"angle": 22.5, "axis": "y", "origin": [8, 12.45, 8]},
			"faces": {
				"north": {"uv": [0.5, 0.5, 1, 0.75], "texture": "#0"},
				"east": {"uv": [0, 0.5, 0.5, 0.75], "texture": "#0"},
				"south": {"uv": [1.5, 0.5, 2, 0.75], "texture": "#0"},
				"west": {"uv": [1, 0.5, 1.5, 0.75], "texture": "#0"},
				"up": {"uv": [1, 0.5, 0.5, 0], "texture": "#0"},
				"down": {"uv": [1.5, 0, 1, 0.5], "texture": "#0"}
			}
		},
		{
			"from": [5, 12.35, 6.8],
			"to": [7, 13.35, 9.2],
			"rotation": {"angle": 22.5, "axis": "y", "origin": [8, 12.45, 8]},
			"faces": {
				"north": {"uv": [0.5, 0.5, 1, 0.75], "texture": "#0"},
				"east": {"uv": [0, 0.5, 0.5, 0.75], "texture": "#0"},
				"south": {"uv": [1.5, 0.5, 2, 0.75], "texture": "#0"},
				"west": {"uv": [1, 0.5, 1.5, 0.75], "texture": "#0"},
				"up": {"uv": [1, 0.5, 0.5, 0], "texture": "#0"},
				"down": {"uv": [1.5, 0, 1, 0.5], "texture": "#0"}
			}
		},
		{
			"from": [3, 13.05, 6.8],
			"to": [5, 14.05, 9.2],
			"rotation": {"angle": 22.5, "axis": "y", "origin": [8, 12.45, 8]},
			"faces": {
				"north": {"uv": [0.5, 0.5, 1, 0.75], "texture": "#0"},
				"east": {"uv": [0, 0.5, 0.5, 0.75], "texture": "#0"},
				"south": {"uv": [1.5, 0.5, 2, 0.75], "texture": "#0"},
				"west": {"uv": [1, 0.5, 1.5, 0.75], "texture": "#0"},
				"up": {"uv": [1, 0.5, 0.5, 0], "texture": "#0"},
				"down": {"uv": [1.5, 0, 1, 0.5], "texture": "#0"}
			}
		},
		{
			"from": [2, 13.85, 6.8],
			"to": [3, 14.85, 9.2],
			"rotation": {"angle": 22.5, "axis": "y", "origin": [8, 12.45, 8]},
			"faces": {
				"north": {"uv": [0.5, 0.5, 0.75, 0.75], "texture": "#0"},
				"east": {"uv": [0, 0.5, 0.5, 0.75], "texture": "#0"},
				"south": {"uv": [1.25, 0.5, 1.5, 0.75], "texture": "#0"},
				"west": {"uv": [0.75, 0.5, 1.25, 0.75], "texture": "#0"},
				"up": {"uv": [0.75, 0.5, 0.5, 0], "texture": "#0"},
				"down": {"uv": [1, 0, 0.75, 0.5], "texture": "#0"}
			}
		},
		{
			"from": [6.8, 11.85, 7],
			"to": [9.2, 12.85, 9],
			"rotation": {"angle": -22.5, "axis": "y", "origin": [8, 12.45, 8]},
			"faces": {
				"north": {"uv": [0.5, 0.5, 1, 0.75], "texture": "#0"},
				"east": {"uv": [0, 0.5, 0.5, 0.75], "texture": "#0"},
				"south": {"uv": [1.5, 0.5, 2, 0.75], "texture": "#0"},
				"west": {"uv": [1, 0.5, 1.5, 0.75], "texture": "#0"},
				"up": {"uv": [1, 0.5, 0.5, 0], "texture": "#0"},
				"down": {"uv": [1.5, 0, 1, 0.5], "texture": "#0"}
			}
		},
		{
			"from": [6.8, 12.35, 9],
			"to": [9.2, 13.35, 11],
			"rotation": {"angle": -22.5, "axis": "y", "origin": [8, 12.45, 8]},
			"faces": {
				"north": {"uv": [0.5, 0.5, 1, 0.75], "texture": "#0"},
				"east": {"uv": [0, 0.5, 0.5, 0.75], "texture": "#0"},
				"south": {"uv": [1.5, 0.5, 2, 0.75], "texture": "#0"},
				"west": {"uv": [1, 0.5, 1.5, 0.75], "texture": "#0"},
				"up": {"uv": [1, 0.5, 0.5, 0], "texture": "#0"},
				"down": {"uv": [1.5, 0, 1, 0.5], "texture": "#0"}
			}
		},
		{
			"from": [6.8, 13.05, 11],
			"to": [9.2, 14.05, 13],
			"rotation": {"angle": -22.5, "axis": "y", "origin": [8, 12.45, 8]},
			"faces": {
				"north": {"uv": [0.5, 0.5, 1, 0.75], "texture": "#0"},
				"east": {"uv": [0, 0.5, 0.5, 0.75], "texture": "#0"},
				"south": {"uv": [1.5, 0.5, 2, 0.75], "texture": "#0"},
				"west": {"uv": [1, 0.5, 1.5, 0.75], "texture": "#0"},
				"up": {"uv": [1, 0.5, 0.5, 0], "texture": "#0"},
				"down": {"uv": [1.5, 0, 1, 0.5], "texture": "#0"}
			}
		},
		{
			"from": [6.8, 13.85, 13],
			"to": [9.2, 14.85, 14],
			"rotation": {"angle": -22.5, "axis": "y", "origin": [8, 12.45, 8]},
			"faces": {
				"north": {"uv": [0.25, 0.25, 0.75, 0.5], "texture": "#0"},
				"east": {"uv": [0, 0.25, 0.25, 0.5], "texture": "#0"},
				"south": {"uv": [1, 0.25, 1.5, 0.5], "texture": "#0"},
				"west": {"uv": [0.75, 0.25, 1, 0.5], "texture": "#0"},
				"up": {"uv": [0.75, 0.25, 0.25, 0], "texture": "#0"},
				"down": {"uv": [1.25, 0, 0.75, 0.25], "texture": "#0"}
			}
		},
		{
			"from": [6.8, 11.85, 7],
			"to": [9.2, 12.85, 9],
			"rotation": {"angle": -22.5, "axis": "y", "origin": [8, 12.45, 8]},
			"faces": {
				"north": {"uv": [0.5, 0.5, 1, 0.75], "texture": "#0"},
				"east": {"uv": [0, 0.5, 0.5, 0.75], "texture": "#0"},
				"south": {"uv": [1.5, 0.5, 2, 0.75], "texture": "#0"},
				"west": {"uv": [1, 0.5, 1.5, 0.75], "texture": "#0"},
				"up": {"uv": [1, 0.5, 0.5, 0], "texture": "#0"},
				"down": {"uv": [1.5, 0, 1, 0.5], "texture": "#0"}
			}
		},
		{
			"from": [6.8, 12.35, 9],
			"to": [9.2, 13.35, 11],
			"rotation": {"angle": -22.5, "axis": "y", "origin": [8, 12.45, 8]},
			"faces": {
				"north": {"uv": [0.5, 0.5, 1, 0.75], "texture": "#0"},
				"east": {"uv": [0, 0.5, 0.5, 0.75], "texture": "#0"},
				"south": {"uv": [1.5, 0.5, 2, 0.75], "texture": "#0"},
				"west": {"uv": [1, 0.5, 1.5, 0.75], "texture": "#0"},
				"up": {"uv": [1, 0.5, 0.5, 0], "texture": "#0"},
				"down": {"uv": [1.5, 0, 1, 0.5], "texture": "#0"}
			}
		},
		{
			"from": [6.8, 13.05, 11],
			"to": [9.2, 14.05, 13],
			"rotation": {"angle": -22.5, "axis": "y", "origin": [8, 12.45, 8]},
			"faces": {
				"north": {"uv": [0.5, 0.5, 1, 0.75], "texture": "#0"},
				"east": {"uv": [0, 0.5, 0.5, 0.75], "texture": "#0"},
				"south": {"uv": [1.5, 0.5, 2, 0.75], "texture": "#0"},
				"west": {"uv": [1, 0.5, 1.5, 0.75], "texture": "#0"},
				"up": {"uv": [1, 0.5, 0.5, 0], "texture": "#0"},
				"down": {"uv": [1.5, 0, 1, 0.5], "texture": "#0"}
			}
		},
		{
			"from": [6.8, 13.85, 13],
			"to": [9.2, 14.85, 14],
			"rotation": {"angle": -22.5, "axis": "y", "origin": [8, 12.45, 8]},
			"faces": {
				"north": {"uv": [0.25, 0.25, 0.75, 0.5], "texture": "#0"},
				"east": {"uv": [0, 0.25, 0.25, 0.5], "texture": "#0"},
				"south": {"uv": [1, 0.25, 1.5, 0.5], "texture": "#0"},
				"west": {"uv": [0.75, 0.25, 1, 0.5], "texture": "#0"},
				"up": {"uv": [0.75, 0.25, 0.25, 0], "texture": "#0"},
				"down": {"uv": [1.25, 0, 0.75, 0.25], "texture": "#0"}
			}
		},
		{
			"from": [6.8, 11.85, 7],
			"to": [9.2, 12.85, 9],
			"rotation": {"angle": 22.5, "axis": "y", "origin": [8, 12.45, 8]},
			"faces": {
				"north": {"uv": [0.5, 0.5, 1, 0.75], "texture": "#0"},
				"east": {"uv": [0, 0.5, 0.5, 0.75], "texture": "#0"},
				"south": {"uv": [1.5, 0.5, 2, 0.75], "texture": "#0"},
				"west": {"uv": [1, 0.5, 1.5, 0.75], "texture": "#0"},
				"up": {"uv": [1, 0.5, 0.5, 0], "texture": "#0"},
				"down": {"uv": [1.5, 0, 1, 0.5], "texture": "#0"}
			}
		},
		{
			"from": [6.8, 12.35, 9],
			"to": [9.2, 13.35, 11],
			"rotation": {"angle": 22.5, "axis": "y", "origin": [8, 12.45, 8]},
			"faces": {
				"north": {"uv": [0.5, 0.5, 1, 0.75], "texture": "#0"},
				"east": {"uv": [0, 0.5, 0.5, 0.75], "texture": "#0"},
				"south": {"uv": [1.5, 0.5, 2, 0.75], "texture": "#0"},
				"west": {"uv": [1, 0.5, 1.5, 0.75], "texture": "#0"},
				"up": {"uv": [1, 0.5, 0.5, 0], "texture": "#0"},
				"down": {"uv": [1.5, 0, 1, 0.5], "texture": "#0"}
			}
		},
		{
			"from": [6.8, 13.05, 11],
			"to": [9.2, 14.05, 13],
			"rotation": {"angle": 22.5, "axis": "y", "origin": [8, 12.45, 8]},
			"faces": {
				"north": {"uv": [0.5, 0.5, 1, 0.75], "texture": "#0"},
				"east": {"uv": [0, 0.5, 0.5, 0.75], "texture": "#0"},
				"south": {"uv": [1.5, 0.5, 2, 0.75], "texture": "#0"},
				"west": {"uv": [1, 0.5, 1.5, 0.75], "texture": "#0"},
				"up": {"uv": [1, 0.5, 0.5, 0], "texture": "#0"},
				"down": {"uv": [1.5, 0, 1, 0.5], "texture": "#0"}
			}
		},
		{
			"from": [6.8, 13.85, 13],
			"to": [9.2, 14.85, 14],
			"rotation": {"angle": 22.5, "axis": "y", "origin": [8, 12.45, 8]},
			"faces": {
				"north": {"uv": [0.25, 0.25, 0.75, 0.5], "texture": "#0"},
				"east": {"uv": [0, 0.25, 0.25, 0.5], "texture": "#0"},
				"south": {"uv": [1, 0.25, 1.5, 0.5], "texture": "#0"},
				"west": {"uv": [0.75, 0.25, 1, 0.5], "texture": "#0"},
				"up": {"uv": [0.75, 0.25, 0.25, 0], "texture": "#0"},
				"down": {"uv": [1.25, 0, 0.75, 0.25], "texture": "#0"}
			}
		},
		{
			"from": [6.8, 11.85, 7],
			"to": [9.2, 12.85, 9],
			"rotation": {"angle": 22.5, "axis": "y", "origin": [8, 12.45, 8]},
			"faces": {
				"north": {"uv": [0.5, 0.5, 1, 0.75], "texture": "#0"},
				"east": {"uv": [0, 0.5, 0.5, 0.75], "texture": "#0"},
				"south": {"uv": [1.5, 0.5, 2, 0.75], "texture": "#0"},
				"west": {"uv": [1, 0.5, 1.5, 0.75], "texture": "#0"},
				"up": {"uv": [1, 0.5, 0.5, 0], "texture": "#0"},
				"down": {"uv": [1.5, 0, 1, 0.5], "texture": "#0"}
			}
		},
		{
			"from": [6.8, 12.35, 9],
			"to": [9.2, 13.35, 11],
			"rotation": {"angle": 22.5, "axis": "y", "origin": [8, 12.45, 8]},
			"faces": {
				"north": {"uv": [0.5, 0.5, 1, 0.75], "texture": "#0"},
				"east": {"uv": [0, 0.5, 0.5, 0.75], "texture": "#0"},
				"south": {"uv": [1.5, 0.5, 2, 0.75], "texture": "#0"},
				"west": {"uv": [1, 0.5, 1.5, 0.75], "texture": "#0"},
				"up": {"uv": [1, 0.5, 0.5, 0], "texture": "#0"},
				"down": {"uv": [1.5, 0, 1, 0.5], "texture": "#0"}
			}
		},
		{
			"from": [6.8, 13.05, 11],
			"to": [9.2, 14.05, 13],
			"rotation": {"angle": 22.5, "axis": "y", "origin": [8, 12.45, 8]},
			"faces": {
				"north": {"uv": [0.5, 0.5, 1, 0.75], "texture": "#0"},
				"east": {"uv": [0, 0.5, 0.5, 0.75], "texture": "#0"},
				"south": {"uv": [1.5, 0.5, 2, 0.75], "texture": "#0"},
				"west": {"uv": [1, 0.5, 1.5, 0.75], "texture": "#0"},
				"up": {"uv": [1, 0.5, 0.5, 0], "texture": "#0"},
				"down": {"uv": [1.5, 0, 1, 0.5], "texture": "#0"}
			}
		},
		{
			"from": [6.8, 13.85, 13],
			"to": [9.2, 14.85, 14],
			"rotation": {"angle": 22.5, "axis": "y", "origin": [8, 12.45, 8]},
			"faces": {
				"north": {"uv": [0.25, 0.25, 0.75, 0.5], "texture": "#0"},
				"east": {"uv": [0, 0.25, 0.25, 0.5], "texture": "#0"},
				"south": {"uv": [1, 0.25, 1.5, 0.5], "texture": "#0"},
				"west": {"uv": [0.75, 0.25, 1, 0.5], "texture": "#0"},
				"up": {"uv": [0.75, 0.25, 0.25, 0], "texture": "#0"},
				"down": {"uv": [1.25, 0, 0.75, 0.25], "texture": "#0"}
			}
		},
		{
			"from": [7, 11.85, 6.8],
			"to": [9, 12.85, 9.2],
			"rotation": {"angle": -22.5, "axis": "y", "origin": [8, 12.45, 8]},
			"faces": {
				"north": {"uv": [0.5, 0.5, 1, 0.75], "texture": "#0"},
				"east": {"uv": [0, 0.5, 0.5, 0.75], "texture": "#0"},
				"south": {"uv": [1.5, 0.5, 2, 0.75], "texture": "#0"},
				"west": {"uv": [1, 0.5, 1.5, 0.75], "texture": "#0"},
				"up": {"uv": [1, 0.5, 0.5, 0], "texture": "#0"},
				"down": {"uv": [1.5, 0, 1, 0.5], "texture": "#0"}
			}
		},
		{
			"from": [9, 12.35, 6.8],
			"to": [11, 13.35, 9.2],
			"rotation": {"angle": -22.5, "axis": "y", "origin": [8, 12.45, 8]},
			"faces": {
				"north": {"uv": [0.5, 0.5, 1, 0.75], "texture": "#0"},
				"east": {"uv": [0, 0.5, 0.5, 0.75], "texture": "#0"},
				"south": {"uv": [1.5, 0.5, 2, 0.75], "texture": "#0"},
				"west": {"uv": [1, 0.5, 1.5, 0.75], "texture": "#0"},
				"up": {"uv": [1, 0.5, 0.5, 0], "texture": "#0"},
				"down": {"uv": [1.5, 0, 1, 0.5], "texture": "#0"}
			}
		},
		{
			"from": [11, 13.05, 6.8],
			"to": [13, 14.05, 9.2],
			"rotation": {"angle": -22.5, "axis": "y", "origin": [8, 12.45, 8]},
			"faces": {
				"north": {"uv": [0.5, 0.5, 1, 0.75], "texture": "#0"},
				"east": {"uv": [0, 0.5, 0.5, 0.75], "texture": "#0"},
				"south": {"uv": [1.5, 0.5, 2, 0.75], "texture": "#0"},
				"west": {"uv": [1, 0.5, 1.5, 0.75], "texture": "#0"},
				"up": {"uv": [1, 0.5, 0.5, 0], "texture": "#0"},
				"down": {"uv": [1.5, 0, 1, 0.5], "texture": "#0"}
			}
		},
		{
			"from": [13, 13.85, 6.8],
			"to": [14, 14.85, 9.2],
			"rotation": {"angle": -22.5, "axis": "y", "origin": [8, 12.45, 8]},
			"faces": {
				"north": {"uv": [0.5, 0.5, 0.75, 0.75], "texture": "#0"},
				"east": {"uv": [0, 0.5, 0.5, 0.75], "texture": "#0"},
				"south": {"uv": [1.25, 0.5, 1.5, 0.75], "texture": "#0"},
				"west": {"uv": [0.75, 0.5, 1.25, 0.75], "texture": "#0"},
				"up": {"uv": [0.75, 0.5, 0.5, 0], "texture": "#0"},
				"down": {"uv": [1, 0, 0.75, 0.5], "texture": "#0"}
			}
		},
		{
			"from": [7, 11.85, 6.8],
			"to": [9, 12.85, 9.2],
			"rotation": {"angle": -22.5, "axis": "y", "origin": [8, 12.45, 8]},
			"faces": {
				"north": {"uv": [0.5, 0.5, 1, 0.75], "texture": "#0"},
				"east": {"uv": [0, 0.5, 0.5, 0.75], "texture": "#0"},
				"south": {"uv": [1.5, 0.5, 2, 0.75], "texture": "#0"},
				"west": {"uv": [1, 0.5, 1.5, 0.75], "texture": "#0"},
				"up": {"uv": [1, 0.5, 0.5, 0], "texture": "#0"},
				"down": {"uv": [1.5, 0, 1, 0.5], "texture": "#0"}
			}
		},
		{
			"from": [9, 12.35, 6.8],
			"to": [11, 13.35, 9.2],
			"rotation": {"angle": -22.5, "axis": "y", "origin": [8, 12.45, 8]},
			"faces": {
				"north": {"uv": [0.5, 0.5, 1, 0.75], "texture": "#0"},
				"east": {"uv": [0, 0.5, 0.5, 0.75], "texture": "#0"},
				"south": {"uv": [1.5, 0.5, 2, 0.75], "texture": "#0"},
				"west": {"uv": [1, 0.5, 1.5, 0.75], "texture": "#0"},
				"up": {"uv": [1, 0.5, 0.5, 0], "texture": "#0"},
				"down": {"uv": [1.5, 0, 1, 0.5], "texture": "#0"}
			}
		},
		{
			"from": [11, 13.05, 6.8],
			"to": [13, 14.05, 9.2],
			"rotation": {"angle": -22.5, "axis": "y", "origin": [8, 12.45, 8]},
			"faces": {
				"north": {"uv": [0.5, 0.5, 1, 0.75], "texture": "#0"},
				"east": {"uv": [0, 0.5, 0.5, 0.75], "texture": "#0"},
				"south": {"uv": [1.5, 0.5, 2, 0.75], "texture": "#0"},
				"west": {"uv": [1, 0.5, 1.5, 0.75], "texture": "#0"},
				"up": {"uv": [1, 0.5, 0.5, 0], "texture": "#0"},
				"down": {"uv": [1.5, 0, 1, 0.5], "texture": "#0"}
			}
		},
		{
			"from": [13, 13.85, 6.8],
			"to": [14, 14.85, 9.2],
			"rotation": {"angle": -22.5, "axis": "y", "origin": [8, 12.45, 8]},
			"faces": {
				"north": {"uv": [0.5, 0.5, 0.75, 0.75], "texture": "#0"},
				"east": {"uv": [0, 0.5, 0.5, 0.75], "texture": "#0"},
				"south": {"uv": [1.25, 0.5, 1.5, 0.75], "texture": "#0"},
				"west": {"uv": [0.75, 0.5, 1.25, 0.75], "texture": "#0"},
				"up": {"uv": [0.75, 0.5, 0.5, 0], "texture": "#0"},
				"down": {"uv": [1, 0, 0.75, 0.5], "texture": "#0"}
			}
		},
		{
			"from": [7, 11.95, 6.8],
			"to": [9, 12.95, 9.2],
			"rotation": {"angle": 0, "axis": "y", "origin": [8, 12.45, 8]},
			"faces": {
				"north": {"uv": [0.5, 0.5, 1, 0.75], "texture": "#0"},
				"east": {"uv": [0, 0.5, 0.5, 0.75], "texture": "#0"},
				"south": {"uv": [1.5, 0.5, 2, 0.75], "texture": "#0"},
				"west": {"uv": [1, 0.5, 1.5, 0.75], "texture": "#0"},
				"up": {"uv": [1, 0.5, 0.5, 0], "texture": "#0"},
				"down": {"uv": [1.5, 0, 1, 0.5], "texture": "#0"}
			}
		},
		{
			"from": [9, 12.45, 6.8],
			"to": [11, 13.45, 9.2],
			"rotation": {"angle": 0, "axis": "y", "origin": [8, 12.45, 8]},
			"faces": {
				"north": {"uv": [0.5, 0.5, 1, 0.75], "texture": "#0"},
				"east": {"uv": [0, 0.5, 0.5, 0.75], "texture": "#0"},
				"south": {"uv": [1.5, 0.5, 2, 0.75], "texture": "#0"},
				"west": {"uv": [1, 0.5, 1.5, 0.75], "texture": "#0"},
				"up": {"uv": [1, 0.5, 0.5, 0], "texture": "#0"},
				"down": {"uv": [1.5, 0, 1, 0.5], "texture": "#0"}
			}
		},
		{
			"from": [11, 13.15, 6.8],
			"to": [13, 14.15, 9.2],
			"rotation": {"angle": 0, "axis": "y", "origin": [8, 12.45, 8]},
			"faces": {
				"north": {"uv": [0.5, 0.5, 1, 0.75], "texture": "#0"},
				"east": {"uv": [0, 0.5, 0.5, 0.75], "texture": "#0"},
				"south": {"uv": [1.5, 0.5, 2, 0.75], "texture": "#0"},
				"west": {"uv": [1, 0.5, 1.5, 0.75], "texture": "#0"},
				"up": {"uv": [1, 0.5, 0.5, 0], "texture": "#0"},
				"down": {"uv": [1.5, 0, 1, 0.5], "texture": "#0"}
			}
		},
		{
			"from": [13, 13.95, 6.8],
			"to": [14, 14.95, 9.2],
			"rotation": {"angle": 0, "axis": "y", "origin": [8, 12.45, 8]},
			"faces": {
				"north": {"uv": [0.5, 0.5, 0.75, 0.75], "texture": "#0"},
				"east": {"uv": [0, 0.5, 0.5, 0.75], "texture": "#0"},
				"south": {"uv": [1.25, 0.5, 1.5, 0.75], "texture": "#0"},
				"west": {"uv": [0.75, 0.5, 1.25, 0.75], "texture": "#0"},
				"up": {"uv": [0.75, 0.5, 0.5, 0], "texture": "#0"},
				"down": {"uv": [1, 0, 0.75, 0.5], "texture": "#0"}
			}
		},
		{
			"from": [7, 11.95, 6.8],
			"to": [9, 12.95, 9.2],
			"rotation": {"angle": 0, "axis": "y", "origin": [8, 12.45, 8]},
			"faces": {
				"north": {"uv": [0.5, 0.5, 1, 0.75], "texture": "#0"},
				"east": {"uv": [0, 0.5, 0.5, 0.75], "texture": "#0"},
				"south": {"uv": [1.5, 0.5, 2, 0.75], "texture": "#0"},
				"west": {"uv": [1, 0.5, 1.5, 0.75], "texture": "#0"},
				"up": {"uv": [1, 0.5, 0.5, 0], "texture": "#0"},
				"down": {"uv": [1.5, 0, 1, 0.5], "texture": "#0"}
			}
		},
		{
			"from": [9, 12.45, 6.8],
			"to": [11, 13.45, 9.2],
			"rotation": {"angle": 0, "axis": "y", "origin": [8, 12.45, 8]},
			"faces": {
				"north": {"uv": [0.5, 0.5, 1, 0.75], "texture": "#0"},
				"east": {"uv": [0, 0.5, 0.5, 0.75], "texture": "#0"},
				"south": {"uv": [1.5, 0.5, 2, 0.75], "texture": "#0"},
				"west": {"uv": [1, 0.5, 1.5, 0.75], "texture": "#0"},
				"up": {"uv": [1, 0.5, 0.5, 0], "texture": "#0"},
				"down": {"uv": [1.5, 0, 1, 0.5], "texture": "#0"}
			}
		},
		{
			"from": [11, 13.15, 6.8],
			"to": [13, 14.15, 9.2],
			"rotation": {"angle": 0, "axis": "y", "origin": [8, 12.45, 8]},
			"faces": {
				"north": {"uv": [0.5, 0.5, 1, 0.75], "texture": "#0"},
				"east": {"uv": [0, 0.5, 0.5, 0.75], "texture": "#0"},
				"south": {"uv": [1.5, 0.5, 2, 0.75], "texture": "#0"},
				"west": {"uv": [1, 0.5, 1.5, 0.75], "texture": "#0"},
				"up": {"uv": [1, 0.5, 0.5, 0], "texture": "#0"},
				"down": {"uv": [1.5, 0, 1, 0.5], "texture": "#0"}
			}
		},
		{
			"from": [13, 13.95, 6.8],
			"to": [14, 14.95, 9.2],
			"rotation": {"angle": 0, "axis": "y", "origin": [8, 12.45, 8]},
			"faces": {
				"north": {"uv": [0.5, 0.5, 0.75, 0.75], "texture": "#0"},
				"east": {"uv": [0, 0.5, 0.5, 0.75], "texture": "#0"},
				"south": {"uv": [1.25, 0.5, 1.5, 0.75], "texture": "#0"},
				"west": {"uv": [0.75, 0.5, 1.25, 0.75], "texture": "#0"},
				"up": {"uv": [0.75, 0.5, 0.5, 0], "texture": "#0"},
				"down": {"uv": [1, 0, 0.75, 0.5], "texture": "#0"}
			}
		},
		{
			"from": [6.8, 11.95, 7],
			"to": [9.2, 12.95, 9],
			"rotation": {"angle": -45, "axis": "y", "origin": [8, 12.45, 8]},
			"faces": {
				"north": {"uv": [0.5, 0.5, 1, 0.75], "texture": "#0"},
				"east": {"uv": [0, 0.5, 0.5, 0.75], "texture": "#0"},
				"south": {"uv": [1.5, 0.5, 2, 0.75], "texture": "#0"},
				"west": {"uv": [1, 0.5, 1.5, 0.75], "texture": "#0"},
				"up": {"uv": [1, 0.5, 0.5, 0], "texture": "#0"},
				"down": {"uv": [1.5, 0, 1, 0.5], "texture": "#0"}
			}
		},
		{
			"from": [6.8, 12.45, 5],
			"to": [9.2, 13.45, 7],
			"rotation": {"angle": -45, "axis": "y", "origin": [8, 12.45, 8]},
			"faces": {
				"north": {"uv": [0.5, 0.5, 1, 0.75], "texture": "#0"},
				"east": {"uv": [0, 0.5, 0.5, 0.75], "texture": "#0"},
				"south": {"uv": [1.5, 0.5, 2, 0.75], "texture": "#0"},
				"west": {"uv": [1, 0.5, 1.5, 0.75], "texture": "#0"},
				"up": {"uv": [1, 0.5, 0.5, 0], "texture": "#0"},
				"down": {"uv": [1.5, 0, 1, 0.5], "texture": "#0"}
			}
		},
		{
			"from": [6.8, 13.15, 3],
			"to": [9.2, 14.15, 5],
			"rotation": {"angle": -45, "axis": "y", "origin": [8, 12.45, 8]},
			"faces": {
				"north": {"uv": [0.5, 0.5, 1, 0.75], "texture": "#0"},
				"east": {"uv": [0, 0.5, 0.5, 0.75], "texture": "#0"},
				"south": {"uv": [1.5, 0.5, 2, 0.75], "texture": "#0"},
				"west": {"uv": [1, 0.5, 1.5, 0.75], "texture": "#0"},
				"up": {"uv": [1, 0.5, 0.5, 0], "texture": "#0"},
				"down": {"uv": [1.5, 0, 1, 0.5], "texture": "#0"}
			}
		},
		{
			"from": [6.8, 13.95, 2],
			"to": [9.2, 14.95, 3],
			"rotation": {"angle": -45, "axis": "y", "origin": [8, 12.45, 8]},
			"faces": {
				"north": {"uv": [0.25, 0.25, 0.75, 0.5], "texture": "#0"},
				"east": {"uv": [0, 0.25, 0.25, 0.5], "texture": "#0"},
				"south": {"uv": [1, 0.25, 1.5, 0.5], "texture": "#0"},
				"west": {"uv": [0.75, 0.25, 1, 0.5], "texture": "#0"},
				"up": {"uv": [0.75, 0.25, 0.25, 0], "texture": "#0"},
				"down": {"uv": [1.25, 0, 0.75, 0.25], "texture": "#0"}
			}
		},
		{
			"from": [6.8, 11.95, 7],
			"to": [9.2, 12.95, 9],
			"rotation": {"angle": -45, "axis": "y", "origin": [8, 12.45, 8]},
			"faces": {
				"north": {"uv": [0.5, 0.5, 1, 0.75], "texture": "#0"},
				"east": {"uv": [0, 0.5, 0.5, 0.75], "texture": "#0"},
				"south": {"uv": [1.5, 0.5, 2, 0.75], "texture": "#0"},
				"west": {"uv": [1, 0.5, 1.5, 0.75], "texture": "#0"},
				"up": {"uv": [1, 0.5, 0.5, 0], "texture": "#0"},
				"down": {"uv": [1.5, 0, 1, 0.5], "texture": "#0"}
			}
		},
		{
			"from": [6.8, 12.45, 5],
			"to": [9.2, 13.45, 7],
			"rotation": {"angle": -45, "axis": "y", "origin": [8, 12.45, 8]},
			"faces": {
				"north": {"uv": [0.5, 0.5, 1, 0.75], "texture": "#0"},
				"east": {"uv": [0, 0.5, 0.5, 0.75], "texture": "#0"},
				"south": {"uv": [1.5, 0.5, 2, 0.75], "texture": "#0"},
				"west": {"uv": [1, 0.5, 1.5, 0.75], "texture": "#0"},
				"up": {"uv": [1, 0.5, 0.5, 0], "texture": "#0"},
				"down": {"uv": [1.5, 0, 1, 0.5], "texture": "#0"}
			}
		},
		{
			"from": [6.8, 13.15, 3],
			"to": [9.2, 14.15, 5],
			"rotation": {"angle": -45, "axis": "y", "origin": [8, 12.45, 8]},
			"faces": {
				"north": {"uv": [0.5, 0.5, 1, 0.75], "texture": "#0"},
				"east": {"uv": [0, 0.5, 0.5, 0.75], "texture": "#0"},
				"south": {"uv": [1.5, 0.5, 2, 0.75], "texture": "#0"},
				"west": {"uv": [1, 0.5, 1.5, 0.75], "texture": "#0"},
				"up": {"uv": [1, 0.5, 0.5, 0], "texture": "#0"},
				"down": {"uv": [1.5, 0, 1, 0.5], "texture": "#0"}
			}
		},
		{
			"from": [6.8, 13.95, 2],
			"to": [9.2, 14.95, 3],
			"rotation": {"angle": -45, "axis": "y", "origin": [8, 12.45, 8]},
			"faces": {
				"north": {"uv": [0.25, 0.25, 0.75, 0.5], "texture": "#0"},
				"east": {"uv": [0, 0.25, 0.25, 0.5], "texture": "#0"},
				"south": {"uv": [1, 0.25, 1.5, 0.5], "texture": "#0"},
				"west": {"uv": [0.75, 0.25, 1, 0.5], "texture": "#0"},
				"up": {"uv": [0.75, 0.25, 0.25, 0], "texture": "#0"},
				"down": {"uv": [1.25, 0, 0.75, 0.25], "texture": "#0"}
			}
		},
		{
			"from": [6.8, 11.95, 7],
			"to": [9.2, 12.95, 9],
			"rotation": {"angle": 0, "axis": "y", "origin": [8, 12.45, 8]},
			"faces": {
				"north": {"uv": [0.5, 0.5, 1, 0.75], "texture": "#0"},
				"east": {"uv": [0, 0.5, 0.5, 0.75], "texture": "#0"},
				"south": {"uv": [1.5, 0.5, 2, 0.75], "texture": "#0"},
				"west": {"uv": [1, 0.5, 1.5, 0.75], "texture": "#0"},
				"up": {"uv": [1, 0.5, 0.5, 0], "texture": "#0"},
				"down": {"uv": [1.5, 0, 1, 0.5], "texture": "#0"}
			}
		},
		{
			"from": [6.8, 12.45, 5],
			"to": [9.2, 13.45, 7],
			"rotation": {"angle": 0, "axis": "y", "origin": [8, 12.45, 8]},
			"faces": {
				"north": {"uv": [0.5, 0.5, 1, 0.75], "texture": "#0"},
				"east": {"uv": [0, 0.5, 0.5, 0.75], "texture": "#0"},
				"south": {"uv": [1.5, 0.5, 2, 0.75], "texture": "#0"},
				"west": {"uv": [1, 0.5, 1.5, 0.75], "texture": "#0"},
				"up": {"uv": [1, 0.5, 0.5, 0], "texture": "#0"},
				"down": {"uv": [1.5, 0, 1, 0.5], "texture": "#0"}
			}
		},
		{
			"from": [6.8, 13.15, 3],
			"to": [9.2, 14.15, 5],
			"rotation": {"angle": 0, "axis": "y", "origin": [8, 12.45, 8]},
			"faces": {
				"north": {"uv": [0.5, 0.5, 1, 0.75], "texture": "#0"},
				"east": {"uv": [0, 0.5, 0.5, 0.75], "texture": "#0"},
				"south": {"uv": [1.5, 0.5, 2, 0.75], "texture": "#0"},
				"west": {"uv": [1, 0.5, 1.5, 0.75], "texture": "#0"},
				"up": {"uv": [1, 0.5, 0.5, 0], "texture": "#0"},
				"down": {"uv": [1.5, 0, 1, 0.5], "texture": "#0"}
			}
		},
		{
			"from": [6.8, 13.95, 2],
			"to": [9.2, 14.95, 3],
			"rotation": {"angle": 0, "axis": "y", "origin": [8, 12.45, 8]},
			"faces": {
				"north": {"uv": [0.25, 0.25, 0.75, 0.5], "texture": "#0"},
				"east": {"uv": [0, 0.25, 0.25, 0.5], "texture": "#0"},
				"south": {"uv": [1, 0.25, 1.5, 0.5], "texture": "#0"},
				"west": {"uv": [0.75, 0.25, 1, 0.5], "texture": "#0"},
				"up": {"uv": [0.75, 0.25, 0.25, 0], "texture": "#0"},
				"down": {"uv": [1.25, 0, 0.75, 0.25], "texture": "#0"}
			}
		},
		{
			"from": [6.8, 11.95, 7],
			"to": [9.2, 12.95, 9],
			"rotation": {"angle": 0, "axis": "y", "origin": [8, 12.45, 8]},
			"faces": {
				"north": {"uv": [0.5, 0.5, 1, 0.75], "texture": "#0"},
				"east": {"uv": [0, 0.5, 0.5, 0.75], "texture": "#0"},
				"south": {"uv": [1.5, 0.5, 2, 0.75], "texture": "#0"},
				"west": {"uv": [1, 0.5, 1.5, 0.75], "texture": "#0"},
				"up": {"uv": [1, 0.5, 0.5, 0], "texture": "#0"},
				"down": {"uv": [1.5, 0, 1, 0.5], "texture": "#0"}
			}
		},
		{
			"from": [6.8, 12.45, 5],
			"to": [9.2, 13.45, 7],
			"rotation": {"angle": 0, "axis": "y", "origin": [8, 12.45, 8]},
			"faces": {
				"north": {"uv": [0.5, 0.5, 1, 0.75], "texture": "#0"},
				"east": {"uv": [0, 0.5, 0.5, 0.75], "texture": "#0"},
				"south": {"uv": [1.5, 0.5, 2, 0.75], "texture": "#0"},
				"west": {"uv": [1, 0.5, 1.5, 0.75], "texture": "#0"},
				"up": {"uv": [1, 0.5, 0.5, 0], "texture": "#0"},
				"down": {"uv": [1.5, 0, 1, 0.5], "texture": "#0"}
			}
		},
		{
			"from": [6.8, 13.15, 3],
			"to": [9.2, 14.15, 5],
			"rotation": {"angle": 0, "axis": "y", "origin": [8, 12.45, 8]},
			"faces": {
				"north": {"uv": [0.5, 0.5, 1, 0.75], "texture": "#0"},
				"east": {"uv": [0, 0.5, 0.5, 0.75], "texture": "#0"},
				"south": {"uv": [1.5, 0.5, 2, 0.75], "texture": "#0"},
				"west": {"uv": [1, 0.5, 1.5, 0.75], "texture": "#0"},
				"up": {"uv": [1, 0.5, 0.5, 0], "texture": "#0"},
				"down": {"uv": [1.5, 0, 1, 0.5], "texture": "#0"}
			}
		},
		{
			"from": [6.8, 13.95, 2],
			"to": [9.2, 14.95, 3],
			"rotation": {"angle": 0, "axis": "y", "origin": [8, 12.45, 8]},
			"faces": {
				"north": {"uv": [0.25, 0.25, 0.75, 0.5], "texture": "#0"},
				"east": {"uv": [0, 0.25, 0.25, 0.5], "texture": "#0"},
				"south": {"uv": [1, 0.25, 1.5, 0.5], "texture": "#0"},
				"west": {"uv": [0.75, 0.25, 1, 0.5], "texture": "#0"},
				"up": {"uv": [0.75, 0.25, 0.25, 0], "texture": "#0"},
				"down": {"uv": [1.25, 0, 0.75, 0.25], "texture": "#0"}
			}
		},
		{
			"from": [6.8, 11.95, 7],
			"to": [9.2, 12.95, 9],
			"rotation": {"angle": 45, "axis": "y", "origin": [8, 12.45, 8]},
			"faces": {
				"north": {"uv": [0.5, 0.5, 1, 0.75], "texture": "#0"},
				"east": {"uv": [0, 0.5, 0.5, 0.75], "texture": "#0"},
				"south": {"uv": [1.5, 0.5, 2, 0.75], "texture": "#0"},
				"west": {"uv": [1, 0.5, 1.5, 0.75], "texture": "#0"},
				"up": {"uv": [1, 0.5, 0.5, 0], "texture": "#0"},
				"down": {"uv": [1.5, 0, 1, 0.5], "texture": "#0"}
			}
		},
		{
			"from": [6.8, 12.45, 5],
			"to": [9.2, 13.45, 7],
			"rotation": {"angle": 45, "axis": "y", "origin": [8, 12.45, 8]},
			"faces": {
				"north": {"uv": [0.5, 0.5, 1, 0.75], "texture": "#0"},
				"east": {"uv": [0, 0.5, 0.5, 0.75], "texture": "#0"},
				"south": {"uv": [1.5, 0.5, 2, 0.75], "texture": "#0"},
				"west": {"uv": [1, 0.5, 1.5, 0.75], "texture": "#0"},
				"up": {"uv": [1, 0.5, 0.5, 0], "texture": "#0"},
				"down": {"uv": [1.5, 0, 1, 0.5], "texture": "#0"}
			}
		},
		{
			"from": [6.8, 13.15, 3],
			"to": [9.2, 14.15, 5],
			"rotation": {"angle": 45, "axis": "y", "origin": [8, 12.45, 8]},
			"faces": {
				"north": {"uv": [0.5, 0.5, 1, 0.75], "texture": "#0"},
				"east": {"uv": [0, 0.5, 0.5, 0.75], "texture": "#0"},
				"south": {"uv": [1.5, 0.5, 2, 0.75], "texture": "#0"},
				"west": {"uv": [1, 0.5, 1.5, 0.75], "texture": "#0"},
				"up": {"uv": [1, 0.5, 0.5, 0], "texture": "#0"},
				"down": {"uv": [1.5, 0, 1, 0.5], "texture": "#0"}
			}
		},
		{
			"from": [6.8, 13.95, 2],
			"to": [9.2, 14.95, 3],
			"rotation": {"angle": 45, "axis": "y", "origin": [8, 12.45, 8]},
			"faces": {
				"north": {"uv": [0.25, 0.25, 0.75, 0.5], "texture": "#0"},
				"east": {"uv": [0, 0.25, 0.25, 0.5], "texture": "#0"},
				"south": {"uv": [1, 0.25, 1.5, 0.5], "texture": "#0"},
				"west": {"uv": [0.75, 0.25, 1, 0.5], "texture": "#0"},
				"up": {"uv": [0.75, 0.25, 0.25, 0], "texture": "#0"},
				"down": {"uv": [1.25, 0, 0.75, 0.25], "texture": "#0"}
			}
		},
		{
			"from": [6.8, 11.95, 7],
			"to": [9.2, 12.95, 9],
			"rotation": {"angle": 45, "axis": "y", "origin": [8, 12.45, 8]},
			"faces": {
				"north": {"uv": [0.5, 0.5, 1, 0.75], "texture": "#0"},
				"east": {"uv": [0, 0.5, 0.5, 0.75], "texture": "#0"},
				"south": {"uv": [1.5, 0.5, 2, 0.75], "texture": "#0"},
				"west": {"uv": [1, 0.5, 1.5, 0.75], "texture": "#0"},
				"up": {"uv": [1, 0.5, 0.5, 0], "texture": "#0"},
				"down": {"uv": [1.5, 0, 1, 0.5], "texture": "#0"}
			}
		},
		{
			"from": [6.8, 12.45, 5],
			"to": [9.2, 13.45, 7],
			"rotation": {"angle": 45, "axis": "y", "origin": [8, 12.45, 8]},
			"faces": {
				"north": {"uv": [0.5, 0.5, 1, 0.75], "texture": "#0"},
				"east": {"uv": [0, 0.5, 0.5, 0.75], "texture": "#0"},
				"south": {"uv": [1.5, 0.5, 2, 0.75], "texture": "#0"},
				"west": {"uv": [1, 0.5, 1.5, 0.75], "texture": "#0"},
				"up": {"uv": [1, 0.5, 0.5, 0], "texture": "#0"},
				"down": {"uv": [1.5, 0, 1, 0.5], "texture": "#0"}
			}
		},
		{
			"from": [6.8, 13.15, 3],
			"to": [9.2, 14.15, 5],
			"rotation": {"angle": 45, "axis": "y", "origin": [8, 12.45, 8]},
			"faces": {
				"north": {"uv": [0.5, 0.5, 1, 0.75], "texture": "#0"},
				"east": {"uv": [0, 0.5, 0.5, 0.75], "texture": "#0"},
				"south": {"uv": [1.5, 0.5, 2, 0.75], "texture": "#0"},
				"west": {"uv": [1, 0.5, 1.5, 0.75], "texture": "#0"},
				"up": {"uv": [1, 0.5, 0.5, 0], "texture": "#0"},
				"down": {"uv": [1.5, 0, 1, 0.5], "texture": "#0"}
			}
		},
		{
			"from": [6.8, 13.95, 2],
			"to": [9.2, 14.95, 3],
			"rotation": {"angle": 45, "axis": "y", "origin": [8, 12.45, 8]},
			"faces": {
				"north": {"uv": [0.25, 0.25, 0.75, 0.5], "texture": "#0"},
				"east": {"uv": [0, 0.25, 0.25, 0.5], "texture": "#0"},
				"south": {"uv": [1, 0.25, 1.5, 0.5], "texture": "#0"},
				"west": {"uv": [0.75, 0.25, 1, 0.5], "texture": "#0"},
				"up": {"uv": [0.75, 0.25, 0.25, 0], "texture": "#0"},
				"down": {"uv": [1.25, 0, 0.75, 0.25], "texture": "#0"}
			}
		},
		{
			"from": [7, 11.95, 6.8],
			"to": [9, 12.95, 9.2],
			"rotation": {"angle": 0, "axis": "y", "origin": [8, 12.45, 8]},
			"faces": {
				"north": {"uv": [0.5, 0.5, 1, 0.75], "texture": "#0"},
				"east": {"uv": [0, 0.5, 0.5, 0.75], "texture": "#0"},
				"south": {"uv": [1.5, 0.5, 2, 0.75], "texture": "#0"},
				"west": {"uv": [1, 0.5, 1.5, 0.75], "texture": "#0"},
				"up": {"uv": [1, 0.5, 0.5, 0], "texture": "#0"},
				"down": {"uv": [1.5, 0, 1, 0.5], "texture": "#0"}
			}
		},
		{
			"from": [5, 12.45, 6.8],
			"to": [7, 13.45, 9.2],
			"rotation": {"angle": 0, "axis": "y", "origin": [8, 12.45, 8]},
			"faces": {
				"north": {"uv": [0.5, 0.5, 1, 0.75], "texture": "#0"},
				"east": {"uv": [0, 0.5, 0.5, 0.75], "texture": "#0"},
				"south": {"uv": [1.5, 0.5, 2, 0.75], "texture": "#0"},
				"west": {"uv": [1, 0.5, 1.5, 0.75], "texture": "#0"},
				"up": {"uv": [1, 0.5, 0.5, 0], "texture": "#0"},
				"down": {"uv": [1.5, 0, 1, 0.5], "texture": "#0"}
			}
		},
		{
			"from": [3, 13.15, 6.8],
			"to": [5, 14.15, 9.2],
			"rotation": {"angle": 0, "axis": "y", "origin": [8, 12.45, 8]},
			"faces": {
				"north": {"uv": [0.5, 0.5, 1, 0.75], "texture": "#0"},
				"east": {"uv": [0, 0.5, 0.5, 0.75], "texture": "#0"},
				"south": {"uv": [1.5, 0.5, 2, 0.75], "texture": "#0"},
				"west": {"uv": [1, 0.5, 1.5, 0.75], "texture": "#0"},
				"up": {"uv": [1, 0.5, 0.5, 0], "texture": "#0"},
				"down": {"uv": [1.5, 0, 1, 0.5], "texture": "#0"}
			}
		},
		{
			"from": [2, 13.95, 6.8],
			"to": [3, 14.95, 9.2],
			"rotation": {"angle": 0, "axis": "y", "origin": [8, 12.45, 8]},
			"faces": {
				"north": {"uv": [0.5, 0.5, 0.75, 0.75], "texture": "#0"},
				"east": {"uv": [0, 0.5, 0.5, 0.75], "texture": "#0"},
				"south": {"uv": [1.25, 0.5, 1.5, 0.75], "texture": "#0"},
				"west": {"uv": [0.75, 0.5, 1.25, 0.75], "texture": "#0"},
				"up": {"uv": [0.75, 0.5, 0.5, 0], "texture": "#0"},
				"down": {"uv": [1, 0, 0.75, 0.5], "texture": "#0"}
			}
		},
		{
			"from": [7, 11.95, 6.8],
			"to": [9, 12.95, 9.2],
			"rotation": {"angle": 0, "axis": "y", "origin": [8, 12.45, 8]},
			"faces": {
				"north": {"uv": [0.5, 0.5, 1, 0.75], "texture": "#0"},
				"east": {"uv": [0, 0.5, 0.5, 0.75], "texture": "#0"},
				"south": {"uv": [1.5, 0.5, 2, 0.75], "texture": "#0"},
				"west": {"uv": [1, 0.5, 1.5, 0.75], "texture": "#0"},
				"up": {"uv": [1, 0.5, 0.5, 0], "texture": "#0"},
				"down": {"uv": [1.5, 0, 1, 0.5], "texture": "#0"}
			}
		},
		{
			"from": [5, 12.45, 6.8],
			"to": [7, 13.45, 9.2],
			"rotation": {"angle": 0, "axis": "y", "origin": [8, 12.45, 8]},
			"faces": {
				"north": {"uv": [0.5, 0.5, 1, 0.75], "texture": "#0"},
				"east": {"uv": [0, 0.5, 0.5, 0.75], "texture": "#0"},
				"south": {"uv": [1.5, 0.5, 2, 0.75], "texture": "#0"},
				"west": {"uv": [1, 0.5, 1.5, 0.75], "texture": "#0"},
				"up": {"uv": [1, 0.5, 0.5, 0], "texture": "#0"},
				"down": {"uv": [1.5, 0, 1, 0.5], "texture": "#0"}
			}
		},
		{
			"from": [3, 13.15, 6.8],
			"to": [5, 14.15, 9.2],
			"rotation": {"angle": 0, "axis": "y", "origin": [8, 12.45, 8]},
			"faces": {
				"north": {"uv": [0.5, 0.5, 1, 0.75], "texture": "#0"},
				"east": {"uv": [0, 0.5, 0.5, 0.75], "texture": "#0"},
				"south": {"uv": [1.5, 0.5, 2, 0.75], "texture": "#0"},
				"west": {"uv": [1, 0.5, 1.5, 0.75], "texture": "#0"},
				"up": {"uv": [1, 0.5, 0.5, 0], "texture": "#0"},
				"down": {"uv": [1.5, 0, 1, 0.5], "texture": "#0"}
			}
		},
		{
			"from": [2, 13.95, 6.8],
			"to": [3, 14.95, 9.2],
			"rotation": {"angle": 0, "axis": "y", "origin": [8, 12.45, 8]},
			"faces": {
				"north": {"uv": [0.5, 0.5, 0.75, 0.75], "texture": "#0"},
				"east": {"uv": [0, 0.5, 0.5, 0.75], "texture": "#0"},
				"south": {"uv": [1.25, 0.5, 1.5, 0.75], "texture": "#0"},
				"west": {"uv": [0.75, 0.5, 1.25, 0.75], "texture": "#0"},
				"up": {"uv": [0.75, 0.5, 0.5, 0], "texture": "#0"},
				"down": {"uv": [1, 0, 0.75, 0.5], "texture": "#0"}
			}
		},
		{
			"from": [7, 11.95, 6.8],
			"to": [9, 12.95, 9.2],
			"rotation": {"angle": 45, "axis": "y", "origin": [8, 12.45, 8]},
			"faces": {
				"north": {"uv": [0.5, 0.5, 1, 0.75], "texture": "#0"},
				"east": {"uv": [0, 0.5, 0.5, 0.75], "texture": "#0"},
				"south": {"uv": [1.5, 0.5, 2, 0.75], "texture": "#0"},
				"west": {"uv": [1, 0.5, 1.5, 0.75], "texture": "#0"},
				"up": {"uv": [1, 0.5, 0.5, 0], "texture": "#0"},
				"down": {"uv": [1.5, 0, 1, 0.5], "texture": "#0"}
			}
		},
		{
			"from": [5, 12.45, 6.8],
			"to": [7, 13.45, 9.2],
			"rotation": {"angle": 45, "axis": "y", "origin": [8, 12.45, 8]},
			"faces": {
				"north": {"uv": [0.5, 0.5, 1, 0.75], "texture": "#0"},
				"east": {"uv": [0, 0.5, 0.5, 0.75], "texture": "#0"},
				"south": {"uv": [1.5, 0.5, 2, 0.75], "texture": "#0"},
				"west": {"uv": [1, 0.5, 1.5, 0.75], "texture": "#0"},
				"up": {"uv": [1, 0.5, 0.5, 0], "texture": "#0"},
				"down": {"uv": [1.5, 0, 1, 0.5], "texture": "#0"}
			}
		},
		{
			"from": [3, 13.15, 6.8],
			"to": [5, 14.15, 9.2],
			"rotation": {"angle": 45, "axis": "y", "origin": [8, 12.45, 8]},
			"faces": {
				"north": {"uv": [0.5, 0.5, 1, 0.75], "texture": "#0"},
				"east": {"uv": [0, 0.5, 0.5, 0.75], "texture": "#0"},
				"south": {"uv": [1.5, 0.5, 2, 0.75], "texture": "#0"},
				"west": {"uv": [1, 0.5, 1.5, 0.75], "texture": "#0"},
				"up": {"uv": [1, 0.5, 0.5, 0], "texture": "#0"},
				"down": {"uv": [1.5, 0, 1, 0.5], "texture": "#0"}
			}
		},
		{
			"from": [2, 13.95, 6.8],
			"to": [3, 14.95, 9.2],
			"rotation": {"angle": 45, "axis": "y", "origin": [8, 12.45, 8]},
			"faces": {
				"north": {"uv": [0.5, 0.5, 0.75, 0.75], "texture": "#0"},
				"east": {"uv": [0, 0.5, 0.5, 0.75], "texture": "#0"},
				"south": {"uv": [1.25, 0.5, 1.5, 0.75], "texture": "#0"},
				"west": {"uv": [0.75, 0.5, 1.25, 0.75], "texture": "#0"},
				"up": {"uv": [0.75, 0.5, 0.5, 0], "texture": "#0"},
				"down": {"uv": [1, 0, 0.75, 0.5], "texture": "#0"}
			}
		},
		{
			"from": [7, 11.95, 6.8],
			"to": [9, 12.95, 9.2],
			"rotation": {"angle": 45, "axis": "y", "origin": [8, 12.45, 8]},
			"faces": {
				"north": {"uv": [0.5, 0.5, 1, 0.75], "texture": "#0"},
				"east": {"uv": [0, 0.5, 0.5, 0.75], "texture": "#0"},
				"south": {"uv": [1.5, 0.5, 2, 0.75], "texture": "#0"},
				"west": {"uv": [1, 0.5, 1.5, 0.75], "texture": "#0"},
				"up": {"uv": [1, 0.5, 0.5, 0], "texture": "#0"},
				"down": {"uv": [1.5, 0, 1, 0.5], "texture": "#0"}
			}
		},
		{
			"from": [5, 12.45, 6.8],
			"to": [7, 13.45, 9.2],
			"rotation": {"angle": 45, "axis": "y", "origin": [8, 12.45, 8]},
			"faces": {
				"north": {"uv": [0.5, 0.5, 1, 0.75], "texture": "#0"},
				"east": {"uv": [0, 0.5, 0.5, 0.75], "texture": "#0"},
				"south": {"uv": [1.5, 0.5, 2, 0.75], "texture": "#0"},
				"west": {"uv": [1, 0.5, 1.5, 0.75], "texture": "#0"},
				"up": {"uv": [1, 0.5, 0.5, 0], "texture": "#0"},
				"down": {"uv": [1.5, 0, 1, 0.5], "texture": "#0"}
			}
		},
		{
			"from": [3, 13.15, 6.8],
			"to": [5, 14.15, 9.2],
			"rotation": {"angle": 45, "axis": "y", "origin": [8, 12.45, 8]},
			"faces": {
				"north": {"uv": [0.5, 0.5, 1, 0.75], "texture": "#0"},
				"east": {"uv": [0, 0.5, 0.5, 0.75], "texture": "#0"},
				"south": {"uv": [1.5, 0.5, 2, 0.75], "texture": "#0"},
				"west": {"uv": [1, 0.5, 1.5, 0.75], "texture": "#0"},
				"up": {"uv": [1, 0.5, 0.5, 0], "texture": "#0"},
				"down": {"uv": [1.5, 0, 1, 0.5], "texture": "#0"}
			}
		},
		{
			"from": [2, 13.95, 6.8],
			"to": [3, 14.95, 9.2],
			"rotation": {"angle": 45, "axis": "y", "origin": [8, 12.45, 8]},
			"faces": {
				"north": {"uv": [0.5, 0.5, 0.75, 0.75], "texture": "#0"},
				"east": {"uv": [0, 0.5, 0.5, 0.75], "texture": "#0"},
				"south": {"uv": [1.25, 0.5, 1.5, 0.75], "texture": "#0"},
				"west": {"uv": [0.75, 0.5, 1.25, 0.75], "texture": "#0"},
				"up": {"uv": [0.75, 0.5, 0.5, 0], "texture": "#0"},
				"down": {"uv": [1, 0, 0.75, 0.5], "texture": "#0"}
			}
		},
		{
			"from": [6.8, 11.95, 7],
			"to": [9.2, 12.95, 9],
			"rotation": {"angle": 0, "axis": "y", "origin": [8, 12.45, 8]},
			"faces": {
				"north": {"uv": [0.5, 0.5, 1, 0.75], "texture": "#0"},
				"east": {"uv": [0, 0.5, 0.5, 0.75], "texture": "#0"},
				"south": {"uv": [1.5, 0.5, 2, 0.75], "texture": "#0"},
				"west": {"uv": [1, 0.5, 1.5, 0.75], "texture": "#0"},
				"up": {"uv": [1, 0.5, 0.5, 0], "texture": "#0"},
				"down": {"uv": [1.5, 0, 1, 0.5], "texture": "#0"}
			}
		},
		{
			"from": [6.8, 12.45, 9],
			"to": [9.2, 13.45, 11],
			"rotation": {"angle": 0, "axis": "y", "origin": [8, 12.45, 8]},
			"faces": {
				"north": {"uv": [0.5, 0.5, 1, 0.75], "texture": "#0"},
				"east": {"uv": [0, 0.5, 0.5, 0.75], "texture": "#0"},
				"south": {"uv": [1.5, 0.5, 2, 0.75], "texture": "#0"},
				"west": {"uv": [1, 0.5, 1.5, 0.75], "texture": "#0"},
				"up": {"uv": [1, 0.5, 0.5, 0], "texture": "#0"},
				"down": {"uv": [1.5, 0, 1, 0.5], "texture": "#0"}
			}
		},
		{
			"from": [6.8, 13.15, 11],
			"to": [9.2, 14.15, 13],
			"rotation": {"angle": 0, "axis": "y", "origin": [8, 12.45, 8]},
			"faces": {
				"north": {"uv": [0.5, 0.5, 1, 0.75], "texture": "#0"},
				"east": {"uv": [0, 0.5, 0.5, 0.75], "texture": "#0"},
				"south": {"uv": [1.5, 0.5, 2, 0.75], "texture": "#0"},
				"west": {"uv": [1, 0.5, 1.5, 0.75], "texture": "#0"},
				"up": {"uv": [1, 0.5, 0.5, 0], "texture": "#0"},
				"down": {"uv": [1.5, 0, 1, 0.5], "texture": "#0"}
			}
		},
		{
			"from": [6.8, 13.95, 13],
			"to": [9.2, 14.95, 14],
			"rotation": {"angle": 0, "axis": "y", "origin": [8, 12.45, 8]},
			"faces": {
				"north": {"uv": [0.25, 0.25, 0.75, 0.5], "texture": "#0"},
				"east": {"uv": [0, 0.25, 0.25, 0.5], "texture": "#0"},
				"south": {"uv": [1, 0.25, 1.5, 0.5], "texture": "#0"},
				"west": {"uv": [0.75, 0.25, 1, 0.5], "texture": "#0"},
				"up": {"uv": [0.75, 0.25, 0.25, 0], "texture": "#0"},
				"down": {"uv": [1.25, 0, 0.75, 0.25], "texture": "#0"}
			}
		},
		{
			"from": [6.8, 11.95, 7],
			"to": [9.2, 12.95, 9],
			"rotation": {"angle": 0, "axis": "y", "origin": [8, 12.45, 8]},
			"faces": {
				"north": {"uv": [0.5, 0.5, 1, 0.75], "texture": "#0"},
				"east": {"uv": [0, 0.5, 0.5, 0.75], "texture": "#0"},
				"south": {"uv": [1.5, 0.5, 2, 0.75], "texture": "#0"},
				"west": {"uv": [1, 0.5, 1.5, 0.75], "texture": "#0"},
				"up": {"uv": [1, 0.5, 0.5, 0], "texture": "#0"},
				"down": {"uv": [1.5, 0, 1, 0.5], "texture": "#0"}
			}
		},
		{
			"from": [6.8, 12.45, 9],
			"to": [9.2, 13.45, 11],
			"rotation": {"angle": 0, "axis": "y", "origin": [8, 12.45, 8]},
			"faces": {
				"north": {"uv": [0.5, 0.5, 1, 0.75], "texture": "#0"},
				"east": {"uv": [0, 0.5, 0.5, 0.75], "texture": "#0"},
				"south": {"uv": [1.5, 0.5, 2, 0.75], "texture": "#0"},
				"west": {"uv": [1, 0.5, 1.5, 0.75], "texture": "#0"},
				"up": {"uv": [1, 0.5, 0.5, 0], "texture": "#0"},
				"down": {"uv": [1.5, 0, 1, 0.5], "texture": "#0"}
			}
		},
		{
			"from": [6.8, 13.15, 11],
			"to": [9.2, 14.15, 13],
			"rotation": {"angle": 0, "axis": "y", "origin": [8, 12.45, 8]},
			"faces": {
				"north": {"uv": [0.5, 0.5, 1, 0.75], "texture": "#0"},
				"east": {"uv": [0, 0.5, 0.5, 0.75], "texture": "#0"},
				"south": {"uv": [1.5, 0.5, 2, 0.75], "texture": "#0"},
				"west": {"uv": [1, 0.5, 1.5, 0.75], "texture": "#0"},
				"up": {"uv": [1, 0.5, 0.5, 0], "texture": "#0"},
				"down": {"uv": [1.5, 0, 1, 0.5], "texture": "#0"}
			}
		},
		{
			"from": [6.8, 13.95, 13],
			"to": [9.2, 14.95, 14],
			"rotation": {"angle": 0, "axis": "y", "origin": [8, 12.45, 8]},
			"faces": {
				"north": {"uv": [0.25, 0.25, 0.75, 0.5], "texture": "#0"},
				"east": {"uv": [0, 0.25, 0.25, 0.5], "texture": "#0"},
				"south": {"uv": [1, 0.25, 1.5, 0.5], "texture": "#0"},
				"west": {"uv": [0.75, 0.25, 1, 0.5], "texture": "#0"},
				"up": {"uv": [0.75, 0.25, 0.25, 0], "texture": "#0"},
				"down": {"uv": [1.25, 0, 0.75, 0.25], "texture": "#0"}
			}
		},
		{
			"from": [6.8, 11.95, 7],
			"to": [9.2, 12.95, 9],
			"rotation": {"angle": 45, "axis": "y", "origin": [8, 12.45, 8]},
			"faces": {
				"north": {"uv": [0.5, 0.5, 1, 0.75], "texture": "#0"},
				"east": {"uv": [0, 0.5, 0.5, 0.75], "texture": "#0"},
				"south": {"uv": [1.5, 0.5, 2, 0.75], "texture": "#0"},
				"west": {"uv": [1, 0.5, 1.5, 0.75], "texture": "#0"},
				"up": {"uv": [1, 0.5, 0.5, 0], "texture": "#0"},
				"down": {"uv": [1.5, 0, 1, 0.5], "texture": "#0"}
			}
		},
		{
			"from": [6.8, 12.45, 9],
			"to": [9.2, 13.45, 11],
			"rotation": {"angle": 45, "axis": "y", "origin": [8, 12.45, 8]},
			"faces": {
				"north": {"uv": [0.5, 0.5, 1, 0.75], "texture": "#0"},
				"east": {"uv": [0, 0.5, 0.5, 0.75], "texture": "#0"},
				"south": {"uv": [1.5, 0.5, 2, 0.75], "texture": "#0"},
				"west": {"uv": [1, 0.5, 1.5, 0.75], "texture": "#0"},
				"up": {"uv": [1, 0.5, 0.5, 0], "texture": "#0"},
				"down": {"uv": [1.5, 0, 1, 0.5], "texture": "#0"}
			}
		},
		{
			"from": [6.8, 13.15, 11],
			"to": [9.2, 14.15, 13],
			"rotation": {"angle": 45, "axis": "y", "origin": [8, 12.45, 8]},
			"faces": {
				"north": {"uv": [0.5, 0.5, 1, 0.75], "texture": "#0"},
				"east": {"uv": [0, 0.5, 0.5, 0.75], "texture": "#0"},
				"south": {"uv": [1.5, 0.5, 2, 0.75], "texture": "#0"},
				"west": {"uv": [1, 0.5, 1.5, 0.75], "texture": "#0"},
				"up": {"uv": [1, 0.5, 0.5, 0], "texture": "#0"},
				"down": {"uv": [1.5, 0, 1, 0.5], "texture": "#0"}
			}
		},
		{
			"from": [6.8, 13.95, 13],
			"to": [9.2, 14.95, 14],
			"rotation": {"angle": 45, "axis": "y", "origin": [8, 12.45, 8]},
			"faces": {
				"north": {"uv": [0.25, 0.25, 0.75, 0.5], "texture": "#0"},
				"east": {"uv": [0, 0.25, 0.25, 0.5], "texture": "#0"},
				"south": {"uv": [1, 0.25, 1.5, 0.5], "texture": "#0"},
				"west": {"uv": [0.75, 0.25, 1, 0.5], "texture": "#0"},
				"up": {"uv": [0.75, 0.25, 0.25, 0], "texture": "#0"},
				"down": {"uv": [1.25, 0, 0.75, 0.25], "texture": "#0"}
			}
		},
		{
			"from": [6.8, 11.95, 7],
			"to": [9.2, 12.95, 9],
			"rotation": {"angle": 45, "axis": "y", "origin": [8, 12.45, 8]},
			"faces": {
				"north": {"uv": [0.5, 0.5, 1, 0.75], "texture": "#0"},
				"east": {"uv": [0, 0.5, 0.5, 0.75], "texture": "#0"},
				"south": {"uv": [1.5, 0.5, 2, 0.75], "texture": "#0"},
				"west": {"uv": [1, 0.5, 1.5, 0.75], "texture": "#0"},
				"up": {"uv": [1, 0.5, 0.5, 0], "texture": "#0"},
				"down": {"uv": [1.5, 0, 1, 0.5], "texture": "#0"}
			}
		},
		{
			"from": [6.8, 12.45, 9],
			"to": [9.2, 13.45, 11],
			"rotation": {"angle": 45, "axis": "y", "origin": [8, 12.45, 8]},
			"faces": {
				"north": {"uv": [0.5, 0.5, 1, 0.75], "texture": "#0"},
				"east": {"uv": [0, 0.5, 0.5, 0.75], "texture": "#0"},
				"south": {"uv": [1.5, 0.5, 2, 0.75], "texture": "#0"},
				"west": {"uv": [1, 0.5, 1.5, 0.75], "texture": "#0"},
				"up": {"uv": [1, 0.5, 0.5, 0], "texture": "#0"},
				"down": {"uv": [1.5, 0, 1, 0.5], "texture": "#0"}
			}
		},
		{
			"from": [6.8, 13.15, 11],
			"to": [9.2, 14.15, 13],
			"rotation": {"angle": 45, "axis": "y", "origin": [8, 12.45, 8]},
			"faces": {
				"north": {"uv": [0.5, 0.5, 1, 0.75], "texture": "#0"},
				"east": {"uv": [0, 0.5, 0.5, 0.75], "texture": "#0"},
				"south": {"uv": [1.5, 0.5, 2, 0.75], "texture": "#0"},
				"west": {"uv": [1, 0.5, 1.5, 0.75], "texture": "#0"},
				"up": {"uv": [1, 0.5, 0.5, 0], "texture": "#0"},
				"down": {"uv": [1.5, 0, 1, 0.5], "texture": "#0"}
			}
		},
		{
			"from": [6.8, 13.95, 13],
			"to": [9.2, 14.95, 14],
			"rotation": {"angle": 45, "axis": "y", "origin": [8, 12.45, 8]},
			"faces": {
				"north": {"uv": [0.25, 0.25, 0.75, 0.5], "texture": "#0"},
				"east": {"uv": [0, 0.25, 0.25, 0.5], "texture": "#0"},
				"south": {"uv": [1, 0.25, 1.5, 0.5], "texture": "#0"},
				"west": {"uv": [0.75, 0.25, 1, 0.5], "texture": "#0"},
				"up": {"uv": [0.75, 0.25, 0.25, 0], "texture": "#0"},
				"down": {"uv": [1.25, 0, 0.75, 0.25], "texture": "#0"}
			}
		},
		{
			"from": [2, -1, 2],
			"to": [14, 3, 14],
			"faces": {
				"north": {"uv": [12, 8.5, 16, 9.5], "texture": "#0"},
				"east": {"uv": [12, 8.5, 16, 9.5], "texture": "#0"},
				"south": {"uv": [12, 8.5, 16, 9.5], "texture": "#0"},
				"west": {"uv": [12, 8.5, 16, 9.5], "texture": "#0"},
				"up": {"uv": [12, 9.5, 16, 13.5], "texture": "#0"},
				"down": {"uv": [12, 9.5, 16, 13.5], "texture": "#0"}
			}
		},
		{
			"from": [6.8, 0, 5],
			"to": [9.2, 11, 11],
			"rotation": {"angle": 0, "axis": "x", "origin": [8, 0, 8]},
			"faces": {
				"north": {"uv": [3.25, 0, 5.75, 8], "texture": "#0"},
				"east": {"uv": [4, 13.25, 5.5, 16], "texture": "#0"},
				"south": {"uv": [3.25, 0, 5.75, 8], "texture": "#0"},
				"west": {"uv": [6, 13.25, 7.5, 16], "texture": "#0"},
				"up": {"uv": [6, 13.25, 5.5, 11.75], "texture": "#0"},
				"down": {"uv": [6.5, 11.75, 6, 13.25], "texture": "#0"}
			}
		},
		{
			"from": [6.8, 0, 5],
			"to": [9.2, 11.2, 11],
			"rotation": {"angle": 45, "axis": "y", "origin": [8, 0, 8]},
			"faces": {
				"north": {"uv": [8.5, 0, 11, 8], "texture": "#0"},
				"east": {"uv": [0, 13.25, 1.5, 16], "texture": "#0"},
				"south": {"uv": [13.5, 0, 16, 8], "texture": "#0"},
				"west": {"uv": [2, 13.25, 3.5, 16], "texture": "#0"},
				"up": {"uv": [2, 13.25, 1.5, 11.75], "texture": "#0"},
				"down": {"uv": [2.5, 11.75, 2, 13.25], "texture": "#0"}
			}
		},
		{
			"from": [5, 0, 6.8],
			"to": [11, 11, 9.2],
			"rotation": {"angle": 0, "axis": "y", "origin": [8, 0, 8]},
			"faces": {
				"north": {"uv": [0.5, 9, 2, 11.75], "texture": "#0"},
				"east": {"uv": [3.25, 0, 5.75, 8], "texture": "#0"},
				"south": {"uv": [2.5, 9, 4, 11.75], "texture": "#0"},
				"west": {"uv": [3.25, 0, 5.75, 8], "texture": "#0"},
				"up": {"uv": [2, 9, 0.5, 8.5], "texture": "#0"},
				"down": {"uv": [3.5, 8.5, 2, 9], "texture": "#0"}
			}
		},
		{
			"from": [5, 0, 6.8],
			"to": [11, 11.1, 9.2],
			"rotation": {"angle": 45, "axis": "y", "origin": [8, 0, 8]},
			"faces": {
				"north": {"uv": [4.5, 9, 6, 11.75], "texture": "#0"},
				"east": {"uv": [11, 0, 13.5, 8], "texture": "#0"},
				"south": {"uv": [6.5, 9, 8, 11.75], "texture": "#0"},
				"west": {"uv": [6, 0, 8.5, 8], "texture": "#0"},
				"up": {"uv": [6, 9, 4.5, 8.5], "texture": "#0"},
				"down": {"uv": [7.5, 8.5, 6, 9], "texture": "#0"}
			}
		},
		{
			"from": [7.5, 9.5, 10.75],
			"to": [8.5, 17.5, 11.75],
			"rotation": {"angle": 45, "axis": "x", "origin": [8, 12, 8]},
			"faces": {
				"north": {"uv": [14.25, 14, 14.5, 16], "texture": "#0"},
				"east": {"uv": [14, 14, 14.25, 16], "texture": "#0"},
				"south": {"uv": [14.75, 14, 15, 16], "texture": "#0"},
				"west": {"uv": [14.5, 14, 14.75, 16], "texture": "#0"},
				"up": {"uv": [14.5, 14, 14.25, 13.75], "texture": "#0"},
				"down": {"uv": [14.75, 13.75, 14.5, 14], "texture": "#0"}
			}
		},
		{
			"from": [7.5, 9.5, 4.25],
			"to": [8.5, 17.5, 5.25],
			"rotation": {"angle": -45, "axis": "x", "origin": [8, 12, 8]},
			"faces": {
				"north": {"uv": [13, 14, 13.25, 16], "texture": "#0"},
				"east": {"uv": [12.75, 14, 13, 16], "texture": "#0"},
				"south": {"uv": [13.5, 14, 13.75, 16], "texture": "#0"},
				"west": {"uv": [13.25, 14, 13.5, 16], "texture": "#0"},
				"up": {"uv": [13.25, 14, 13, 13.75], "texture": "#0"},
				"down": {"uv": [13.5, 13.75, 13.25, 14], "texture": "#0"}
			}
		},
		{
			"from": [4.25, 9.5, 7.5],
			"to": [5.25, 17.5, 8.5],
			"rotation": {"angle": 45, "axis": "z", "origin": [8, 12, 8]},
			"faces": {
				"north": {"uv": [11.75, 14, 12, 16], "texture": "#0"},
				"east": {"uv": [11.5, 14, 11.75, 16], "texture": "#0"},
				"south": {"uv": [12.25, 14, 12.5, 16], "texture": "#0"},
				"west": {"uv": [12, 14, 12.25, 16], "texture": "#0"},
				"up": {"uv": [12, 14, 11.75, 13.75], "texture": "#0"},
				"down": {"uv": [12.25, 13.75, 12, 14], "texture": "#0"}
			}
		},
		{
			"from": [10.75, 9.5, 7.5],
			"to": [11.75, 17.5, 8.5],
			"rotation": {"angle": -45, "axis": "z", "origin": [8, 12, 8]},
			"faces": {
				"north": {"uv": [15.25, 14, 15.5, 16], "texture": "#0"},
				"east": {"uv": [15, 14, 15.25, 16], "texture": "#0"},
				"south": {"uv": [15.75, 14, 16, 16], "texture": "#0"},
				"west": {"uv": [15.5, 14, 15.75, 16], "texture": "#0"},
				"up": {"uv": [15.5, 14, 15.25, 13.75], "texture": "#0"},
				"down": {"uv": [15.75, 13.75, 15.5, 14], "texture": "#0"}
			}
		}
	],
	"display": {
		"head": {
			"translation": [0, 11.25, 0],
			"scale": [0.69, 0.69, 0.69]
		},
		"fixed": {
			"rotation": [90, 0, 0],
			"translation": [0, 0, 15.75],
			"scale": [2.67, 2.937, 2.67]
		}
	},
	"groups": [
		{
			"name": "group",
			"origin": [8, 0, 8],
			"color": 0,
			"children": [
				{
					"name": "group",
					"origin": [8, 0, 8],
					"color": 0,
					"children": [0, 1, 2, 3, 4, 5, 6, 7, 8, 9, 10, 11, 12, 13, 14, 15, 16, 17, 18, 19, 20, 21, 22, 23, 24, 25, 26, 27, 28, 29, 30, 31, 32, 33, 34, 35, 36, 37, 38, 39, 40, 41, 42, 43, 44, 45, 46, 47, 48, 49, 50, 51, 52, 53, 54, 55, 56, 57, 58, 59, 60, 61, 62, 63]
				},
				{
					"name": "group",
					"origin": [8, 0, 8],
					"color": 0,
					"children": [64, 65, 66, 67, 68, 69, 70, 71, 72, 73, 74, 75, 76, 77, 78, 79, 80, 81, 82, 83, 84, 85, 86, 87, 88, 89, 90, 91, 92, 93, 94, 95, 96, 97, 98, 99, 100, 101, 102, 103, 104, 105, 106, 107, 108, 109, 110, 111, 112, 113, 114, 115, 116, 117, 118, 119, 120, 121, 122, 123, 124, 125, 126, 127]
				}
			]
		},
		128,
		{
			"name": "group",
			"origin": [0, 0, 0],
			"color": 0,
			"children": [
				129,
				130,
				131,
				132,
				{
					"name": "group",
					"origin": [8, 11, 8],
					"color": 0,
					"children": [133, 134, 135, 136]
				}
			]
		}
	]
}