{
	"credit": "Made with Blockbench",
	"parent": "blaze_rod",
	"texture_size": [256, 256],
	"textures": {
		"0": "item/ankha",
		"particle": "item/ankha"
	},
	"elements": [
		{
			"from": [-16, -16, 0],
			"to": [32, 32, 0.1],
			"faces": {
				"north": {"uv": [0, 0, 16, 16], "texture": "#0"},
				"east": {"uv": [0, 0, 0.0625, 3], "texture": "#0"},
				"south": {"uv": [0, 0, 16, 16], "texture": "#0"},
				"west": {"uv": [0, 0, 0.0625, 3], "texture": "#0"},
				"up": {"uv": [0, 0, 0, 0], "texture": "#0"},
				"down": {"uv": [0, 0, 3, 0.0625], "texture": "#0"}
			}
		}
	],
	"display": {
		"thirdperson_righthand": {
			"rotation": [0, 0, -89],
			"scale": [0.18, 0.18, 0.2]
		},
		"thirdperson_lefthand": {
			"scale": [0.17, 0.19, 0.18]
		},
		"firstperson_righthand": {
			"scale": [0.21, 0.22, 0.22]
		},
		"firstperson_lefthand": {
			"scale": [0.16, 0.16, 0.17]
		},
		"ground": {
			"scale": [0.06, 0.07, 0.07]
		},
		"gui": {
			"scale": [0.28, 0.29, 0.26]
		},
		"head": {
			"translation": [0, 0, 11.75],
			"scale": [0.27, 0.27, 2.3]
		},
		"fixed": {
			"translation": [0, 0, -1],
			"scale": [4, 4, 0.14]
		}
	}
}