{
	"credit": "Made with Blockbench",
	"texture_size": [64, 32],
	"textures": {
		"layer0": "item/lectern_book"
	},
	"elements": [
		{
			"name": "cover_left_rotation",
			"from": [7.15, 3, 5.1],
			"to": [7.25, 13, 11.1],
			"rotation": {"angle": 0, "axis": "y", "origin": [7, 3, 8]},
			"faces": {
				"north": {"uv": [0, 0, 0.25, 5], "texture": "#layer0"},
				"east": {"uv": [4, 0, 5.5, 5], "texture": "#layer0"},
				"south": {"uv": [4, 0, 4.25, 5], "texture": "#layer0"},
				"west": {"uv": [5.5, 0, 7, 5], "texture": "#layer0"},
				"up": {"uv": [5.5, 0, 4, 0.5], "rotation": 90, "texture": "#layer0"},
				"down": {"uv": [5.5, 0, 4, 0.5], "rotation": 270, "texture": "#layer0"}
			}
		},
		{
			"name": "cover_right_rotation",
			"from": [8.75, 3, 5.1],
			"to": [8.85, 13, 11.1],
			"rotation": {"angle": 0, "axis": "y", "origin": [9, 3, 8]},
			"faces": {
				"north": {"uv": [0, 0, 0.25, 5], "texture": "#layer0"},
				"east": {"uv": [1.5, 0, 3, 5], "texture": "#layer0"},
				"south": {"uv": [3.25, 0, 3.5, 5], "texture": "#layer0"},
				"west": {"uv": [0, 0, 1.5, 5], "texture": "#layer0"},
				"up": {"uv": [0, 5, 0.25, 2], "texture": "#layer0"},
				"down": {"uv": [0, 2, 0.25, 5], "texture": "#layer0"}
			}
		},
		{
			"name": "spine_rotation",
			"from": [7.25, 3, 11],
			"to": [8.75, 13, 11.1],
			"faces": {
				"north": {"uv": [3, 0, 3.5, 5], "texture": "#layer0"},
				"east": {"uv": [3, 0, 3, 5], "texture": "#layer0"},
				"south": {"uv": [3, 0, 3.5, 5], "texture": "#layer0"},
				"west": {"uv": [3.5, 0, 3.5, 5], "texture": "#layer0"},
				"up": {"uv": [3.5, 0, 3, 0.5], "texture": "#layer0"},
				"down": {"uv": [4, 0, 3.5, 0.5], "texture": "#layer0"}
			}
		},
		{
			"name": "page_left_rotation",
			"from": [7.25, 3.25, 5.25],
			"to": [8.75, 12.75, 11],
			"rotation": {"angle": 0, "axis": "y", "origin": [8, 2, 8.1]},
			"faces": {
				"north": {"uv": [0.25, 8.5, 8.25, 9], "texture": "#layer0"},
				"east": {"uv": [6, 5, 7.25, 9], "texture": "#layer0"},
				"south": {"uv": [1.5, 5.5, 1.75, 9.5], "texture": "#layer0"},
				"west": {"uv": [7.25, 5, 8.5, 9], "texture": "#layer0"},
				"up": {"uv": [8.5, 9, 0.25, 8.5], "texture": "#layer0"},
				"down": {"uv": [8.5, 8.5, 0.25, 9], "texture": "#layer0"}
			}
		}
	],
	"overrides": [
		{
			"predicate": {
				"custom_model_data": 668
			},
			"model": "item/magic_book"
		},
		{
			"predicate": {
				"custom_model_data": 669
			},
			"model": "item/magic_book_ready"
		},
		{
			"predicate": {
				"custom_model_data": 670
			},
			"model": "item/magic_book_steady"
		},
		{
			"predicate": {
				"custom_model_data": 671
			},
			"model": "item/magic_book_go"
		},
		{
			"predicate": {
				"custom_model_data": 4269
			},
			"model": "item/golemhead"
		},
		{
			"predicate": {
				"custom_model_data": 5000
			},
			"model": "item/minotaur"
		},
		{
			"predicate": {
				"custom_model_data": 5001
			},
			"model": "item/stairs2"
		},
		{
			"predicate": {
				"custom_model_data": 5002
			},
			"model": "item/stairs3"
		},
		{
			"predicate": {
				"custom_model_data": 5003
			},
			"model": "item/magic_book"
		},
		{
			"predicate": {
				"custom_model_data": 5004
			},
			"model": "item/ench"
		}
	],
	"display": {
		"thirdperson_righthand": {
			"rotation": [0, 55, 0],
			"translation": [-2, -1.5, -1.75]
		},
		"thirdperson_lefthand": {
			"rotation": [0, 55, 0],
			"translation": [-2, -1.5, -1.75]
		},
		"firstperson_righthand": {
			"rotation": [7, 23, 16],
			"translation": [0.75, 0.5, 0]
		},
		"firstperson_lefthand": {
			"rotation": [7, 23, 16],
			"translation": [0.75, 0.75, 0]
		},
		"ground": {
			"rotation": [0, 0, -90]
		},
		"gui": {
			"rotation": [-1, -127, 37],
			"scale": [1.68, 1.68, 1.68]
		},
		"head": {
			"rotation": [0, 27, 90],
			"translation": [0, -22.75, 0],
			"scale": [1.42, 1.42, 1.42]
		},
		"fixed": {
			"rotation": [90, 70, 90],
			"translation": [0, 0, -1.25],
			"scale": [1.47, 1.47, 1.47]
		}
	},
	"groups": [
		{
			"name": "cover_left",
			"origin": [1, 5, 0],
			"color": 0,
			"children": [
				{
					"name": "cover_left_rotation",
					"origin": [4, 5, 0],
					"color": 0,
					"children": [0]
				}
			]
		},
		{
			"name": "cover_right",
			"origin": [-1, 5, 0],
			"color": 0,
			"children": [
				{
					"name": "cover_right_rotation",
					"origin": [-4, 5, 0],
					"color": 0,
					"children": [1]
				}
			]
		},
		{
			"name": "book_spine",
			"origin": [0, 5, 0],
			"color": 0,
			"children": [
				{
					"name": "spine_rotation",
					"origin": [0, 5, 0],
					"color": 0,
					"children": [2]
				}
			]
		},
		{
			"name": "pages_left",
			"origin": [0, 5, 0],
			"color": 0,
			"children": [
				{
					"name": "page_left_rotation",
					"origin": [2.5, 5, -0.5],
					"color": 0,
					"children": [3]
				}
			]
		}
	]
}