{
	"credit": "Made with Blockbench",
	"parent": "stick",
	"textures": {
		"0": "item/sculk_bottel",
		"1": "item/beer_pomp",
		"particle": "item/sculk_bottel"
	},
	"elements": [
		{
			"from": [7, 0, 6],
			"to": [9, 0.25, 8],
			"faces": {
				"north": {"uv": [5, 3, 7, 3], "texture": "#0"},
				"east": {"uv": [3, 3, 5, 3], "texture": "#0"},
				"south": {"uv": [9, 3, 11, 3], "texture": "#0"},
				"west": {"uv": [7, 3, 9, 3], "texture": "#0"},
				"up": {"uv": [7, 3, 5, 1], "texture": "#0"},
				"down": {"uv": [9, 1, 7, 3], "texture": "#0"}
			}
		},
		{
			"from": [7, 2.25, 6],
			"to": [9, 2.5, 6.75],
			"faces": {
				"north": {"uv": [1, 0.75, 3, 0.75], "texture": "#0"},
				"east": {"uv": [1, 0.75, 1, 0.75], "texture": "#0"},
				"south": {"uv": [3, 0.75, 5, 0.75], "texture": "#0"},
				"west": {"uv": [3, 0.75, 3, 0.75], "texture": "#0"},
				"up": {"uv": [3, 0.75, 1, 0.75], "texture": "#0"},
				"down": {"uv": [5, 0.75, 3, 0.75], "texture": "#0"}
			}
		},
		{
			"from": [7, 2.25, 7.25],
			"to": [9, 2.5, 8],
			"faces": {
				"north": {"uv": [1, 0.75, 3, 0.75], "texture": "#0"},
				"east": {"uv": [1, 0.75, 1, 0.75], "texture": "#0"},
				"south": {"uv": [3, 0.75, 5, 0.75], "texture": "#0"},
				"west": {"uv": [3, 0.75, 3, 0.75], "texture": "#0"},
				"up": {"uv": [3, 0.75, 1, 0.75], "texture": "#0"},
				"down": {"uv": [5, 0.75, 3, 0.75], "texture": "#0"}
			}
		},
		{
			"from": [7, 2.25, 6.75],
			"to": [7.75, 2.5, 7.25],
			"faces": {
				"north": {"uv": [1, 0.5, 1, 0.5], "texture": "#0"},
				"east": {"uv": [1, 0.5, 1, 0.5], "texture": "#0"},
				"south": {"uv": [1, 0.5, 1, 0.5], "texture": "#0"},
				"west": {"uv": [1, 0.5, 1, 0.5], "texture": "#0"},
				"up": {"uv": [1, 0.5, 1, 0.5], "texture": "#0"},
				"down": {"uv": [1, 0.5, 1, 0.5], "texture": "#0"}
			}
		},
		{
			"from": [8.25, 2.25, 6.75],
			"to": [9, 2.5, 7.25],
			"faces": {
				"north": {"uv": [1, 0.5, 1, 0.5], "texture": "#0"},
				"east": {"uv": [1, 0.5, 1, 0.5], "texture": "#0"},
				"south": {"uv": [1, 0.5, 1, 0.5], "texture": "#0"},
				"west": {"uv": [1, 0.5, 1, 0.5], "texture": "#0"},
				"up": {"uv": [1, 0.5, 1, 0.5], "texture": "#0"},
				"down": {"uv": [1, 0.5, 1, 0.5], "texture": "#0"}
			}
		},
		{
			"from": [6.75, 0.25, 6],
			"to": [7, 2.25, 8],
			"faces": {
				"north": {"uv": [7, 7, 7, 9], "texture": "#0"},
				"east": {"uv": [5, 7, 7, 9], "texture": "#0"},
				"south": {"uv": [9, 7, 9, 9], "texture": "#0"},
				"west": {"uv": [7, 7, 9, 9], "texture": "#0"},
				"up": {"uv": [7, 7, 7, 5], "texture": "#0"},
				"down": {"uv": [7, 5, 7, 7], "texture": "#0"}
			}
		},
		{
			"from": [9, 0.25, 6],
			"to": [9.25, 2.25, 8],
			"faces": {
				"north": {"uv": [6, 10, 6, 12], "texture": "#0"},
				"east": {"uv": [4, 10, 6, 12], "texture": "#0"},
				"south": {"uv": [8, 10, 8, 12], "texture": "#0"},
				"west": {"uv": [6, 10, 8, 12], "texture": "#0"},
				"up": {"uv": [6, 10, 6, 8], "texture": "#0"},
				"down": {"uv": [6, 8, 6, 10], "texture": "#0"}
			}
		},
		{
			"from": [7, 0.25, 5.75],
			"to": [9, 2.25, 6],
			"faces": {
				"north": {"uv": [5, 2, 7, 4], "texture": "#0"},
				"east": {"uv": [5, 2, 5, 4], "texture": "#0"},
				"south": {"uv": [7, 2, 9, 4], "texture": "#0"},
				"west": {"uv": [7, 2, 7, 4], "texture": "#0"},
				"up": {"uv": [7, 2, 5, 2], "rotation": 270, "texture": "#0"},
				"down": {"uv": [9, 2, 7, 2], "rotation": 90, "texture": "#0"}
			}
		},
		{
			"from": [7, 0.25, 8],
			"to": [9, 2.25, 8.25],
			"faces": {
				"north": {"uv": [4, 3, 6, 5], "texture": "#0"},
				"east": {"uv": [4, 3, 4, 5], "texture": "#0"},
				"south": {"uv": [6, 3, 8, 5], "texture": "#0"},
				"west": {"uv": [6, 3, 6, 5], "texture": "#0"},
				"up": {"uv": [6, 3, 4, 3], "rotation": 270, "texture": "#0"},
				"down": {"uv": [8, 3, 6, 3], "rotation": 90, "texture": "#0"}
			}
		},
		{
			"from": [7.75, 2, 6.75],
			"to": [8.25, 5, 7.25],
			"faces": {
				"north": {"uv": [7, 4.5, 7, 7.5], "texture": "#1"},
				"east": {"uv": [7, 4.5, 7, 7.5], "texture": "#1"},
				"south": {"uv": [7, 4.5, 7, 7.5], "texture": "#1"},
				"west": {"uv": [7, 4.5, 7, 7.5], "texture": "#1"},
				"up": {"uv": [7, 4.5, 7, 4.5], "texture": "#1"},
				"down": {"uv": [7, 4.5, 7, 4.5], "texture": "#1"}
			}
		},
		{
			"from": [7.5, 5, 6.85],
			"to": [8.8, 5.7, 7.1],
			"faces": {
				"north": {"uv": [7, 2.25, 8, 2.25], "texture": "#1"},
				"east": {"uv": [7, 2.25, 7, 2.25], "texture": "#1"},
				"south": {"uv": [8, 2.25, 9, 2.25], "texture": "#1"},
				"west": {"uv": [8, 2.25, 8, 2.25], "texture": "#1"},
				"up": {"uv": [8, 2.25, 7, 2.25], "texture": "#1"},
				"down": {"uv": [9, 2.25, 8, 2.25], "texture": "#1"}
			}
		},
		{
			"from": [7.75, 5.7, 6.95],
			"to": [9.25, 6.4, 7.2],
			"faces": {
				"north": {"uv": [7, 2.25, 8, 2.25], "texture": "#1"},
				"east": {"uv": [7, 2.25, 7, 2.25], "texture": "#1"},
				"south": {"uv": [8, 2.25, 9, 2.25], "texture": "#1"},
				"west": {"uv": [8, 2.25, 8, 2.25], "texture": "#1"},
				"up": {"uv": [8, 2.25, 7, 2.25], "texture": "#1"},
				"down": {"uv": [9, 2.25, 8, 2.25], "texture": "#1"}
			}
		},
		{
			"from": [8.05, 6.4, 6.85],
			"to": [9.55, 7.1, 7.1],
			"faces": {
				"north": {"uv": [7, 2.25, 8, 2.25], "texture": "#1"},
				"east": {"uv": [7, 2.25, 7, 2.25], "texture": "#1"},
				"south": {"uv": [8, 2.25, 9, 2.25], "texture": "#1"},
				"west": {"uv": [8, 2.25, 8, 2.25], "texture": "#1"},
				"up": {"uv": [8, 2.25, 7, 2.25], "texture": "#1"},
				"down": {"uv": [9, 2.25, 8, 2.25], "texture": "#1"}
			}
		},
		{
			"from": [8.45, 7.1, 6.95],
			"to": [9.95, 7.7, 7.2],
			"faces": {
				"north": {"uv": [7, 2.25, 8, 2.25], "texture": "#1"},
				"east": {"uv": [7, 2.25, 7, 2.25], "texture": "#1"},
				"south": {"uv": [8, 2.25, 9, 2.25], "texture": "#1"},
				"west": {"uv": [8, 2.25, 8, 2.25], "texture": "#1"},
				"up": {"uv": [8, 2.25, 7, 2.25], "texture": "#1"},
				"down": {"uv": [9, 2.25, 8, 2.25], "texture": "#1"}
			}
		}
	],
	"display": {
		"thirdperson_righthand": {
			"translation": [0, 6.75, 0]
		},
		"thirdperson_lefthand": {
			"translation": [0, 6.75, 0]
		},
		"firstperson_righthand": {
			"translation": [0, 6, 0]
		},
		"firstperson_lefthand": {
			"translation": [0, 6, 0]
		},
		"ground": {
			"translation": [0, 5.5, 0]
		},
		"gui": {
			"translation": [0, 8.25, 0],
			"scale": [2, 2, 2]
		},
		"head": {
			"translation": [0, 22.5, 0],
			"scale": [2, 2, 2]
		},
		"fixed": {
			"rotation": [-90, 0, 0],
			"translation": [0, 2, -16.25],
			"scale": [2, 2, 2]
		}
	},
	"groups": [
		{
			"name": "group",
			"origin": [0, 0, 0],
			"color": 0,
			"nbt": "{}",
			"armAnimationEnabled": false,
			"children": [0, 1, 2, 3, 4, 5, 6, 7, 8]
		},
		{
			"name": "group",
			"origin": [0, 0, 0],
			"color": 0,
			"nbt": "{}",
			"armAnimationEnabled": false,
			"children": [9, 10, 11, 12, 13]
		}
	]
}