{
	"parent": "item/handheld",
	"textures": {
		"layer0": "item/carrot_on_a_stick"
	},

	"overrides": [
		{ "predicate": {"custom_model_data":3997}, "model": "item/homeitems/personal3"},
		{ "predicate": {"custom_model_data":3998}, "model": "item/homeitems/personal2"},
		{ "predicate": {"custom_model_data":3999}, "model": "item/homeitems/personal1"},
		{ "predicate": {"custom_model_data":4001}, "model": "item/homeitems/races_shard"},
		{ "predicate": {"custom_model_data":4002}, "model": "item/homeitems/spawn_shard"},
		{ "predicate": {"custom_model_data":4003}, "model": "item/homeitems/sethome"},
		{ "predicate": {"custom_model_data":4004}, "model": "item/homeitems/home"},
		{ "predicate": {"custom_model_data":4005}, "model": "item/tannic_stand/tannic_fluid"}
	]
}