{
	"parent": "item/generated",
	"textures": {
		"layer0": "item/chicken"
	},

	"overrides": [
		{ "predicate": {"custom_model_data":1000}, "model": "item/mobs/aminal_death_bodies/chicken_d"},
		{ "predicate": {"custom_model_data":1001}, "model": "item/mobs/aminal_death_bodies/chicken_d2"},
		{ "predicate": {"custom_model_data":1002}, "model": "item/mobs/meats/cat_meat"},
		{ "predicate": {"custom_model_data":1003}, "model": "item/mobs/meats/cooked_cat_meat"},
		{ "predicate": {"custom_model_data":1004}, "model": "item/mobs/aminal_death_bodies/ocelot_d"},
		{ "predicate": {"custom_model_data":1005}, "model": "item/mobs/aminal_death_bodies/ocelot_d2"}
	]
}