{
	"credit": "Made with Blockbench",
	"parent": "stick",
	"textures": {
		"0": "block/amethyst_block",
		"particle": "block/amethyst_block"
	},
	"elements": [
		{
			"from": [0, 0, 0],
			"to": [16, 16, 16],
			"faces": {
				"north": {"uv": [0, 0, 16, 16], "texture": "#0"},
				"east": {"uv": [0, 0, 16, 16], "texture": "#0"},
				"south": {"uv": [0, 0, 16, 16], "texture": "#0"},
				"west": {"uv": [0, 0, 16, 16], "texture": "#0"},
				"up": {"uv": [0, 0, 16, 16], "texture": "#0"},
				"down": {"uv": [0, 0, 16, 16], "texture": "#0"}
			}
		}
	],
	"display": {
		"thirdperson_righthand": {
			"scale": [0.23, 0.23, 0.23]
		},
		"gui": {
			"rotation": [-35, -26, 9],
			"scale": [0.57, 0.57, 0.57]
		},
		"head": {
			"rotation": [-55, -45, 0],
			"translation": [0, -20.75, 0],
			"scale": [0.94, 0.94, 0.94]
		}
	}
}