{
	"credit": "Made with Blockbench",
	"parent": "stick",
	"textures": {
		"0": "block/enchanting_table_bottom",
		"1": "block/enchanting_table_side",
		"2": "block/enchanting_table_top",
		"particle": "block/enchanting_table_bottom"
	},
	"elements": [
		{
			"from": [0, 0, 0],
			"to": [16, 12, 16],
			"faces": {
				"north": {"uv": [0, 4, 16, 16], "texture": "#1"},
				"east": {"uv": [0, 4, 16, 16], "texture": "#1"},
				"south": {"uv": [0, 4, 16, 16], "texture": "#1"},
				"west": {"uv": [0, 4, 16, 16], "texture": "#1"},
				"up": {"uv": [0, 0, 16, 16], "texture": "#2"},
				"down": {"uv": [0, 0, 16, 16], "texture": "#0"}
			}
		}
	],
	"display": {
		"thirdperson_righthand": {
			"rotation": [0, 82, 72],
			"scale": [0.24, 0.25, 0.25]
		},
		"thirdperson_lefthand": {
			"rotation": [48, 1, 0],
			"scale": [0.28, 0.28, 0.28]
		},
		"firstperson_righthand": {
			"scale": [0.28, 0.28, 0.29]
		},
		"firstperson_lefthand": {
			"scale": [0.25, 0.25, 0.26]
		},
		"ground": {
			"scale": [0.3, 0.3, 0.3]
		},
		"gui": {
			"rotation": [22, -38, 0],
			"scale": [0.68, 0.68, 0.69]
		},
		"head": {
			"translation": [0, -4.75, 0],
			"scale": [1.61, 1.61, 1.61]
		},
		"fixed": {
			"rotation": [-90, 0, 0],
			"translation": [0, 0, -16.03],
			"scale": [2.01, 2.02, 2.01]
		}
	}
}