{
	"credit": "Made with Blockbench",
	"parent": "blaze_rod",
	"textures": {
		"0": "item/holy_fire_0",
		"particle": "item/holy_fire_0"
	},
	"elements": [
		{
			"from": [0.25, 0, 0.5],
			"to": [0.25, 16, 15.5],
			"faces": {
				"north": {"uv": [0, 3, 0, 16], "texture": "#missing"},
				"east": {"uv": [16, 3, 0, 16], "texture": "#0"},
				"south": {"uv": [0, 3, 0, 16], "texture": "#missing"},
				"west": {"uv": [0, 3, 16, 16], "texture": "#0"},
				"up": {"uv": [0, 0, 0, 16], "texture": "#missing"},
				"down": {"uv": [0, 0, 0, 16], "texture": "#missing"}
			}
		},
		{
			"from": [0.5, 0, 15.75],
			"to": [15.5, 16, 15.75],
			"faces": {
				"north": {"uv": [16, 3, 0, 16], "texture": "#0"},
				"east": {"uv": [0, 3, 0, 16], "texture": "#missing"},
				"south": {"uv": [0, 3, 16, 16], "texture": "#0"},
				"west": {"uv": [0, 3, 0, 16], "texture": "#missing"},
				"up": {"uv": [0, 0, 0, 16], "rotation": 270, "texture": "#missing"},
				"down": {"uv": [0, 0, 0, 16], "rotation": 90, "texture": "#missing"}
			}
		},
		{
			"from": [15.75, 0, 0.5],
			"to": [15.75, 16, 15.5],
			"faces": {
				"north": {"uv": [0, 3, 0, 16], "texture": "#missing"},
				"east": {"uv": [16, 3, 0, 16], "texture": "#0"},
				"south": {"uv": [0, 3, 0, 16], "texture": "#missing"},
				"west": {"uv": [0, 3, 16, 16], "texture": "#0"},
				"up": {"uv": [0, 0, 0, 16], "texture": "#missing"},
				"down": {"uv": [0, 0, 0, 16], "texture": "#missing"}
			}
		},
		{
			"from": [13.5, -2, 1],
			"to": [13.5, 14, 15],
			"rotation": {"angle": 22.5, "axis": "z", "origin": [7.5, 0, 7.5]},
			"faces": {
				"north": {"uv": [0, 3, 0, 16], "texture": "#missing"},
				"east": {"uv": [16, 3, 0, 16], "texture": "#0"},
				"south": {"uv": [0, 3, 0, 16], "texture": "#missing"},
				"west": {"uv": [0, 3, 16, 16], "texture": "#0"},
				"up": {"uv": [0, 0, 0, 16], "texture": "#missing"},
				"down": {"uv": [0, 0, 0, 16], "texture": "#missing"}
			}
		},
		{
			"from": [3.5, -1, 1],
			"to": [3.5, 15, 15],
			"rotation": {"angle": -22.5, "axis": "z", "origin": [7.5, 0, 7.5]},
			"faces": {
				"north": {"uv": [0, 3, 0, 16], "texture": "#missing"},
				"east": {"uv": [16, 3, 0, 16], "texture": "#0"},
				"south": {"uv": [0, 3, 0, 16], "texture": "#missing"},
				"west": {"uv": [0, 3, 16, 16], "texture": "#0"},
				"up": {"uv": [0, 0, 0, 16], "texture": "#missing"},
				"down": {"uv": [0, 0, 0, 16], "texture": "#missing"}
			}
		},
		{
			"from": [1, -3, 14.5],
			"to": [15, 13, 14.5],
			"rotation": {"angle": -22.5, "axis": "x", "origin": [7.5, 0, 7.5]},
			"faces": {
				"north": {"uv": [16, 3, 0, 16], "texture": "#0"},
				"east": {"uv": [0, 3, 0, 16], "texture": "#missing"},
				"south": {"uv": [0, 3, 16, 16], "texture": "#0"},
				"west": {"uv": [0, 3, 0, 16], "texture": "#missing"},
				"up": {"uv": [0, 0, 0, 16], "rotation": 270, "texture": "#missing"},
				"down": {"uv": [0, 0, 0, 16], "rotation": 90, "texture": "#missing"}
			}
		},
		{
			"from": [1, -2, 1.5],
			"to": [15, 14, 1.5],
			"rotation": {"angle": 22.5, "axis": "x", "origin": [7.5, 0, 7.5]},
			"faces": {
				"north": {"uv": [16, 3, 0, 16], "texture": "#0"},
				"east": {"uv": [0, 3, 0, 16], "texture": "#missing"},
				"south": {"uv": [0, 3, 16, 16], "texture": "#0"},
				"west": {"uv": [0, 3, 0, 16], "texture": "#missing"},
				"up": {"uv": [0, 0, 0, 16], "rotation": 270, "texture": "#missing"},
				"down": {"uv": [0, 0, 0, 16], "rotation": 90, "texture": "#missing"}
			}
		},
		{
			"from": [0.25, 0, 0.25],
			"to": [15.25, 16, 0.25],
			"faces": {
				"north": {"uv": [16, 3, 0, 16], "texture": "#0"},
				"east": {"uv": [0, 3, 0, 16], "texture": "#missing"},
				"south": {"uv": [0, 3, 16, 16], "texture": "#0"},
				"west": {"uv": [0, 3, 0, 16], "texture": "#missing"},
				"up": {"uv": [0, 0, 0, 16], "rotation": 270, "texture": "#missing"},
				"down": {"uv": [0, 0, 0, 16], "rotation": 90, "texture": "#missing"}
			}
		}
	],
	"display": {
		"thirdperson_righthand": {
			"rotation": [0, 45, 0],
			"translation": [0, 2, -4.75],
			"scale": [0.5, 0.5, 0.5]
		},
		"thirdperson_lefthand": {
			"rotation": [0, 45, 0],
			"translation": [0, 2, -4.75],
			"scale": [0.5, 0.5, 0.5]
		},
		"ground": {
			"scale": [0.5, 0.5, 0.5]
		},
		"fixed": {
			"rotation": [-90, 0, 0],
			"translation": [0, 0, -15],
			"scale": [2, 2, 2]
		}
	}
}