{
	"parent": "item/generated",
	"textures": {
		"layer0": "item/tanned_leather"
	},
	"overrides": [
		{"predicate": {"custom_model_data": 4010}, "model": "item/cleaned_leather"},
		{"predicate": {"custom_model_data": 4011}, "model": "item/tanned_leather"},
		{"predicate": {"custom_model_data": 4012}, "model": "item/tight_leather"},
		{"predicate": {"custom_model_data": 4013}, "model": "item/strips_of_leather"},
		{"predicate": {"custom_model_data": 4014}, "model": "item/belt"},
		{"predicate": {"custom_model_data": 4015}, "model": "item/fur/fur_cow"},
		{"predicate": {"custom_model_data": 4016}, "model": "item/fur/fur_pig"},
		{"predicate": {"custom_model_data": 4017}, "model": "item/fur/fur_sheep"},
		{"predicate": {"custom_model_data": 4018}, "model": "item/fur/fur_horse"},
		{"predicate": {"custom_model_data": 4019}, "model": "item/fur/fur_goat"},
		{"predicate": {"custom_model_data": 4020}, "model": "item/fur/fur_polar_bear"},
		{"predicate": {"custom_model_data": 4021}, "model": "item/fur/fur_rabbit"},
		{"predicate": {"custom_model_data": 4022}, "model": "item/fur/fur_fox"},
		{"predicate": {"custom_model_data": 4023}, "model": "item/fur/fur_llama"},
		{"predicate": {"custom_model_data": 4024}, "model": "item/fur/fur_wolf"},
		{"predicate": {"custom_model_data": 4025}, "model": "item/fur/fur_panda"},
		{"predicate": {"custom_model_data": 4026}, "model": "item/fur/fur_hoglin"},
		{"predicate": {"custom_model_data": 4027}, "model": "item/fur/fur_ocelot"}

	]
}