{
	"credit": "Made with Blockbench",
	"parent": "item/generated",
	"textures": {
		"layer0": "item/races_shard"
	},
	"display": {
		"thirdperson_righthand": {
			"rotation": [0, -49, 0],
			"translation": [0.75, 3, 1],
			"scale": [0.62, 0.62, 0.62]
		},
		"thirdperson_lefthand": {
			"rotation": [0, -49, 0],
			"translation": [0.75, 3, 1],
			"scale": [0.62, 0.62, 0.62]
		},
		"firstperson_righthand": {
			"translation": [1.5, 2.25, 0],
			"scale": [0.73, 0.73, 0.73]
		},
		"firstperson_lefthand": {
			"translation": [0.75, 1.5, 0],
			"scale": [0.6, 0.6, 0.6]
		},
		"ground": {
			"rotation": [90, 0, 0]
		},
		"gui": {
			"rotation": [29, 33, 0]
		},
		"head": {
			"rotation": [-91, -90, 0],
			"translation": [0, -26.5, -5.75]
		},
		"fixed": {
			"translation": [0, 0, -1.25]
		}
	}
}