{
	"parent": "item/generated",
	"textures": {
		"layer0": "item/snowball"
	},

	"overrides": [
		{ "predicate": {"custom_model_data":4001}, "model": "item/races_shard"},
		{ "predicate": {"custom_model_data":4002}, "model": "item/spawn_shard"},
		{ "predicate": {"custom_model_data":4003}, "model": "item/sethome"},
		{ "predicate": {"custom_model_data":4004}, "model": "item/home"},
		{ "predicate": {"custom_model_data":4005}, "model": "item/homeitems/soulcrystal"},
		{ "predicate": {"custom_model_data":4006}, "model": "item/miner_tnt_item"},
		{ "predicate": {"custom_model_data":4007}, "model": "item/rock"}
		
	]
}