{
	"parent": "item/generated",
	"textures": {
		"layer0": "item/stick"
	},
	"overrides": [
		{ "predicate": { "custom_model_data":667}, "model": "item/ench"},
		{ "predicate": { "custom_model_data":668}, "model": "item/anubis_key"},
		{ "predicate": { "custom_model_data":669}, "model": "item/lecther_clear_stand"},
		{ "predicate": { "custom_model_data":670}, "model": "item/tannic_stand/tannic_stand"},
		{ "predicate": { "custom_model_data":671}, "model": "item/tannic_stand/tannic_stand_full"},
		{ "predicate": { "custom_model_data":672}, "model": "item/tannic_stand/tannic_stand_full1"},
		{ "predicate": { "custom_model_data":673}, "model": "item/tannic_stand/tannic_stand_full2"},
		{ "predicate": { "custom_model_data":674}, "model": "item/tannic_stand/tannic_stand_full3"},
		{ "predicate": { "custom_model_data":675}, "model": "item/tannic_stand/tannic_stand_full4"},
		{ "predicate": { "custom_model_data":676}, "model": "item/tannic_stand/tannic_stand_full5"},
		{ "predicate": { "custom_model_data":677}, "model": "item/tannic_stand/tannic_stand_full6"},
		{ "predicate": { "custom_model_data":678}, "model": "item/tannic_stand/tannic_stand_closed"},
		{ "predicate": { "custom_model_data":679}, "model": "item/crystal_lich"},
		{ "predicate": { "custom_model_data":680}, "model": "item/bubble"},
		{ "predicate": { "custom_model_data":681}, "model": "item/guihead/head_player"},
		{ "predicate": { "custom_model_data":682}, "model": "item/guihead/elven_head"},
		{ "predicate": { "custom_model_data":683}, "model": "item/guihead/dwarf_head"},
		{ "predicate": { "custom_model_data":684}, "model": "item/guihead/kajit_head"},
		{ "predicate": { "custom_model_data":685}, "model": "item/guihead/argonian_head"},
		{ "predicate": { "custom_model_data":686}, "model": "item/guihead/orc_head"},
		{ "predicate": { "custom_model_data":687}, "model": "item/guihead/avian_head"},
		{ "predicate": { "custom_model_data":688}, "model": "item/guihead/fire_race"},
		{ "predicate": { "custom_model_data":689}, "model": "item/guihead/water_race"},
		{ "predicate": { "custom_model_data":690}, "model": "item/guihead/earth_race"},
		{ "predicate": { "custom_model_data":691}, "model": "item/guihead/air_race"},
		{ "predicate": { "custom_model_data":692}, "model": "item/lizard_tail"},
		{ "predicate": { "custom_model_data":693}, "model": "item/key_l/ear"},
		{ "predicate": { "custom_model_data":694}, "model": "item/key_l/gard"},
		{ "predicate": { "custom_model_data":695}, "model": "item/key_l/rod"},
		{ "predicate": { "custom_model_data":696}, "model": "item/key_l/secret"},
		{ "predicate": { "custom_model_data":697}, "model": "item/key_l/part1"},
		{ "predicate": { "custom_model_data":698}, "model": "item/key_l/part2"},
		{ "predicate": { "custom_model_data":699}, "model": "item/roots"},
		{ "predicate": { "custom_model_data":700}, "model": "item/poisoned_soil"},
		{ "predicate": { "custom_model_data":701}, "model": "item/poison_shard"},
		{ "predicate": { "custom_model_data":702}, "model": "item/curving_knife"},
		{ "predicate": { "custom_model_data":703}, "model": "item/hookah"},
		{ "predicate": { "custom_model_data":704}, "model": "item/glass_jar"},
		{ "predicate": { "custom_model_data":705}, "model": "item/sweetener"},
		{ "predicate": { "custom_model_data":706}, "model": "item/glass_jar_e"},
		{ "predicate": { "custom_model_data":707}, "model": "item/nsi/fiber"},
		{ "predicate": { "custom_model_data":708}, "model": "item/nsi/mesh"},
		{ "predicate": { "custom_model_data":709}, "model": "item/nsi/sieve"},
		{ "predicate": { "custom_model_data":797}, "model": "item/blast_furnace/faucet_liq"},
		{ "predicate": { "custom_model_data":798}, "model": "item/blast_furnace/table"},
		{ "predicate": { "custom_model_data":799}, "model": "item/blast_furnace/faucet"},
		{ "predicate": { "custom_model_data":800}, "model": "item/blast_furnace/metal_out"},
		{ "predicate": { "custom_model_data":801}, "model": "item/blast_furnace/control_off"},
		{ "predicate": { "custom_model_data":802}, "model": "item/blast_furnace/control_on"},
		{ "predicate": { "custom_model_data":804}, "model": "item/blast_furnace/gui/gui_furnace"},
		{ "predicate": { "custom_model_data":805}, "model": "item/blast_furnace/gui/fire_blast"},
		{ "predicate": { "custom_model_data":806}, "model": "item/blast_furnace/cast/blank_cast"},
		{ "predicate": { "custom_model_data":807}, "model": "item/blast_furnace/cast/ingot_cast"},
		{ "predicate": { "custom_model_data":808}, "model": "item/blast_furnace/cast/nugget_cast"},
		{ "predicate": { "custom_model_data":809}, "model": "item/blast_furnace/cast/pickaxe_head_cast"},
		{ "predicate": { "custom_model_data":810}, "model": "item/blast_furnace/cast/small_axe_head_cast"},
		{ "predicate": { "custom_model_data":811}, "model": "item/blast_furnace/cast/small_blade_cast"},
		{ "predicate": { "custom_model_data":812}, "model": "item/blast_furnace/cast/shovel_head_blank"},
		{ "predicate": { "custom_model_data":813}, "model": "item/blast_furnace/cast/hoe_head_blank"},
		{ "predicate": { "custom_model_data":814}, "model": "item/blast_furnace/raw_clay_cast/blank_cast"},
		{ "predicate": { "custom_model_data":815}, "model": "item/blast_furnace/raw_clay_cast/ingot_cast"},
		{ "predicate": { "custom_model_data":816}, "model": "item/blast_furnace/raw_clay_cast/nugget_cast"},
		{ "predicate": { "custom_model_data":817}, "model": "item/blast_furnace/raw_clay_cast/pickaxe_head_cast"},
		{ "predicate": { "custom_model_data":818}, "model": "item/blast_furnace/raw_clay_cast/small_axe_head_cast"},
		{ "predicate": { "custom_model_data":819}, "model": "item/blast_furnace/raw_clay_cast/small_blade_cast"},
		{ "predicate": { "custom_model_data":820}, "model": "item/blast_furnace/raw_clay_cast/shovel_head_blank"},
		{ "predicate": { "custom_model_data":821}, "model": "item/blast_furnace/raw_clay_cast/hoe_head_blank"},
		{ "predicate": { "custom_model_data":822}, "model": "item/blast_furnace/coocet_clay_cast/blank_cast"},
		{ "predicate": { "custom_model_data":823}, "model": "item/blast_furnace/coocet_clay_cast/ingot_cast"},
		{ "predicate": { "custom_model_data":824}, "model": "item/blast_furnace/coocet_clay_cast/nugget_cast"},
		{ "predicate": { "custom_model_data":825}, "model": "item/blast_furnace/coocet_clay_cast/pickaxe_head_cast"},
		{ "predicate": { "custom_model_data":826}, "model": "item/blast_furnace/coocet_clay_cast/small_axe_head_cast"},
		{ "predicate": { "custom_model_data":827}, "model": "item/blast_furnace/coocet_clay_cast/small_blade_cast"},
		{ "predicate": { "custom_model_data":828}, "model": "item/blast_furnace/coocet_clay_cast/shovel_head_blank"},
		{ "predicate": { "custom_model_data":829}, "model": "item/blast_furnace/coocet_clay_cast/hoe_head_blank"},
		{ "predicate": { "custom_model_data":849}, "model": "item/blast_furnace/lava_level/lava_level1"},
		{ "predicate": { "custom_model_data":850}, "model": "item/blast_furnace/lava_level/lava_level2"},
		{ "predicate": { "custom_model_data":851}, "model": "item/blast_furnace/lava_level/lava_level3"},
		{ "predicate": { "custom_model_data":852}, "model": "item/blast_furnace/lava_level/lava_level4"},
		{ "predicate": { "custom_model_data":853}, "model": "item/blast_furnace/lava_level/lava_level5"},
		{ "predicate": { "custom_model_data":854}, "model": "item/blast_furnace/lava_level/lava_level6"},
		{ "predicate": { "custom_model_data":855}, "model": "item/blast_furnace/lava_level/lava_level7"},
		{ "predicate": { "custom_model_data":856}, "model": "item/blast_furnace/lava_level/lava_level8"},
		{ "predicate": { "custom_model_data":857}, "model": "item/blast_furnace/lava_level/gui/gui_lava_level0"},
		{ "predicate": { "custom_model_data":858}, "model": "item/blast_furnace/lava_level/gui/gui_lava_level1"},
		{ "predicate": { "custom_model_data":859}, "model": "item/blast_furnace/lava_level/gui/gui_lava_level2"},
		{ "predicate": { "custom_model_data":860}, "model": "item/blast_furnace/lava_level/gui/gui_lava_level3"},
		{ "predicate": { "custom_model_data":861}, "model": "item/blast_furnace/lava_level/gui/gui_lava_level4"},
		{ "predicate": { "custom_model_data":862}, "model": "item/blast_furnace/lava_level/gui/gui_lava_level5"},
		{ "predicate": { "custom_model_data":863}, "model": "item/blast_furnace/lava_level/gui/gui_lava_level6"},
		{ "predicate": { "custom_model_data":864}, "model": "item/blast_furnace/lava_level/gui/gui_lava_level7"},
		{ "predicate": { "custom_model_data":865}, "model": "item/blast_furnace/lava_level/gui/gui_lava_level8"},
		{ "predicate": { "custom_model_data":866}, "model": "item/blast_furnace/lava_level/gui/liquid_level_back"},
		{ "predicate": { "custom_model_data":869}, "model": "item/blast_furnace/metalback"},
		{ "predicate": { "custom_model_data":870}, "model": "item/clay_furnace"},
		{ "predicate": { "custom_model_data":871}, "model": "item/clay_furnace_on"},
		{ "predicate": { "custom_model_data":872}, "model": "item/custom_painting"},
		{ "predicate": { "custom_model_data":873}, "model": "item/mob_arrival/zombie/zombie_1"},
		{ "predicate": { "custom_model_data":874}, "model": "item/mob_arrival/zombie/zombie_2"},
		{ "predicate": { "custom_model_data":875}, "model": "item/mob_arrival/zombie/zombie_3"},
		{ "predicate": { "custom_model_data":876}, "model": "item/mob_arrival/zombie/zombie_4"},
		{ "predicate": { "custom_model_data":877}, "model": "item/mob_arrival/zombie/zombie_5"},
		{ "predicate": { "custom_model_data":878}, "model": "item/mob_arrival/zombie/zombie_6"},
		{ "predicate": { "custom_model_data":879}, "model": "item/mob_arrival/zombie/zombie_7"},
		{ "predicate": { "custom_model_data":880}, "model": "item/mob_arrival/zombie/zombie_8"},
		{ "predicate": { "custom_model_data":881}, "model": "item/mob_arrival/zombie/zombie_9"},
		{ "predicate": { "custom_model_data":882}, "model": "item/mob_arrival/zombie/zombie_10"},
		{ "predicate": { "custom_model_data":883}, "model": "item/mob_arrival/zombie/zombie_11"},
		{ "predicate": { "custom_model_data":884}, "model": "item/mob_arrival/zombie/zombie_12"},
		{ "predicate": { "custom_model_data":885}, "model": "item/mob_arrival/zombie/zombie_13"},
		{ "predicate": { "custom_model_data":886}, "model": "item/mob_arrival/zombie/zombie_14"},
		{ "predicate": { "custom_model_data":887}, "model": "item/monument"},
		{ "predicate": { "custom_model_data":888}, "model": "item/magic_book/magic_book_0"},
		{ "predicate": { "custom_model_data":889}, "model": "item/tannic_stand/tannic_stand_water"},
		{ "predicate": { "custom_model_data":890}, "model": "item/tannic_stand/tannic_stand_spirt"},
		{ "predicate": { "custom_model_data":891}, "model": "item/chest_key"},
		{ "predicate": { "custom_model_data":892}, "model": "item/totem"},
		{ "predicate": { "custom_model_data":893}, "model": "item/ender_backpack"},
		{ "predicate": { "custom_model_data":894}, "model": "item/tannic_stand/tannic_stand_milk"},
		{ "predicate": { "custom_model_data":895}, "model": "item/bottle_ink"},
		{ "predicate": { "custom_model_data":896}, "model": "item/stone_monument"},
		{ "predicate": { "custom_model_data":897}, "model": "item/flower_mixture"},
		{ "predicate": { "custom_model_data":10001}, "model": "item/inventory_extender"}
	]
}
