{
	"credit": "Made with Blockbench",
	"textures": {
		"0": "item/sweetener",
		"particle": "item/sweetener"
	},
	"elements": [
		{
			"from": [5, 0, 5],
			"to": [11, 6, 11],
			"faces": {
				"north": {"uv": [0, 0, 6, 6], "texture": "#0"},
				"east": {"uv": [4, 0, 10, 6], "texture": "#0"},
				"south": {"uv": [1, 0, 7, 6], "texture": "#0"},
				"west": {"uv": [4, 0, 10, 6], "texture": "#0"},
				"up": {"uv": [4, 2, 10, 8], "texture": "#0"},
				"down": {"uv": [0, 0, 6, 6], "texture": "#0"}
			}
		},
		{
			"from": [4, 2.7, 5.6],
			"to": [6, 5.7, 7.6],
			"rotation": {"angle": 45, "axis": "z", "origin": [5.5, 3.5, 6]},
			"faces": {
				"north": {"uv": [9, 0, 11, 3], "texture": "#0"},
				"east": {"uv": [9, 0, 11, 3], "texture": "#0"},
				"south": {"uv": [9, 0, 11, 3], "texture": "#0"},
				"west": {"uv": [9, 0, 11, 3], "texture": "#0"},
				"up": {"uv": [9, 0, 11, 2], "texture": "#0"},
				"down": {"uv": [9, 0, 11, 2], "texture": "#0"}
			}
		},
		{
			"from": [9.8, 0.3, 10.5],
			"to": [10.8, 1.3, 11.5],
			"faces": {
				"north": {"uv": [0, 0, 1, 1], "texture": "#0"},
				"east": {"uv": [0, 0, 1, 1], "texture": "#0"},
				"south": {"uv": [0, 0, 1, 1], "texture": "#0"},
				"west": {"uv": [0, 0, 1, 1], "texture": "#0"},
				"up": {"uv": [0, 0, 1, 1], "texture": "#0"},
				"down": {"uv": [0, 0, 1, 1], "texture": "#0"}
			}
		},
		{
			"from": [8, 0, 3],
			"to": [10, 1, 4],
			"rotation": {"angle": 45, "axis": "x", "origin": [9, 0.5, 11.5]},
			"faces": {
				"north": {"uv": [0, 0, 2, 1], "texture": "#0"},
				"east": {"uv": [0, 0, 1, 1], "texture": "#0"},
				"south": {"uv": [0, 0, 2, 1], "texture": "#0"},
				"west": {"uv": [0, 0, 1, 1], "texture": "#0"},
				"up": {"uv": [0, 0, 2, 1], "texture": "#0"},
				"down": {"uv": [0, 0, 2, 1], "texture": "#0"}
			}
		},
		{
			"from": [4, 1, 8],
			"to": [8, 5, 12],
			"faces": {
				"north": {"uv": [10, 6, 14, 10], "texture": "#0"},
				"east": {"uv": [2, 0, 6, 4], "texture": "#0"},
				"south": {"uv": [10, 8, 14, 12], "texture": "#0"},
				"west": {"uv": [7, 8, 11, 12], "texture": "#0"},
				"up": {"uv": [7, 12, 11, 16], "texture": "#0"},
				"down": {"uv": [0, 3, 4, 7], "texture": "#0"}
			}
		},
		{
			"from": [6.8, 6, 7],
			"to": [10.8, 7, 9],
			"rotation": {"angle": 22.5, "axis": "z", "origin": [11, 6.5, 8]},
			"faces": {
				"north": {"uv": [9, 0, 13, 1], "texture": "#0"},
				"east": {"uv": [8, 0, 10, 1], "texture": "#0"},
				"south": {"uv": [8, 1, 12, 2], "texture": "#0"},
				"west": {"uv": [0, 0, 2, 1], "texture": "#0"},
				"up": {"uv": [9, 0, 13, 2], "texture": "#0"},
				"down": {"uv": [0, 0, 4, 2], "texture": "#0"}
			}
		},
		{
			"from": [6, 6, 6],
			"to": [7, 7, 7],
			"faces": {
				"north": {"uv": [0, 0, 1, 1], "texture": "#0"},
				"east": {"uv": [0, 0, 1, 1], "texture": "#0"},
				"south": {"uv": [0, 0, 1, 1], "texture": "#0"},
				"west": {"uv": [0, 0, 1, 1], "texture": "#0"},
				"up": {"uv": [0, 0, 1, 1], "texture": "#0"},
				"down": {"uv": [0, 0, 1, 1], "texture": "#0"}
			}
		},
		{
			"from": [6, -0.3, 4.6],
			"to": [9, 0.7, 5.6],
			"faces": {
				"north": {"uv": [8, 1, 11, 2], "texture": "#0"},
				"east": {"uv": [8, 1, 9, 2], "texture": "#0"},
				"south": {"uv": [8, 1, 11, 2], "texture": "#0"},
				"west": {"uv": [8, 1, 9, 2], "texture": "#0"},
				"up": {"uv": [8, 1, 11, 2], "texture": "#0"},
				"down": {"uv": [8, 1, 11, 2], "texture": "#0"}
			}
		},
		{
			"from": [10.2, 0.8, 7],
			"to": [11.2, 4.8, 10],
			"rotation": {"angle": 22.5, "axis": "z", "origin": [12.5, 2, 7.5]},
			"faces": {
				"north": {"uv": [8, 1, 9, 5], "texture": "#0"},
				"east": {"uv": [8, 1, 11, 5], "texture": "#0"},
				"south": {"uv": [8, 1, 9, 5], "texture": "#0"},
				"west": {"uv": [8, 1, 11, 5], "texture": "#0"},
				"up": {"uv": [8, 1, 9, 4], "texture": "#0"},
				"down": {"uv": [15, 3, 16, 6], "texture": "#0"}
			}
		},
		{
			"from": [7, 3, 4.5],
			"to": [9, 5, 5.5],
			"faces": {
				"north": {"uv": [1, 2, 3, 4], "texture": "#0"},
				"east": {"uv": [0, 0, 1, 2], "texture": "#0"},
				"south": {"uv": [0, 0, 2, 2], "texture": "#0"},
				"west": {"uv": [3, 2, 4, 4], "texture": "#0"},
				"up": {"uv": [0, 0, 2, 1], "texture": "#0"},
				"down": {"uv": [2, 3, 4, 4], "texture": "#0"}
			}
		},
		{
			"from": [6, -0.5, 7],
			"to": [9, 0.5, 9],
			"faces": {
				"north": {"uv": [8, 1, 11, 2], "texture": "#0"},
				"east": {"uv": [8, 1, 10, 2], "texture": "#0"},
				"south": {"uv": [8, 1, 11, 2], "texture": "#0"},
				"west": {"uv": [8, 1, 10, 2], "texture": "#0"},
				"up": {"uv": [8, 1, 11, 3], "texture": "#0"},
				"down": {"uv": [8, 1, 11, 3], "texture": "#0"}
			}
		}
	],
	"display": {
		"fixed": {
			"translation": [1.75, 15.5, -3.75],
			"scale": [3.02, 3.02, 3.02]
		}
	}
}