{
	"credit": "Made with Blockbench",
	"parent": "stick",
	"texture_size": [64, 64],
	"textures": {
		"1": "block/barrel_top",
		"2": "block/barrel_bottom",
		"3": "block/texture7",
		"4": "block/barrel_inside ",
		"particle": "block/barrel_side",
		"all": "block/barrel_side"
	},
	"elements": [
		{
			"from": [0, 0, 2],
			"to": [2, 16, 16],
			"rotation": {"angle": 0, "axis": "y", "origin": [8, 8, 8]},
			"faces": {
				"north": {"uv": [0, 2, 2, 16], "texture": "#all"},
				"east": {"uv": [0, 2, 14, 16], "texture": "#4"},
				"south": {"uv": [0, 0, 2, 16], "texture": "#all"},
				"west": {"uv": [2, 0, 16, 16], "texture": "#all"},
				"up": {"uv": [0, 16, 14, 14], "rotation": 270, "texture": "#1"},
				"down": {"uv": [0, 0, 14, 2], "rotation": 90, "texture": "#all"}
			}
		},
		{
			"from": [2, 0, 14],
			"to": [16, 16, 16],
			"rotation": {"angle": 0, "axis": "y", "origin": [8, 8, 8]},
			"faces": {
				"north": {"uv": [0, 0, 14, 16], "texture": "#4"},
				"east": {"uv": [0, 0, 2, 16], "texture": "#all"},
				"south": {"uv": [2, 0, 16, 16], "texture": "#all"},
				"west": {"uv": [0, 0, 2, 16], "texture": "#all"},
				"up": {"uv": [14, 0, 16, 14], "rotation": 90, "texture": "#1"},
				"down": {"uv": [0, 0, 14, 2], "rotation": 180, "texture": "#all"}
			}
		},
		{
			"from": [14, 0, 0],
			"to": [16, 16, 14],
			"rotation": {"angle": 0, "axis": "y", "origin": [8, 8, 8]},
			"faces": {
				"north": {"uv": [0, 0, 2, 16], "texture": "#all"},
				"east": {"uv": [2, 0, 16, 16], "texture": "#all"},
				"south": {"uv": [0, 2, 2, 16], "texture": "#all"},
				"west": {"uv": [0, 0, 14, 16], "texture": "#4"},
				"up": {"uv": [0, 0, 14, 2], "rotation": 90, "texture": "#1"},
				"down": {"uv": [0, 0, 14, 2], "rotation": 270, "texture": "#all"}
			}
		},
		{
			"from": [0, 0, 0],
			"to": [14, 16, 2],
			"rotation": {"angle": 0, "axis": "y", "origin": [8, 8, 8]},
			"faces": {
				"north": {"uv": [2, 0, 16, 16], "texture": "#all"},
				"east": {"uv": [0, 2, 2, 16], "texture": "#all"},
				"south": {"uv": [0, 2, 14, 16], "texture": "#4"},
				"west": {"uv": [0, 0, 2, 16], "texture": "#all"},
				"up": {"uv": [0, 0, 14, 2], "texture": "#1"},
				"down": {"uv": [0, 0, 14, 2], "texture": "#all"}
			}
		},
		{
			"from": [2, 0, 2],
			"to": [14, 2, 14],
			"rotation": {"angle": 0, "axis": "x", "origin": [8, 8, 8]},
			"faces": {
				"north": {"uv": [0, 0, 3, 0.5], "rotation": 180, "texture": "#all"},
				"east": {"uv": [0, 0, 0.5, 3], "rotation": 90, "texture": "#all"},
				"south": {"uv": [0, 0, 3, 0.5], "texture": "#all"},
				"west": {"uv": [0, 0, 0.5, 3], "rotation": 270, "texture": "#all"},
				"up": {"uv": [2, 2, 14, 14], "rotation": 90, "texture": "#2"},
				"down": {"uv": [2, 2, 14, 14], "rotation": 90, "texture": "#2"}
			}
		},
		{
			"from": [2, 14, 2],
			"to": [14, 16, 14],
			"rotation": {"angle": 0, "axis": "y", "origin": [8, 8, 8]},
			"faces": {
				"north": {"uv": [0, 0, 16, 2], "texture": "#3"},
				"east": {"uv": [0, 0, 16, 2], "rotation": 180, "texture": "#3"},
				"south": {"uv": [0, 0, 16, 2], "texture": "#3"},
				"west": {"uv": [0, 0, 16, 2], "texture": "#3"},
				"up": {"uv": [0.5, 12.5, 3.5, 15.5], "rotation": 90, "texture": "#3"},
				"down": {"uv": [2, 2, 14, 14], "rotation": 90, "texture": "#3"}
			}
		},
		{
			"from": [2, 2, 2],
			"to": [14, 3, 14],
			"rotation": {"angle": 0, "axis": "x", "origin": [8, 8, 8]},
			"faces": {
				"north": {"uv": [0, 16, 0, 16], "rotation": 180, "texture": "#3"},
				"east": {"uv": [0, 16, 0, 16], "texture": "#3"},
				"south": {"uv": [0, 16, 0, 16], "texture": "#3"},
				"west": {"uv": [0, 16, 0, 16], "texture": "#3"},
				"up": {"uv": [0, 0, 3, 3], "texture": "#3"},
				"down": {"uv": [0, 16, 0, 16], "rotation": 180, "texture": "#3"}
			}
		},
		{
			"from": [2, 4, 2],
			"to": [14, 5, 14],
			"rotation": {"angle": 0, "axis": "x", "origin": [8, 8, 8]},
			"faces": {
				"north": {"uv": [0, 16, 0, 16], "rotation": 180, "texture": "#3"},
				"east": {"uv": [0, 16, 0, 16], "texture": "#3"},
				"south": {"uv": [0, 16, 0, 16], "texture": "#3"},
				"west": {"uv": [0, 16, 0, 16], "texture": "#3"},
				"up": {"uv": [3, 0, 6, 3], "texture": "#3"},
				"down": {"uv": [0, 16, 0, 16], "rotation": 180, "texture": "#3"}
			}
		},
		{
			"from": [2, 6, 2],
			"to": [14, 7, 14],
			"rotation": {"angle": 0, "axis": "x", "origin": [8, 8, 8]},
			"faces": {
				"north": {"uv": [0, 16, 0, 16], "rotation": 180, "texture": "#3"},
				"east": {"uv": [0, 16, 0, 16], "texture": "#3"},
				"south": {"uv": [0, 16, 0, 16], "texture": "#3"},
				"west": {"uv": [0, 16, 0, 16], "texture": "#3"},
				"up": {"uv": [6, 0, 9, 3], "texture": "#3"},
				"down": {"uv": [0, 16, 0, 16], "rotation": 180, "texture": "#3"}
			}
		},
		{
			"from": [2, 8, 2],
			"to": [14, 9, 14],
			"rotation": {"angle": 0, "axis": "x", "origin": [8, 8, 8]},
			"faces": {
				"north": {"uv": [0, 16, 0, 16], "rotation": 180, "texture": "#3"},
				"east": {"uv": [0, 16, 0, 16], "texture": "#3"},
				"south": {"uv": [0, 16, 0, 16], "texture": "#3"},
				"west": {"uv": [0, 16, 0, 16], "texture": "#3"},
				"up": {"uv": [9, 0, 12, 3], "texture": "#3"},
				"down": {"uv": [0, 16, 0, 16], "rotation": 180, "texture": "#3"}
			}
		},
		{
			"from": [2, 10, 2],
			"to": [14, 11, 14],
			"rotation": {"angle": 0, "axis": "x", "origin": [8, 8, 8]},
			"faces": {
				"north": {"uv": [0, 16, 0, 16], "rotation": 180, "texture": "#3"},
				"east": {"uv": [0, 16, 0, 16], "texture": "#3"},
				"south": {"uv": [0, 16, 0, 16], "texture": "#3"},
				"west": {"uv": [0, 16, 0, 16], "texture": "#3"},
				"up": {"uv": [12, 0, 15, 3], "texture": "#3"},
				"down": {"uv": [0, 16, 0, 16], "rotation": 180, "texture": "#3"}
			}
		},
		{
			"from": [2, 12, 2],
			"to": [14, 13, 14],
			"rotation": {"angle": 0, "axis": "x", "origin": [8, 8, 8]},
			"faces": {
				"north": {"uv": [0, 16, 0, 16], "rotation": 180, "texture": "#3"},
				"east": {"uv": [0, 16, 0, 16], "texture": "#3"},
				"south": {"uv": [0, 16, 0, 16], "texture": "#3"},
				"west": {"uv": [0, 16, 0, 16], "texture": "#3"},
				"up": {"uv": [0, 3, 3, 6], "texture": "#3"},
				"down": {"uv": [0, 16, 0, 16], "rotation": 180, "texture": "#3"}
			}
		},
		{
			"from": [2, 14, 2],
			"to": [14, 15, 14],
			"rotation": {"angle": 0, "axis": "x", "origin": [8, 8, 8]},
			"faces": {
				"north": {"uv": [0, 0, 16, 1], "rotation": 180, "texture": "#3"},
				"east": {"uv": [0, 0, 16, 1], "texture": "#3"},
				"south": {"uv": [0, 0, 16, 1], "texture": "#3"},
				"west": {"uv": [0, 0, 16, 1], "texture": "#3"},
				"up": {"uv": [3, 3, 6, 6], "texture": "#3"},
				"down": {"uv": [0, 5, 12, 16], "rotation": 180, "texture": "#3"}
			}
		}
	],
	"display": {
		"thirdperson_righthand": {
			"rotation": [31, 0, 0],
			"translation": [0, 0, -1.5],
			"scale": [0.2, 0.2, 0.2]
		},
		"thirdperson_lefthand": {
			"rotation": [35, 0, 0],
			"translation": [0, -0.25, -2],
			"scale": [0.2, 0.2, 0.2]
		},
		"firstperson_righthand": {
			"scale": [0.24, 0.24, 0.24]
		},
		"firstperson_lefthand": {
			"scale": [0.22, 0.22, 0.22]
		},
		"ground": {
			"scale": [0.25, 0.25, 0.25]
		},
		"gui": {
			"rotation": [26, -36, -5],
			"scale": [0.62, 0.62, 0.62]
		},
		"head": {
			"translation": [0, -3.25, -6.5],
			"scale": [0.16, 0.35, 0.26]
		},
		"fixed": {
			"rotation": [-90, 0, 0],
			"translation": [0, 0, -16],
			"scale": [2, 2, 2]
		}
	}
}