{
	"credit": "Made with Blockbench",
	"parent": "block/block",
	"textures": {
		"particle": "block/chain",
		"all": "block/chain"
	},
	"elements": [
		{
			"from": [7.5, 15, 6.5],
			"to": [8.5, 16, 7.5],
			"rotation": {"angle": 45, "axis": "y", "origin": [8, 8, 8]},
			"faces": {
				"north": {"uv": [3, 0, 4, 1], "texture": "#all"},
				"east": {"uv": [3, 0, 4, 1], "texture": "#all"},
				"south": {"uv": [3, 0, 4, 1], "texture": "#all"},
				"west": {"uv": [3, 0, 4, 1], "texture": "#all"},
				"up": {"uv": [3, 0, 4, 1], "texture": "#all"},
				"down": {"uv": [3, 0, 4, 1], "texture": "#all"}
			}
		},
		{
			"from": [7.5, 15, 7.5],
			"to": [8.5, 16, 8.5],
			"rotation": {"angle": 45, "axis": "y", "origin": [8, 8, 8]},
			"faces": {
				"north": {"uv": [4, 0, 5, 1], "texture": "#all"},
				"east": {"uv": [4, 0, 5, 1], "texture": "#all"},
				"south": {"uv": [4, 0, 5, 1], "texture": "#all"},
				"west": {"uv": [4, 0, 5, 1], "texture": "#all"},
				"up": {"uv": [4, 0, 5, 1], "texture": "#all"},
				"down": {"uv": [4, 0, 5, 1], "texture": "#all"}
			}
		},
		{
			"from": [7.5, 15, 8.5],
			"to": [8.5, 16, 9.5],
			"rotation": {"angle": 45, "axis": "y", "origin": [8, 8, 8]},
			"faces": {
				"north": {"uv": [5, 0, 6, 1], "texture": "#all"},
				"east": {"uv": [5, 0, 6, 1], "texture": "#all"},
				"south": {"uv": [5, 0, 6, 1], "texture": "#all"},
				"west": {"uv": [5, 0, 6, 1], "texture": "#all"},
				"up": {"uv": [5, 0, 6, 1], "texture": "#all"},
				"down": {"uv": [5, 0, 6, 1], "texture": "#all"}
			}
		},
		{
			"from": [7.5, 14, 8.5],
			"to": [8.5, 15, 9.5],
			"rotation": {"angle": 45, "axis": "y", "origin": [8, 8, 8]},
			"faces": {
				"north": {"uv": [5, 1, 6, 2], "texture": "#all"},
				"east": {"uv": [5, 1, 6, 2], "texture": "#all"},
				"south": {"uv": [5, 1, 6, 2], "texture": "#all"},
				"west": {"uv": [5, 1, 6, 2], "texture": "#all"},
				"up": {"uv": [5, 1, 6, 2], "texture": "#all"},
				"down": {"uv": [5, 1, 6, 2], "texture": "#all"}
			}
		},
		{
			"from": [7.5, 14, 7.5],
			"to": [8.5, 15, 8.5],
			"rotation": {"angle": 45, "axis": "y", "origin": [8, 8, 8]},
			"faces": {
				"north": {"uv": [4, 1, 5, 2], "texture": "#all"},
				"east": {"uv": [4, 1, 5, 2], "texture": "#all"},
				"south": {"uv": [4, 1, 5, 2], "texture": "#all"},
				"west": {"uv": [4, 1, 5, 2], "texture": "#all"},
				"up": {"uv": [4, 1, 5, 2], "texture": "#all"},
				"down": {"uv": [4, 1, 5, 2], "texture": "#all"}
			}
		},
		{
			"from": [7.5, 14, 6.5],
			"to": [8.5, 15, 7.5],
			"rotation": {"angle": 45, "axis": "y", "origin": [8, 8, 8]},
			"faces": {
				"north": {"uv": [3, 1, 4, 2], "texture": "#all"},
				"east": {"uv": [3, 1, 4, 2], "texture": "#all"},
				"south": {"uv": [3, 1, 4, 2], "texture": "#all"},
				"west": {"uv": [3, 1, 4, 2], "texture": "#all"},
				"up": {"uv": [3, 1, 4, 2], "texture": "#all"},
				"down": {"uv": [3, 1, 4, 2], "texture": "#all"}
			}
		},
		{
			"from": [7.5, 13, 6.5],
			"to": [8.5, 14, 7.5],
			"rotation": {"angle": 45, "axis": "y", "origin": [8, 8, 8]},
			"faces": {
				"north": {"uv": [3, 2, 4, 3], "texture": "#all"},
				"east": {"uv": [3, 2, 4, 3], "texture": "#all"},
				"south": {"uv": [3, 2, 4, 3], "texture": "#all"},
				"west": {"uv": [3, 2, 4, 3], "texture": "#all"},
				"up": {"uv": [3, 2, 4, 3], "texture": "#all"},
				"down": {"uv": [3, 2, 4, 3], "texture": "#all"}
			}
		},
		{
			"from": [7.5, 12, 7.5],
			"to": [8.5, 13, 8.5],
			"rotation": {"angle": 45, "axis": "y", "origin": [8, 8, 8]},
			"faces": {
				"north": {"uv": [4, 3, 5, 4], "texture": "#all"},
				"east": {"uv": [4, 3, 5, 4], "texture": "#all"},
				"south": {"uv": [4, 3, 5, 4], "texture": "#all"},
				"west": {"uv": [4, 3, 5, 4], "texture": "#all"},
				"up": {"uv": [4, 3, 5, 4], "texture": "#all"},
				"down": {"uv": [4, 3, 5, 4], "texture": "#all"}
			}
		},
		{
			"from": [7.5, 12, 6.5],
			"to": [8.5, 13, 7.5],
			"rotation": {"angle": 45, "axis": "y", "origin": [8, 8, 8]},
			"faces": {
				"north": {"uv": [3, 3, 4, 4], "texture": "#all"},
				"east": {"uv": [3, 3, 4, 4], "texture": "#all"},
				"south": {"uv": [3, 3, 4, 4], "texture": "#all"},
				"west": {"uv": [3, 3, 4, 4], "texture": "#all"},
				"up": {"uv": [3, 3, 4, 4], "texture": "#all"},
				"down": {"uv": [3, 3, 4, 4], "texture": "#all"}
			}
		},
		{
			"from": [7.5, 13, 8.5],
			"to": [8.5, 14, 9.5],
			"rotation": {"angle": 45, "axis": "y", "origin": [8, 8, 8]},
			"faces": {
				"north": {"uv": [5, 2, 6, 3], "texture": "#all"},
				"east": {"uv": [5, 2, 6, 3], "texture": "#all"},
				"south": {"uv": [5, 2, 6, 3], "texture": "#all"},
				"west": {"uv": [5, 2, 6, 3], "texture": "#all"},
				"up": {"uv": [5, 2, 6, 3], "texture": "#all"},
				"down": {"uv": [5, 2, 6, 3], "texture": "#all"}
			}
		},
		{
			"from": [7.5, 13, 7.5],
			"to": [8.5, 14, 8.5],
			"rotation": {"angle": 45, "axis": "y", "origin": [8, 8, 8]},
			"faces": {
				"north": {"uv": [4, 2, 5, 3], "texture": "#all"},
				"east": {"uv": [4, 2, 5, 3], "texture": "#all"},
				"south": {"uv": [4, 2, 5, 3], "texture": "#all"},
				"west": {"uv": [4, 2, 5, 3], "texture": "#all"},
				"up": {"uv": [4, 2, 5, 3], "texture": "#all"},
				"down": {"uv": [4, 2, 5, 3], "texture": "#all"}
			}
		},
		{
			"from": [7.5, 12, 8.5],
			"to": [8.5, 13, 9.5],
			"rotation": {"angle": 45, "axis": "y", "origin": [8, 8, 8]},
			"faces": {
				"north": {"uv": [5, 3, 6, 4], "texture": "#all"},
				"east": {"uv": [5, 3, 6, 4], "texture": "#all"},
				"south": {"uv": [5, 3, 6, 4], "texture": "#all"},
				"west": {"uv": [5, 3, 6, 4], "texture": "#all"},
				"up": {"uv": [5, 3, 6, 4], "texture": "#all"},
				"down": {"uv": [5, 3, 6, 4], "texture": "#all"}
			}
		},
		{
			"from": [7.5, 10, 8.5],
			"to": [8.5, 11, 9.5],
			"rotation": {"angle": 45, "axis": "y", "origin": [8, 8, 8]},
			"faces": {
				"north": {"uv": [5, 5, 6, 6], "texture": "#all"},
				"east": {"uv": [5, 5, 6, 6], "texture": "#all"},
				"south": {"uv": [5, 5, 6, 6], "texture": "#all"},
				"west": {"uv": [5, 5, 6, 6], "texture": "#all"},
				"up": {"uv": [5, 5, 6, 6], "texture": "#all"},
				"down": {"uv": [5, 5, 6, 6], "texture": "#all"}
			}
		},
		{
			"from": [7.5, 10, 7.5],
			"to": [8.5, 11, 8.5],
			"rotation": {"angle": 45, "axis": "y", "origin": [8, 8, 8]},
			"faces": {
				"north": {"uv": [4, 5, 5, 6], "texture": "#all"},
				"east": {"uv": [4, 5, 5, 6], "texture": "#all"},
				"south": {"uv": [4, 5, 5, 6], "texture": "#all"},
				"west": {"uv": [4, 5, 5, 6], "texture": "#all"},
				"up": {"uv": [4, 5, 5, 6], "texture": "#all"},
				"down": {"uv": [4, 5, 5, 6], "texture": "#all"}
			}
		},
		{
			"from": [7.5, 10, 6.5],
			"to": [8.5, 11, 7.5],
			"rotation": {"angle": 45, "axis": "y", "origin": [8, 8, 8]},
			"faces": {
				"north": {"uv": [3, 5, 4, 6], "texture": "#all"},
				"east": {"uv": [3, 5, 4, 6], "texture": "#all"},
				"south": {"uv": [3, 5, 4, 6], "texture": "#all"},
				"west": {"uv": [3, 5, 4, 6], "texture": "#all"},
				"up": {"uv": [3, 5, 4, 6], "texture": "#all"},
				"down": {"uv": [3, 5, 4, 6], "texture": "#all"}
			}
		},
		{
			"from": [7.5, 11, 8.5],
			"to": [8.5, 12, 9.5],
			"rotation": {"angle": 45, "axis": "y", "origin": [8, 8, 8]},
			"faces": {
				"north": {"uv": [5, 4, 6, 5], "texture": "#all"},
				"east": {"uv": [5, 4, 6, 5], "texture": "#all"},
				"south": {"uv": [5, 4, 6, 5], "texture": "#all"},
				"west": {"uv": [5, 4, 6, 5], "texture": "#all"},
				"up": {"uv": [5, 4, 6, 5], "texture": "#all"},
				"down": {"uv": [5, 4, 6, 5], "texture": "#all"}
			}
		},
		{
			"from": [7.5, 11, 7.5],
			"to": [8.5, 12, 8.5],
			"rotation": {"angle": 45, "axis": "y", "origin": [8, 8, 8]},
			"faces": {
				"north": {"uv": [4, 4, 5, 5], "texture": "#all"},
				"east": {"uv": [4, 4, 5, 5], "texture": "#all"},
				"south": {"uv": [4, 4, 5, 5], "texture": "#all"},
				"west": {"uv": [4, 4, 5, 5], "texture": "#all"},
				"up": {"uv": [4, 4, 5, 5], "texture": "#all"},
				"down": {"uv": [4, 4, 5, 5], "texture": "#all"}
			}
		},
		{
			"from": [7.5, 11, 6.5],
			"to": [8.5, 12, 7.5],
			"rotation": {"angle": 45, "axis": "y", "origin": [8, 8, 8]},
			"faces": {
				"north": {"uv": [3, 4, 4, 5], "texture": "#all"},
				"east": {"uv": [3, 4, 4, 5], "texture": "#all"},
				"south": {"uv": [3, 4, 4, 5], "texture": "#all"},
				"west": {"uv": [3, 4, 4, 5], "texture": "#all"},
				"up": {"uv": [3, 4, 4, 5], "texture": "#all"},
				"down": {"uv": [3, 4, 4, 5], "texture": "#all"}
			}
		},
		{
			"from": [7.5, 9, 6.5],
			"to": [8.5, 10, 7.5],
			"rotation": {"angle": 45, "axis": "y", "origin": [8, 8, 8]},
			"faces": {
				"north": {"uv": [3, 6, 4, 7], "texture": "#all"},
				"east": {"uv": [3, 6, 4, 7], "texture": "#all"},
				"south": {"uv": [3, 6, 4, 7], "texture": "#all"},
				"west": {"uv": [3, 6, 4, 7], "texture": "#all"},
				"up": {"uv": [3, 6, 4, 7], "texture": "#all"},
				"down": {"uv": [3, 6, 4, 7], "texture": "#all"}
			}
		},
		{
			"from": [7.5, 8, 7.5],
			"to": [8.5, 9, 8.5],
			"rotation": {"angle": 45, "axis": "y", "origin": [8, 8, 8]},
			"faces": {
				"north": {"uv": [4, 7, 5, 8], "texture": "#all"},
				"east": {"uv": [4, 7, 5, 8], "texture": "#all"},
				"south": {"uv": [4, 7, 5, 8], "texture": "#all"},
				"west": {"uv": [4, 7, 5, 8], "texture": "#all"},
				"up": {"uv": [4, 7, 5, 8], "texture": "#all"},
				"down": {"uv": [4, 7, 5, 8], "texture": "#all"}
			}
		},
		{
			"from": [7.5, 8, 6.5],
			"to": [8.5, 9, 7.5],
			"rotation": {"angle": 45, "axis": "y", "origin": [8, 8, 8]},
			"faces": {
				"north": {"uv": [3, 7, 4, 8], "texture": "#all"},
				"east": {"uv": [3, 7, 4, 8], "texture": "#all"},
				"south": {"uv": [3, 7, 4, 8], "texture": "#all"},
				"west": {"uv": [3, 7, 4, 8], "texture": "#all"},
				"up": {"uv": [3, 7, 4, 8], "texture": "#all"},
				"down": {"uv": [3, 7, 4, 8], "texture": "#all"}
			}
		},
		{
			"from": [7.5, 9, 8.5],
			"to": [8.5, 10, 9.5],
			"rotation": {"angle": 45, "axis": "y", "origin": [8, 8, 8]},
			"faces": {
				"north": {"uv": [5, 6, 6, 7], "texture": "#all"},
				"east": {"uv": [5, 6, 6, 7], "texture": "#all"},
				"south": {"uv": [5, 6, 6, 7], "texture": "#all"},
				"west": {"uv": [5, 6, 6, 7], "texture": "#all"},
				"up": {"uv": [5, 6, 6, 7], "texture": "#all"},
				"down": {"uv": [5, 6, 6, 7], "texture": "#all"}
			}
		},
		{
			"from": [7.5, 9, 7.5],
			"to": [8.5, 10, 8.5],
			"rotation": {"angle": 45, "axis": "y", "origin": [8, 8, 8]},
			"faces": {
				"north": {"uv": [4, 6, 5, 7], "texture": "#all"},
				"east": {"uv": [4, 6, 5, 7], "texture": "#all"},
				"south": {"uv": [4, 6, 5, 7], "texture": "#all"},
				"west": {"uv": [4, 6, 5, 7], "texture": "#all"},
				"up": {"uv": [4, 6, 5, 7], "texture": "#all"},
				"down": {"uv": [4, 6, 5, 7], "texture": "#all"}
			}
		},
		{
			"from": [7.5, 8, 8.5],
			"to": [8.5, 9, 9.5],
			"rotation": {"angle": 45, "axis": "y", "origin": [8, 8, 8]},
			"faces": {
				"north": {"uv": [5, 7, 6, 8], "texture": "#all"},
				"east": {"uv": [5, 7, 6, 8], "texture": "#all"},
				"south": {"uv": [5, 7, 6, 8], "texture": "#all"},
				"west": {"uv": [5, 7, 6, 8], "texture": "#all"},
				"up": {"uv": [5, 7, 6, 8], "texture": "#all"},
				"down": {"uv": [5, 7, 6, 8], "texture": "#all"}
			}
		},
		{
			"from": [7.5, 5, 6.5],
			"to": [8.5, 6, 7.5],
			"rotation": {"angle": 45, "axis": "y", "origin": [8, 8, 8]},
			"faces": {
				"north": {"uv": [3, 10, 4, 11], "texture": "#all"},
				"east": {"uv": [3, 10, 4, 11], "texture": "#all"},
				"south": {"uv": [3, 10, 4, 11], "texture": "#all"},
				"west": {"uv": [3, 10, 4, 11], "texture": "#all"},
				"up": {"uv": [3, 10, 4, 11], "texture": "#all"},
				"down": {"uv": [3, 10, 4, 11], "texture": "#all"}
			}
		},
		{
			"from": [7.5, 4, 7.5],
			"to": [8.5, 5, 8.5],
			"rotation": {"angle": 45, "axis": "y", "origin": [8, 8, 8]},
			"faces": {
				"north": {"uv": [4, 11, 5, 12], "texture": "#all"},
				"east": {"uv": [4, 11, 5, 12], "texture": "#all"},
				"south": {"uv": [4, 11, 5, 12], "texture": "#all"},
				"west": {"uv": [4, 11, 5, 12], "texture": "#all"},
				"up": {"uv": [4, 11, 5, 12], "texture": "#all"},
				"down": {"uv": [4, 11, 5, 12], "texture": "#all"}
			}
		},
		{
			"from": [7.5, 4, 6.5],
			"to": [8.5, 5, 7.5],
			"rotation": {"angle": 45, "axis": "y", "origin": [8, 8, 8]},
			"faces": {
				"north": {"uv": [3, 11, 4, 12], "texture": "#all"},
				"east": {"uv": [3, 11, 4, 12], "texture": "#all"},
				"south": {"uv": [3, 11, 4, 12], "texture": "#all"},
				"west": {"uv": [3, 11, 4, 12], "texture": "#all"},
				"up": {"uv": [3, 11, 4, 12], "texture": "#all"},
				"down": {"uv": [3, 11, 4, 12], "texture": "#all"}
			}
		},
		{
			"from": [7.5, 5, 8.5],
			"to": [8.5, 6, 9.5],
			"rotation": {"angle": 45, "axis": "y", "origin": [8, 8, 8]},
			"faces": {
				"north": {"uv": [5, 10, 6, 11], "texture": "#all"},
				"east": {"uv": [5, 10, 6, 11], "texture": "#all"},
				"south": {"uv": [5, 10, 6, 11], "texture": "#all"},
				"west": {"uv": [5, 10, 6, 11], "texture": "#all"},
				"up": {"uv": [5, 10, 6, 11], "texture": "#all"},
				"down": {"uv": [5, 10, 6, 11], "texture": "#all"}
			}
		},
		{
			"from": [7.5, 5, 7.5],
			"to": [8.5, 6, 8.5],
			"rotation": {"angle": 45, "axis": "y", "origin": [8, 8, 8]},
			"faces": {
				"north": {"uv": [4, 10, 5, 11], "texture": "#all"},
				"east": {"uv": [4, 10, 5, 11], "texture": "#all"},
				"south": {"uv": [4, 10, 5, 11], "texture": "#all"},
				"west": {"uv": [4, 10, 5, 11], "texture": "#all"},
				"up": {"uv": [4, 10, 5, 11], "texture": "#all"},
				"down": {"uv": [4, 10, 5, 11], "texture": "#all"}
			}
		},
		{
			"from": [7.5, 4, 8.5],
			"to": [8.5, 5, 9.5],
			"rotation": {"angle": 45, "axis": "y", "origin": [8, 8, 8]},
			"faces": {
				"north": {"uv": [5, 11, 6, 12], "texture": "#all"},
				"east": {"uv": [5, 11, 6, 12], "texture": "#all"},
				"south": {"uv": [5, 11, 6, 12], "texture": "#all"},
				"west": {"uv": [5, 11, 6, 12], "texture": "#all"},
				"up": {"uv": [5, 11, 6, 12], "texture": "#all"},
				"down": {"uv": [5, 11, 6, 12], "texture": "#all"}
			}
		},
		{
			"from": [7.5, 6, 8.5],
			"to": [8.5, 7, 9.5],
			"rotation": {"angle": 45, "axis": "y", "origin": [8, 8, 8]},
			"faces": {
				"north": {"uv": [5, 9, 6, 10], "texture": "#all"},
				"east": {"uv": [5, 9, 6, 10], "texture": "#all"},
				"south": {"uv": [5, 9, 6, 10], "texture": "#all"},
				"west": {"uv": [5, 9, 6, 10], "texture": "#all"},
				"up": {"uv": [5, 9, 6, 10], "texture": "#all"},
				"down": {"uv": [5, 9, 6, 10], "texture": "#all"}
			}
		},
		{
			"from": [7.5, 6, 7.5],
			"to": [8.5, 7, 8.5],
			"rotation": {"angle": 45, "axis": "y", "origin": [8, 8, 8]},
			"faces": {
				"north": {"uv": [4, 9, 5, 10], "texture": "#all"},
				"east": {"uv": [4, 9, 5, 10], "texture": "#all"},
				"south": {"uv": [4, 9, 5, 10], "texture": "#all"},
				"west": {"uv": [4, 9, 5, 10], "texture": "#all"},
				"up": {"uv": [4, 9, 5, 10], "texture": "#all"},
				"down": {"uv": [4, 9, 5, 10], "texture": "#all"}
			}
		},
		{
			"from": [7.5, 6, 6.5],
			"to": [8.5, 7, 7.5],
			"rotation": {"angle": 45, "axis": "y", "origin": [8, 8, 8]},
			"faces": {
				"north": {"uv": [3, 9, 4, 10], "texture": "#all"},
				"east": {"uv": [3, 9, 4, 10], "texture": "#all"},
				"south": {"uv": [3, 9, 4, 10], "texture": "#all"},
				"west": {"uv": [3, 9, 4, 10], "texture": "#all"},
				"up": {"uv": [3, 9, 4, 10], "texture": "#all"},
				"down": {"uv": [3, 9, 4, 10], "texture": "#all"}
			}
		},
		{
			"from": [7.5, 7, 8.5],
			"to": [8.5, 8, 9.5],
			"rotation": {"angle": 45, "axis": "y", "origin": [8, 8, 8]},
			"faces": {
				"north": {"uv": [5, 8, 6, 9], "texture": "#all"},
				"east": {"uv": [5, 8, 6, 9], "texture": "#all"},
				"south": {"uv": [5, 8, 6, 9], "texture": "#all"},
				"west": {"uv": [5, 8, 6, 9], "texture": "#all"},
				"up": {"uv": [5, 8, 6, 9], "texture": "#all"},
				"down": {"uv": [5, 8, 6, 9], "texture": "#all"}
			}
		},
		{
			"from": [7.5, 7, 7.5],
			"to": [8.5, 8, 8.5],
			"rotation": {"angle": 45, "axis": "y", "origin": [8, 8, 8]},
			"faces": {
				"north": {"uv": [4, 8, 5, 9], "texture": "#all"},
				"east": {"uv": [4, 8, 5, 9], "texture": "#all"},
				"south": {"uv": [4, 8, 5, 9], "texture": "#all"},
				"west": {"uv": [4, 8, 5, 9], "texture": "#all"},
				"up": {"uv": [4, 8, 5, 9], "texture": "#all"},
				"down": {"uv": [4, 8, 5, 9], "texture": "#all"}
			}
		},
		{
			"from": [7.5, 7, 6.5],
			"to": [8.5, 8, 7.5],
			"rotation": {"angle": 45, "axis": "y", "origin": [8, 8, 8]},
			"faces": {
				"north": {"uv": [3, 8, 4, 9], "texture": "#all"},
				"east": {"uv": [3, 8, 4, 9], "texture": "#all"},
				"south": {"uv": [3, 8, 4, 9], "texture": "#all"},
				"west": {"uv": [3, 8, 4, 9], "texture": "#all"},
				"up": {"uv": [3, 8, 4, 9], "texture": "#all"},
				"down": {"uv": [3, 8, 4, 9], "texture": "#all"}
			}
		},
		{
			"from": [7.5, 2, 8.5],
			"to": [8.5, 3, 9.5],
			"rotation": {"angle": 45, "axis": "y", "origin": [8, 8, 8]},
			"faces": {
				"north": {"uv": [5, 13, 6, 14], "texture": "#all"},
				"east": {"uv": [5, 13, 6, 14], "texture": "#all"},
				"south": {"uv": [5, 13, 6, 14], "texture": "#all"},
				"west": {"uv": [5, 13, 6, 14], "texture": "#all"},
				"up": {"uv": [5, 13, 6, 14], "texture": "#all"},
				"down": {"uv": [5, 13, 6, 14], "texture": "#all"}
			}
		},
		{
			"from": [7.5, 2, 7.5],
			"to": [8.5, 3, 8.5],
			"rotation": {"angle": 45, "axis": "y", "origin": [8, 8, 8]},
			"faces": {
				"north": {"uv": [4, 13, 5, 14], "texture": "#all"},
				"east": {"uv": [4, 13, 5, 14], "texture": "#all"},
				"south": {"uv": [4, 13, 5, 14], "texture": "#all"},
				"west": {"uv": [4, 13, 5, 14], "texture": "#all"},
				"up": {"uv": [4, 13, 5, 14], "texture": "#all"},
				"down": {"uv": [4, 13, 5, 14], "texture": "#all"}
			}
		},
		{
			"from": [7.5, 2, 6.5],
			"to": [8.5, 3, 7.5],
			"rotation": {"angle": 45, "axis": "y", "origin": [8, 8, 8]},
			"faces": {
				"north": {"uv": [3, 13, 4, 14], "texture": "#all"},
				"east": {"uv": [3, 13, 4, 14], "texture": "#all"},
				"south": {"uv": [3, 13, 4, 14], "texture": "#all"},
				"west": {"uv": [3, 13, 4, 14], "texture": "#all"},
				"up": {"uv": [3, 13, 4, 14], "texture": "#all"},
				"down": {"uv": [3, 13, 4, 14], "texture": "#all"}
			}
		},
		{
			"from": [7.5, 3, 8.5],
			"to": [8.5, 4, 9.5],
			"rotation": {"angle": 45, "axis": "y", "origin": [8, 8, 8]},
			"faces": {
				"north": {"uv": [5, 12, 6, 13], "texture": "#all"},
				"east": {"uv": [5, 12, 6, 13], "texture": "#all"},
				"south": {"uv": [5, 12, 6, 13], "texture": "#all"},
				"west": {"uv": [5, 12, 6, 13], "texture": "#all"},
				"up": {"uv": [5, 12, 6, 13], "texture": "#all"},
				"down": {"uv": [5, 12, 6, 13], "texture": "#all"}
			}
		},
		{
			"from": [7.5, 3, 7.5],
			"to": [8.5, 4, 8.5],
			"rotation": {"angle": 45, "axis": "y", "origin": [8, 8, 8]},
			"faces": {
				"north": {"uv": [4, 12, 5, 13], "texture": "#all"},
				"east": {"uv": [4, 12, 5, 13], "texture": "#all"},
				"south": {"uv": [4, 12, 5, 13], "texture": "#all"},
				"west": {"uv": [4, 12, 5, 13], "texture": "#all"},
				"up": {"uv": [4, 12, 5, 13], "texture": "#all"},
				"down": {"uv": [4, 12, 5, 13], "texture": "#all"}
			}
		},
		{
			"from": [7.5, 3, 6.5],
			"to": [8.5, 4, 7.5],
			"rotation": {"angle": 45, "axis": "y", "origin": [8, 8, 8]},
			"faces": {
				"north": {"uv": [3, 12, 4, 13], "texture": "#all"},
				"east": {"uv": [3, 12, 4, 13], "texture": "#all"},
				"south": {"uv": [3, 12, 4, 13], "texture": "#all"},
				"west": {"uv": [3, 12, 4, 13], "texture": "#all"},
				"up": {"uv": [3, 12, 4, 13], "texture": "#all"},
				"down": {"uv": [3, 12, 4, 13], "texture": "#all"}
			}
		},
		{
			"from": [7.5, 1, 6.5],
			"to": [8.5, 2, 7.5],
			"rotation": {"angle": 45, "axis": "y", "origin": [8, 8, 8]},
			"faces": {
				"north": {"uv": [3, 14, 4, 15], "texture": "#all"},
				"east": {"uv": [3, 14, 4, 15], "texture": "#all"},
				"south": {"uv": [3, 14, 4, 15], "texture": "#all"},
				"west": {"uv": [3, 14, 4, 15], "texture": "#all"},
				"up": {"uv": [3, 14, 4, 15], "texture": "#all"},
				"down": {"uv": [3, 14, 4, 15], "texture": "#all"}
			}
		},
		{
			"from": [7.5, 0, 7.5],
			"to": [8.5, 1, 8.5],
			"rotation": {"angle": 45, "axis": "y", "origin": [8, 8, 8]},
			"faces": {
				"north": {"uv": [4, 15, 5, 16], "texture": "#all"},
				"east": {"uv": [4, 15, 5, 16], "texture": "#all"},
				"south": {"uv": [4, 15, 5, 16], "texture": "#all"},
				"west": {"uv": [4, 15, 5, 16], "texture": "#all"},
				"up": {"uv": [4, 15, 5, 16], "texture": "#all"},
				"down": {"uv": [4, 15, 5, 16], "texture": "#all"}
			}
		},
		{
			"from": [7.5, 0, 6.5],
			"to": [8.5, 1, 7.5],
			"rotation": {"angle": 45, "axis": "y", "origin": [8, 8, 8]},
			"faces": {
				"north": {"uv": [3, 15, 4, 16], "texture": "#all"},
				"east": {"uv": [3, 15, 4, 16], "texture": "#all"},
				"south": {"uv": [3, 15, 4, 16], "texture": "#all"},
				"west": {"uv": [3, 15, 4, 16], "texture": "#all"},
				"up": {"uv": [3, 15, 4, 16], "texture": "#all"},
				"down": {"uv": [3, 15, 4, 16], "texture": "#all"}
			}
		},
		{
			"from": [7.5, 1, 8.5],
			"to": [8.5, 2, 9.5],
			"rotation": {"angle": 45, "axis": "y", "origin": [8, 8, 8]},
			"faces": {
				"north": {"uv": [5, 14, 6, 15], "texture": "#all"},
				"east": {"uv": [5, 14, 6, 15], "texture": "#all"},
				"south": {"uv": [5, 14, 6, 15], "texture": "#all"},
				"west": {"uv": [5, 14, 6, 15], "texture": "#all"},
				"up": {"uv": [5, 14, 6, 15], "texture": "#all"},
				"down": {"uv": [5, 14, 6, 15], "texture": "#all"}
			}
		},
		{
			"from": [7.5, 1, 7.5],
			"to": [8.5, 2, 8.5],
			"rotation": {"angle": 45, "axis": "y", "origin": [8, 8, 8]},
			"faces": {
				"north": {"uv": [4, 14, 5, 15], "texture": "#all"},
				"east": {"uv": [4, 14, 5, 15], "texture": "#all"},
				"south": {"uv": [4, 14, 5, 15], "texture": "#all"},
				"west": {"uv": [4, 14, 5, 15], "texture": "#all"},
				"up": {"uv": [4, 14, 5, 15], "texture": "#all"},
				"down": {"uv": [4, 14, 5, 15], "texture": "#all"}
			}
		},
		{
			"from": [7.5, 0, 8.5],
			"to": [8.5, 1, 9.5],
			"rotation": {"angle": 45, "axis": "y", "origin": [8, 8, 8]},
			"faces": {
				"north": {"uv": [5, 15, 6, 16], "texture": "#all"},
				"east": {"uv": [5, 15, 6, 16], "texture": "#all"},
				"south": {"uv": [5, 15, 6, 16], "texture": "#all"},
				"west": {"uv": [5, 15, 6, 16], "texture": "#all"},
				"up": {"uv": [5, 15, 6, 16], "texture": "#all"},
				"down": {"uv": [5, 15, 6, 16], "texture": "#all"}
			}
		},
		{
			"from": [8.5, 15, 7.5],
			"to": [9.5, 16, 8.5],
			"rotation": {"angle": 45, "axis": "y", "origin": [8, 8, 8]},
			"faces": {
				"north": {"uv": [0, 0, 1, 1], "texture": "#all"},
				"east": {"uv": [0, 0, 1, 1], "texture": "#all"},
				"south": {"uv": [0, 0, 1, 1], "texture": "#all"},
				"west": {"uv": [0, 0, 1, 1], "texture": "#all"},
				"up": {"uv": [0, 0, 1, 1], "rotation": 90, "texture": "#all"},
				"down": {"uv": [0, 0, 1, 1], "rotation": 270, "texture": "#all"}
			}
		},
		{
			"from": [7.5, 15, 7.5],
			"to": [8.5, 16, 8.5],
			"rotation": {"angle": 45, "axis": "y", "origin": [8, 8, 8]},
			"faces": {
				"north": {"uv": [1, 0, 2, 1], "texture": "#all"},
				"east": {"uv": [1, 0, 2, 1], "texture": "#all"},
				"south": {"uv": [1, 0, 2, 1], "texture": "#all"},
				"west": {"uv": [1, 0, 2, 1], "texture": "#all"},
				"up": {"uv": [1, 0, 2, 1], "rotation": 90, "texture": "#all"},
				"down": {"uv": [1, 0, 2, 1], "rotation": 270, "texture": "#all"}
			}
		},
		{
			"from": [6.5, 15, 7.5],
			"to": [7.5, 16, 8.5],
			"rotation": {"angle": 45, "axis": "y", "origin": [8, 8, 8]},
			"faces": {
				"north": {"uv": [2, 0, 3, 1], "texture": "#all"},
				"east": {"uv": [2, 0, 3, 1], "texture": "#all"},
				"south": {"uv": [2, 0, 3, 1], "texture": "#all"},
				"west": {"uv": [2, 0, 3, 1], "texture": "#all"},
				"up": {"uv": [2, 0, 3, 1], "rotation": 90, "texture": "#all"},
				"down": {"uv": [2, 0, 3, 1], "rotation": 270, "texture": "#all"}
			}
		},
		{
			"from": [6.5, 14, 7.5],
			"to": [7.5, 15, 8.5],
			"rotation": {"angle": 45, "axis": "y", "origin": [8, 8, 8]},
			"faces": {
				"north": {"uv": [2, 1, 3, 2], "texture": "#all"},
				"east": {"uv": [2, 1, 3, 2], "texture": "#all"},
				"south": {"uv": [2, 1, 3, 2], "texture": "#all"},
				"west": {"uv": [2, 1, 3, 2], "texture": "#all"},
				"up": {"uv": [2, 1, 3, 2], "rotation": 90, "texture": "#all"},
				"down": {"uv": [2, 1, 3, 2], "rotation": 270, "texture": "#all"}
			}
		},
		{
			"from": [7.5, 14, 7.5],
			"to": [8.5, 15, 8.5],
			"rotation": {"angle": 45, "axis": "y", "origin": [8, 8, 8]},
			"faces": {
				"north": {"uv": [1, 1, 2, 2], "texture": "#all"},
				"east": {"uv": [1, 1, 2, 2], "texture": "#all"},
				"south": {"uv": [1, 1, 2, 2], "texture": "#all"},
				"west": {"uv": [1, 1, 2, 2], "texture": "#all"},
				"up": {"uv": [1, 1, 2, 2], "rotation": 90, "texture": "#all"},
				"down": {"uv": [1, 1, 2, 2], "rotation": 270, "texture": "#all"}
			}
		},
		{
			"from": [8.5, 14, 7.5],
			"to": [9.5, 15, 8.5],
			"rotation": {"angle": 45, "axis": "y", "origin": [8, 8, 8]},
			"faces": {
				"north": {"uv": [0, 1, 1, 2], "texture": "#all"},
				"east": {"uv": [0, 1, 1, 2], "texture": "#all"},
				"south": {"uv": [0, 1, 1, 2], "texture": "#all"},
				"west": {"uv": [0, 1, 1, 2], "texture": "#all"},
				"up": {"uv": [0, 1, 1, 2], "rotation": 90, "texture": "#all"},
				"down": {"uv": [0, 1, 1, 2], "rotation": 270, "texture": "#all"}
			}
		},
		{
			"from": [8.5, 13, 7.5],
			"to": [9.5, 14, 8.5],
			"rotation": {"angle": 45, "axis": "y", "origin": [8, 8, 8]},
			"faces": {
				"north": {"uv": [0, 2, 1, 3], "texture": "#all"},
				"east": {"uv": [0, 2, 1, 3], "texture": "#all"},
				"south": {"uv": [0, 2, 1, 3], "texture": "#all"},
				"west": {"uv": [0, 2, 1, 3], "texture": "#all"},
				"up": {"uv": [0, 2, 1, 3], "rotation": 90, "texture": "#all"},
				"down": {"uv": [0, 2, 1, 3], "rotation": 270, "texture": "#all"}
			}
		},
		{
			"from": [7.5, 12, 7.5],
			"to": [8.5, 13, 8.5],
			"rotation": {"angle": 45, "axis": "y", "origin": [8, 8, 8]},
			"faces": {
				"north": {"uv": [1, 3, 2, 4], "texture": "#all"},
				"east": {"uv": [1, 3, 2, 4], "texture": "#all"},
				"south": {"uv": [1, 3, 2, 4], "texture": "#all"},
				"west": {"uv": [1, 3, 2, 4], "texture": "#all"},
				"up": {"uv": [1, 3, 2, 4], "rotation": 90, "texture": "#all"},
				"down": {"uv": [1, 3, 2, 4], "rotation": 270, "texture": "#all"}
			}
		},
		{
			"from": [8.5, 12, 7.5],
			"to": [9.5, 13, 8.5],
			"rotation": {"angle": 45, "axis": "y", "origin": [8, 8, 8]},
			"faces": {
				"north": {"uv": [0, 3, 1, 4], "texture": "#all"},
				"east": {"uv": [0, 3, 1, 4], "texture": "#all"},
				"south": {"uv": [0, 3, 1, 4], "texture": "#all"},
				"west": {"uv": [0, 3, 1, 4], "texture": "#all"},
				"up": {"uv": [0, 3, 1, 4], "rotation": 90, "texture": "#all"},
				"down": {"uv": [0, 3, 1, 4], "rotation": 270, "texture": "#all"}
			}
		},
		{
			"from": [6.5, 13, 7.5],
			"to": [7.5, 14, 8.5],
			"rotation": {"angle": 45, "axis": "y", "origin": [8, 8, 8]},
			"faces": {
				"north": {"uv": [2, 2, 3, 3], "texture": "#all"},
				"east": {"uv": [2, 2, 3, 3], "texture": "#all"},
				"south": {"uv": [2, 2, 3, 3], "texture": "#all"},
				"west": {"uv": [2, 2, 3, 3], "texture": "#all"},
				"up": {"uv": [2, 2, 3, 3], "rotation": 90, "texture": "#all"},
				"down": {"uv": [2, 2, 3, 3], "rotation": 270, "texture": "#all"}
			}
		},
		{
			"from": [7.5, 13, 7.5],
			"to": [8.5, 14, 8.5],
			"rotation": {"angle": 45, "axis": "y", "origin": [8, 8, 8]},
			"faces": {
				"north": {"uv": [1, 2, 2, 3], "texture": "#all"},
				"east": {"uv": [1, 2, 2, 3], "texture": "#all"},
				"south": {"uv": [1, 2, 2, 3], "texture": "#all"},
				"west": {"uv": [1, 2, 2, 3], "texture": "#all"},
				"up": {"uv": [1, 2, 2, 3], "rotation": 90, "texture": "#all"},
				"down": {"uv": [1, 2, 2, 3], "rotation": 270, "texture": "#all"}
			}
		},
		{
			"from": [6.5, 12, 7.5],
			"to": [7.5, 13, 8.5],
			"rotation": {"angle": 45, "axis": "y", "origin": [8, 8, 8]},
			"faces": {
				"north": {"uv": [2, 3, 3, 4], "texture": "#all"},
				"east": {"uv": [2, 3, 3, 4], "texture": "#all"},
				"south": {"uv": [2, 3, 3, 4], "texture": "#all"},
				"west": {"uv": [2, 3, 3, 4], "texture": "#all"},
				"up": {"uv": [2, 3, 3, 4], "rotation": 90, "texture": "#all"},
				"down": {"uv": [2, 3, 3, 4], "rotation": 270, "texture": "#all"}
			}
		},
		{
			"from": [6.5, 10, 7.5],
			"to": [7.5, 11, 8.5],
			"rotation": {"angle": 45, "axis": "y", "origin": [8, 8, 8]},
			"faces": {
				"north": {"uv": [2, 5, 3, 6], "texture": "#all"},
				"east": {"uv": [2, 5, 3, 6], "texture": "#all"},
				"south": {"uv": [2, 5, 3, 6], "texture": "#all"},
				"west": {"uv": [2, 5, 3, 6], "texture": "#all"},
				"up": {"uv": [2, 5, 3, 6], "rotation": 90, "texture": "#all"},
				"down": {"uv": [2, 5, 3, 6], "rotation": 270, "texture": "#all"}
			}
		},
		{
			"from": [7.5, 10, 7.5],
			"to": [8.5, 11, 8.5],
			"rotation": {"angle": 45, "axis": "y", "origin": [8, 8, 8]},
			"faces": {
				"north": {"uv": [1, 5, 2, 6], "texture": "#all"},
				"east": {"uv": [1, 5, 2, 6], "texture": "#all"},
				"south": {"uv": [1, 5, 2, 6], "texture": "#all"},
				"west": {"uv": [1, 5, 2, 6], "texture": "#all"},
				"up": {"uv": [1, 5, 2, 6], "rotation": 90, "texture": "#all"},
				"down": {"uv": [1, 5, 2, 6], "rotation": 270, "texture": "#all"}
			}
		},
		{
			"from": [8.5, 10, 7.5],
			"to": [9.5, 11, 8.5],
			"rotation": {"angle": 45, "axis": "y", "origin": [8, 8, 8]},
			"faces": {
				"north": {"uv": [0, 5, 1, 6], "texture": "#all"},
				"east": {"uv": [0, 5, 1, 6], "texture": "#all"},
				"south": {"uv": [0, 5, 1, 6], "texture": "#all"},
				"west": {"uv": [0, 5, 1, 6], "texture": "#all"},
				"up": {"uv": [0, 5, 1, 6], "rotation": 90, "texture": "#all"},
				"down": {"uv": [0, 5, 1, 6], "rotation": 270, "texture": "#all"}
			}
		},
		{
			"from": [6.5, 11, 7.5],
			"to": [7.5, 12, 8.5],
			"rotation": {"angle": 45, "axis": "y", "origin": [8, 8, 8]},
			"faces": {
				"north": {"uv": [2, 4, 3, 5], "texture": "#all"},
				"east": {"uv": [2, 4, 3, 5], "texture": "#all"},
				"south": {"uv": [2, 4, 3, 5], "texture": "#all"},
				"west": {"uv": [2, 4, 3, 5], "texture": "#all"},
				"up": {"uv": [2, 4, 3, 5], "rotation": 90, "texture": "#all"},
				"down": {"uv": [2, 4, 3, 5], "rotation": 270, "texture": "#all"}
			}
		},
		{
			"from": [7.5, 11, 7.5],
			"to": [8.5, 12, 8.5],
			"rotation": {"angle": 45, "axis": "y", "origin": [8, 8, 8]},
			"faces": {
				"north": {"uv": [1, 4, 2, 5], "texture": "#all"},
				"east": {"uv": [1, 4, 2, 5], "texture": "#all"},
				"south": {"uv": [1, 4, 2, 5], "texture": "#all"},
				"west": {"uv": [1, 4, 2, 5], "texture": "#all"},
				"up": {"uv": [1, 4, 2, 5], "rotation": 90, "texture": "#all"},
				"down": {"uv": [1, 4, 2, 5], "rotation": 270, "texture": "#all"}
			}
		},
		{
			"from": [8.5, 11, 7.5],
			"to": [9.5, 12, 8.5],
			"rotation": {"angle": 45, "axis": "y", "origin": [8, 8, 8]},
			"faces": {
				"north": {"uv": [0, 4, 1, 5], "texture": "#all"},
				"east": {"uv": [0, 4, 1, 5], "texture": "#all"},
				"south": {"uv": [0, 4, 1, 5], "texture": "#all"},
				"west": {"uv": [0, 4, 1, 5], "texture": "#all"},
				"up": {"uv": [0, 4, 1, 5], "rotation": 90, "texture": "#all"},
				"down": {"uv": [0, 4, 1, 5], "rotation": 270, "texture": "#all"}
			}
		},
		{
			"from": [8.5, 9, 7.5],
			"to": [9.5, 10, 8.5],
			"rotation": {"angle": 45, "axis": "y", "origin": [8, 8, 8]},
			"faces": {
				"north": {"uv": [0, 6, 1, 7], "texture": "#all"},
				"east": {"uv": [0, 6, 1, 7], "texture": "#all"},
				"south": {"uv": [0, 6, 1, 7], "texture": "#all"},
				"west": {"uv": [0, 6, 1, 7], "texture": "#all"},
				"up": {"uv": [0, 6, 1, 7], "rotation": 90, "texture": "#all"},
				"down": {"uv": [0, 6, 1, 7], "rotation": 270, "texture": "#all"}
			}
		},
		{
			"from": [7.5, 8, 7.5],
			"to": [8.5, 9, 8.5],
			"rotation": {"angle": 45, "axis": "y", "origin": [8, 8, 8]},
			"faces": {
				"north": {"uv": [1, 7, 2, 8], "texture": "#all"},
				"east": {"uv": [1, 7, 2, 8], "texture": "#all"},
				"south": {"uv": [1, 7, 2, 8], "texture": "#all"},
				"west": {"uv": [1, 7, 2, 8], "texture": "#all"},
				"up": {"uv": [1, 7, 2, 8], "rotation": 90, "texture": "#all"},
				"down": {"uv": [1, 7, 2, 8], "rotation": 270, "texture": "#all"}
			}
		},
		{
			"from": [8.5, 8, 7.5],
			"to": [9.5, 9, 8.5],
			"rotation": {"angle": 45, "axis": "y", "origin": [8, 8, 8]},
			"faces": {
				"north": {"uv": [0, 7, 1, 8], "texture": "#all"},
				"east": {"uv": [0, 7, 1, 8], "texture": "#all"},
				"south": {"uv": [0, 7, 1, 8], "texture": "#all"},
				"west": {"uv": [0, 7, 1, 8], "texture": "#all"},
				"up": {"uv": [0, 7, 1, 8], "rotation": 90, "texture": "#all"},
				"down": {"uv": [0, 7, 1, 8], "rotation": 270, "texture": "#all"}
			}
		},
		{
			"from": [6.5, 9, 7.5],
			"to": [7.5, 10, 8.5],
			"rotation": {"angle": 45, "axis": "y", "origin": [8, 8, 8]},
			"faces": {
				"north": {"uv": [2, 6, 3, 7], "texture": "#all"},
				"east": {"uv": [2, 6, 3, 7], "texture": "#all"},
				"south": {"uv": [2, 6, 3, 7], "texture": "#all"},
				"west": {"uv": [2, 6, 3, 7], "texture": "#all"},
				"up": {"uv": [2, 6, 3, 7], "rotation": 90, "texture": "#all"},
				"down": {"uv": [2, 6, 3, 7], "rotation": 270, "texture": "#all"}
			}
		},
		{
			"from": [7.5, 9, 7.5],
			"to": [8.5, 10, 8.5],
			"rotation": {"angle": 45, "axis": "y", "origin": [8, 8, 8]},
			"faces": {
				"north": {"uv": [1, 6, 2, 7], "texture": "#all"},
				"east": {"uv": [1, 6, 2, 7], "texture": "#all"},
				"south": {"uv": [1, 6, 2, 7], "texture": "#all"},
				"west": {"uv": [1, 6, 2, 7], "texture": "#all"},
				"up": {"uv": [1, 6, 2, 7], "rotation": 90, "texture": "#all"},
				"down": {"uv": [1, 6, 2, 7], "rotation": 270, "texture": "#all"}
			}
		},
		{
			"from": [6.5, 8, 7.5],
			"to": [7.5, 9, 8.5],
			"rotation": {"angle": 45, "axis": "y", "origin": [8, 8, 8]},
			"faces": {
				"north": {"uv": [2, 7, 3, 8], "texture": "#all"},
				"east": {"uv": [2, 7, 3, 8], "texture": "#all"},
				"south": {"uv": [2, 7, 3, 8], "texture": "#all"},
				"west": {"uv": [2, 7, 3, 8], "texture": "#all"},
				"up": {"uv": [2, 7, 3, 8], "rotation": 90, "texture": "#all"},
				"down": {"uv": [2, 7, 3, 8], "rotation": 270, "texture": "#all"}
			}
		},
		{
			"from": [8.5, 5, 7.5],
			"to": [9.5, 6, 8.5],
			"rotation": {"angle": 45, "axis": "y", "origin": [8, 8, 8]},
			"faces": {
				"north": {"uv": [0, 10, 1, 11], "texture": "#all"},
				"east": {"uv": [0, 10, 1, 11], "texture": "#all"},
				"south": {"uv": [0, 10, 1, 11], "texture": "#all"},
				"west": {"uv": [0, 10, 1, 11], "texture": "#all"},
				"up": {"uv": [0, 10, 1, 11], "rotation": 90, "texture": "#all"},
				"down": {"uv": [0, 10, 1, 11], "rotation": 270, "texture": "#all"}
			}
		},
		{
			"from": [7.5, 4, 7.5],
			"to": [8.5, 5, 8.5],
			"rotation": {"angle": 45, "axis": "y", "origin": [8, 8, 8]},
			"faces": {
				"north": {"uv": [1, 11, 2, 12], "texture": "#all"},
				"east": {"uv": [1, 11, 2, 12], "texture": "#all"},
				"south": {"uv": [1, 11, 2, 12], "texture": "#all"},
				"west": {"uv": [1, 11, 2, 12], "texture": "#all"},
				"up": {"uv": [1, 11, 2, 12], "rotation": 90, "texture": "#all"},
				"down": {"uv": [1, 11, 2, 12], "rotation": 270, "texture": "#all"}
			}
		},
		{
			"from": [8.5, 4, 7.5],
			"to": [9.5, 5, 8.5],
			"rotation": {"angle": 45, "axis": "y", "origin": [8, 8, 8]},
			"faces": {
				"north": {"uv": [0, 11, 1, 12], "texture": "#all"},
				"east": {"uv": [0, 11, 1, 12], "texture": "#all"},
				"south": {"uv": [0, 11, 1, 12], "texture": "#all"},
				"west": {"uv": [0, 11, 1, 12], "texture": "#all"},
				"up": {"uv": [0, 11, 1, 12], "rotation": 90, "texture": "#all"},
				"down": {"uv": [0, 11, 1, 12], "rotation": 270, "texture": "#all"}
			}
		},
		{
			"from": [6.5, 5, 7.5],
			"to": [7.5, 6, 8.5],
			"rotation": {"angle": 45, "axis": "y", "origin": [8, 8, 8]},
			"faces": {
				"north": {"uv": [2, 10, 3, 11], "texture": "#all"},
				"east": {"uv": [2, 10, 3, 11], "texture": "#all"},
				"south": {"uv": [2, 10, 3, 11], "texture": "#all"},
				"west": {"uv": [2, 10, 3, 11], "texture": "#all"},
				"up": {"uv": [2, 10, 3, 11], "rotation": 90, "texture": "#all"},
				"down": {"uv": [2, 10, 3, 11], "rotation": 270, "texture": "#all"}
			}
		},
		{
			"from": [7.5, 5, 7.5],
			"to": [8.5, 6, 8.5],
			"rotation": {"angle": 45, "axis": "y", "origin": [8, 8, 8]},
			"faces": {
				"north": {"uv": [1, 10, 2, 11], "texture": "#all"},
				"east": {"uv": [1, 10, 2, 11], "texture": "#all"},
				"south": {"uv": [1, 10, 2, 11], "texture": "#all"},
				"west": {"uv": [1, 10, 2, 11], "texture": "#all"},
				"up": {"uv": [1, 10, 2, 11], "rotation": 90, "texture": "#all"},
				"down": {"uv": [1, 10, 2, 11], "rotation": 270, "texture": "#all"}
			}
		},
		{
			"from": [6.5, 4, 7.5],
			"to": [7.5, 5, 8.5],
			"rotation": {"angle": 45, "axis": "y", "origin": [8, 8, 8]},
			"faces": {
				"north": {"uv": [2, 11, 3, 12], "texture": "#all"},
				"east": {"uv": [2, 11, 3, 12], "texture": "#all"},
				"south": {"uv": [2, 11, 3, 12], "texture": "#all"},
				"west": {"uv": [2, 11, 3, 12], "texture": "#all"},
				"up": {"uv": [2, 11, 3, 12], "rotation": 90, "texture": "#all"},
				"down": {"uv": [2, 11, 3, 12], "rotation": 270, "texture": "#all"}
			}
		},
		{
			"from": [6.5, 6, 7.5],
			"to": [7.5, 7, 8.5],
			"rotation": {"angle": 45, "axis": "y", "origin": [8, 8, 8]},
			"faces": {
				"north": {"uv": [2, 9, 3, 10], "texture": "#all"},
				"east": {"uv": [2, 9, 3, 10], "texture": "#all"},
				"south": {"uv": [2, 9, 3, 10], "texture": "#all"},
				"west": {"uv": [2, 9, 3, 10], "texture": "#all"},
				"up": {"uv": [2, 9, 3, 10], "rotation": 90, "texture": "#all"},
				"down": {"uv": [2, 9, 3, 10], "rotation": 270, "texture": "#all"}
			}
		},
		{
			"from": [7.5, 6, 7.5],
			"to": [8.5, 7, 8.5],
			"rotation": {"angle": 45, "axis": "y", "origin": [8, 8, 8]},
			"faces": {
				"north": {"uv": [1, 9, 2, 10], "texture": "#all"},
				"east": {"uv": [1, 9, 2, 10], "texture": "#all"},
				"south": {"uv": [1, 9, 2, 10], "texture": "#all"},
				"west": {"uv": [1, 9, 2, 10], "texture": "#all"},
				"up": {"uv": [1, 9, 2, 10], "rotation": 90, "texture": "#all"},
				"down": {"uv": [1, 9, 2, 10], "rotation": 270, "texture": "#all"}
			}
		},
		{
			"from": [8.5, 6, 7.5],
			"to": [9.5, 7, 8.5],
			"rotation": {"angle": 45, "axis": "y", "origin": [8, 8, 8]},
			"faces": {
				"north": {"uv": [0, 9, 1, 10], "texture": "#all"},
				"east": {"uv": [0, 9, 1, 10], "texture": "#all"},
				"south": {"uv": [0, 9, 1, 10], "texture": "#all"},
				"west": {"uv": [0, 9, 1, 10], "texture": "#all"},
				"up": {"uv": [0, 9, 1, 10], "rotation": 90, "texture": "#all"},
				"down": {"uv": [0, 9, 1, 10], "rotation": 270, "texture": "#all"}
			}
		},
		{
			"from": [6.5, 7, 7.5],
			"to": [7.5, 8, 8.5],
			"rotation": {"angle": 45, "axis": "y", "origin": [8, 8, 8]},
			"faces": {
				"north": {"uv": [2, 8, 3, 9], "texture": "#all"},
				"east": {"uv": [2, 8, 3, 9], "texture": "#all"},
				"south": {"uv": [2, 8, 3, 9], "texture": "#all"},
				"west": {"uv": [2, 8, 3, 9], "texture": "#all"},
				"up": {"uv": [2, 8, 3, 9], "rotation": 90, "texture": "#all"},
				"down": {"uv": [2, 8, 3, 9], "rotation": 270, "texture": "#all"}
			}
		},
		{
			"from": [7.5, 7, 7.5],
			"to": [8.5, 8, 8.5],
			"rotation": {"angle": 45, "axis": "y", "origin": [8, 8, 8]},
			"faces": {
				"north": {"uv": [1, 8, 2, 9], "texture": "#all"},
				"east": {"uv": [1, 8, 2, 9], "texture": "#all"},
				"south": {"uv": [1, 8, 2, 9], "texture": "#all"},
				"west": {"uv": [1, 8, 2, 9], "texture": "#all"},
				"up": {"uv": [1, 8, 2, 9], "rotation": 90, "texture": "#all"},
				"down": {"uv": [1, 8, 2, 9], "rotation": 270, "texture": "#all"}
			}
		},
		{
			"from": [8.5, 7, 7.5],
			"to": [9.5, 8, 8.5],
			"rotation": {"angle": 45, "axis": "y", "origin": [8, 8, 8]},
			"faces": {
				"north": {"uv": [0, 8, 1, 9], "texture": "#all"},
				"east": {"uv": [0, 8, 1, 9], "texture": "#all"},
				"south": {"uv": [0, 8, 1, 9], "texture": "#all"},
				"west": {"uv": [0, 8, 1, 9], "texture": "#all"},
				"up": {"uv": [0, 8, 1, 9], "rotation": 90, "texture": "#all"},
				"down": {"uv": [0, 8, 1, 9], "rotation": 270, "texture": "#all"}
			}
		},
		{
			"from": [6.5, 2, 7.5],
			"to": [7.5, 3, 8.5],
			"rotation": {"angle": 45, "axis": "y", "origin": [8, 8, 8]},
			"faces": {
				"north": {"uv": [2, 13, 3, 14], "texture": "#all"},
				"east": {"uv": [2, 13, 3, 14], "texture": "#all"},
				"south": {"uv": [2, 13, 3, 14], "texture": "#all"},
				"west": {"uv": [2, 13, 3, 14], "texture": "#all"},
				"up": {"uv": [2, 13, 3, 14], "rotation": 90, "texture": "#all"},
				"down": {"uv": [2, 13, 3, 14], "rotation": 270, "texture": "#all"}
			}
		},
		{
			"from": [7.5, 2, 7.5],
			"to": [8.5, 3, 8.5],
			"rotation": {"angle": 45, "axis": "y", "origin": [8, 8, 8]},
			"faces": {
				"north": {"uv": [1, 13, 2, 14], "texture": "#all"},
				"east": {"uv": [1, 13, 2, 14], "texture": "#all"},
				"south": {"uv": [1, 13, 2, 14], "texture": "#all"},
				"west": {"uv": [1, 13, 2, 14], "texture": "#all"},
				"up": {"uv": [1, 13, 2, 14], "rotation": 90, "texture": "#all"},
				"down": {"uv": [1, 13, 2, 14], "rotation": 270, "texture": "#all"}
			}
		},
		{
			"from": [8.5, 2, 7.5],
			"to": [9.5, 3, 8.5],
			"rotation": {"angle": 45, "axis": "y", "origin": [8, 8, 8]},
			"faces": {
				"north": {"uv": [0, 13, 1, 14], "texture": "#all"},
				"east": {"uv": [0, 13, 1, 14], "texture": "#all"},
				"south": {"uv": [0, 13, 1, 14], "texture": "#all"},
				"west": {"uv": [0, 13, 1, 14], "texture": "#all"},
				"up": {"uv": [0, 13, 1, 14], "rotation": 90, "texture": "#all"},
				"down": {"uv": [0, 13, 1, 14], "rotation": 270, "texture": "#all"}
			}
		},
		{
			"from": [6.5, 3, 7.5],
			"to": [7.5, 4, 8.5],
			"rotation": {"angle": 45, "axis": "y", "origin": [8, 8, 8]},
			"faces": {
				"north": {"uv": [2, 12, 3, 13], "texture": "#all"},
				"east": {"uv": [2, 12, 3, 13], "texture": "#all"},
				"south": {"uv": [2, 12, 3, 13], "texture": "#all"},
				"west": {"uv": [2, 12, 3, 13], "texture": "#all"},
				"up": {"uv": [2, 12, 3, 13], "rotation": 90, "texture": "#all"},
				"down": {"uv": [2, 12, 3, 13], "rotation": 270, "texture": "#all"}
			}
		},
		{
			"from": [7.5, 3, 7.5],
			"to": [8.5, 4, 8.5],
			"rotation": {"angle": 45, "axis": "y", "origin": [8, 8, 8]},
			"faces": {
				"north": {"uv": [1, 12, 2, 13], "texture": "#all"},
				"east": {"uv": [1, 12, 2, 13], "texture": "#all"},
				"south": {"uv": [1, 12, 2, 13], "texture": "#all"},
				"west": {"uv": [1, 12, 2, 13], "texture": "#all"},
				"up": {"uv": [1, 12, 2, 13], "rotation": 90, "texture": "#all"},
				"down": {"uv": [1, 12, 2, 13], "rotation": 270, "texture": "#all"}
			}
		},
		{
			"from": [8.5, 3, 7.5],
			"to": [9.5, 4, 8.5],
			"rotation": {"angle": 45, "axis": "y", "origin": [8, 8, 8]},
			"faces": {
				"north": {"uv": [0, 12, 1, 13], "texture": "#all"},
				"east": {"uv": [0, 12, 1, 13], "texture": "#all"},
				"south": {"uv": [0, 12, 1, 13], "texture": "#all"},
				"west": {"uv": [0, 12, 1, 13], "texture": "#all"},
				"up": {"uv": [0, 12, 1, 13], "rotation": 90, "texture": "#all"},
				"down": {"uv": [0, 12, 1, 13], "rotation": 270, "texture": "#all"}
			}
		},
		{
			"from": [8.5, 1, 7.5],
			"to": [9.5, 2, 8.5],
			"rotation": {"angle": 45, "axis": "y", "origin": [8, 8, 8]},
			"faces": {
				"north": {"uv": [0, 14, 1, 15], "texture": "#all"},
				"east": {"uv": [0, 14, 1, 15], "texture": "#all"},
				"south": {"uv": [0, 14, 1, 15], "texture": "#all"},
				"west": {"uv": [0, 14, 1, 15], "texture": "#all"},
				"up": {"uv": [0, 14, 1, 15], "rotation": 90, "texture": "#all"},
				"down": {"uv": [0, 14, 1, 15], "rotation": 270, "texture": "#all"}
			}
		},
		{
			"from": [7.5, 0, 7.5],
			"to": [8.5, 1, 8.5],
			"rotation": {"angle": 45, "axis": "y", "origin": [8, 8, 8]},
			"faces": {
				"north": {"uv": [1, 15, 2, 16], "texture": "#all"},
				"east": {"uv": [1, 15, 2, 16], "texture": "#all"},
				"south": {"uv": [1, 15, 2, 16], "texture": "#all"},
				"west": {"uv": [1, 15, 2, 16], "texture": "#all"},
				"up": {"uv": [1, 15, 2, 16], "rotation": 90, "texture": "#all"},
				"down": {"uv": [1, 15, 2, 16], "rotation": 270, "texture": "#all"}
			}
		},
		{
			"from": [8.5, 0, 7.5],
			"to": [9.5, 1, 8.5],
			"rotation": {"angle": 45, "axis": "y", "origin": [8, 8, 8]},
			"faces": {
				"north": {"uv": [0, 15, 1, 16], "texture": "#all"},
				"east": {"uv": [0, 15, 1, 16], "texture": "#all"},
				"south": {"uv": [0, 15, 1, 16], "texture": "#all"},
				"west": {"uv": [0, 15, 1, 16], "texture": "#all"},
				"up": {"uv": [0, 15, 1, 16], "rotation": 90, "texture": "#all"},
				"down": {"uv": [0, 15, 1, 16], "rotation": 270, "texture": "#all"}
			}
		},
		{
			"from": [6.5, 1, 7.5],
			"to": [7.5, 2, 8.5],
			"rotation": {"angle": 45, "axis": "y", "origin": [8, 8, 8]},
			"faces": {
				"north": {"uv": [2, 14, 3, 15], "texture": "#all"},
				"east": {"uv": [2, 14, 3, 15], "texture": "#all"},
				"south": {"uv": [2, 14, 3, 15], "texture": "#all"},
				"west": {"uv": [2, 14, 3, 15], "texture": "#all"},
				"up": {"uv": [2, 14, 3, 15], "rotation": 90, "texture": "#all"},
				"down": {"uv": [2, 14, 3, 15], "rotation": 270, "texture": "#all"}
			}
		},
		{
			"from": [7.5, 1, 7.5],
			"to": [8.5, 2, 8.5],
			"rotation": {"angle": 45, "axis": "y", "origin": [8, 8, 8]},
			"faces": {
				"north": {"uv": [1, 14, 2, 15], "texture": "#all"},
				"east": {"uv": [1, 14, 2, 15], "texture": "#all"},
				"south": {"uv": [1, 14, 2, 15], "texture": "#all"},
				"west": {"uv": [1, 14, 2, 15], "texture": "#all"},
				"up": {"uv": [1, 14, 2, 15], "rotation": 90, "texture": "#all"},
				"down": {"uv": [1, 14, 2, 15], "rotation": 270, "texture": "#all"}
			}
		},
		{
			"from": [6.5, 0, 7.5],
			"to": [7.5, 1, 8.5],
			"rotation": {"angle": 45, "axis": "y", "origin": [8, 8, 8]},
			"faces": {
				"north": {"uv": [2, 15, 3, 16], "texture": "#all"},
				"east": {"uv": [2, 15, 3, 16], "texture": "#all"},
				"south": {"uv": [2, 15, 3, 16], "texture": "#all"},
				"west": {"uv": [2, 15, 3, 16], "texture": "#all"},
				"up": {"uv": [2, 15, 3, 16], "rotation": 90, "texture": "#all"},
				"down": {"uv": [2, 15, 3, 16], "rotation": 270, "texture": "#all"}
			}
		}
	],
	"groups": [
		{
			"name": "group",
			"origin": [0, 0, 0],
			"color": 0,
			"children": [0, 1, 2, 3, 4, 5, 6, 7, 8, 9, 10, 11, 12, 13, 14, 15, 16, 17, 18, 19, 20, 21, 22, 23, 24, 25, 26, 27, 28, 29, 30, 31, 32, 33, 34, 35, 36, 37, 38, 39, 40, 41, 42, 43, 44, 45, 46, 47]
		},
		{
			"name": "group",
			"origin": [0, 0, 0],
			"color": 0,
			"children": [48, 49, 50, 51, 52, 53, 54, 55, 56, 57, 58, 59, 60, 61, 62, 63, 64, 65, 66, 67, 68, 69, 70, 71, 72, 73, 74, 75, 76, 77, 78, 79, 80, 81, 82, 83, 84, 85, 86, 87, 88, 89, 90, 91, 92, 93, 94, 95]
		}
	]
}