{
	"credit": "Made with Blockbench",
	"ambientocclusion": false,
	"textures": {
		"particle": "block/iron_bars",
		"bars": "block/iron_bars"
	},
	"elements": [
		{
			"from": [8, 1, 2],
			"to": [8.9, 15, 4],
			"faces": {
				"north": {"uv": [12, 1, 13, 15], "texture": "#bars"},
				"east": {"uv": [12, 1, 14, 15], "texture": "#bars"},
				"south": {"uv": [12, 1, 13, 15], "texture": "#bars"},
				"west": {"uv": [12, 1, 14, 15], "texture": "#bars"},
				"up": {"uv": [0, 0, 0, 0], "texture": "#bars"},
				"down": {"uv": [0, 0, 0, 0], "texture": "#bars"}
			}
		},
		{
			"from": [8, 4, 4],
			"to": [8.9, 6, 7],
			"faces": {
				"north": {"uv": [9, 12, 11, 14], "texture": "#bars"},
				"east": {"uv": [13, 7, 16, 9], "texture": "#bars"},
				"south": {"uv": [9, 12, 11, 14], "texture": "#bars"},
				"west": {"uv": [9, 12, 12, 14], "texture": "#bars"},
				"up": {"uv": [12, 11, 13, 14], "texture": "#bars"},
				"down": {"uv": [12, 11, 13, 14], "texture": "#bars"}
			}
		},
		{
			"from": [8, 9, 1],
			"to": [8.9, 11, 2],
			"faces": {
				"north": {"uv": [9, 12, 10, 14], "texture": "#bars"},
				"east": {"uv": [13, 7, 14, 9], "texture": "#bars"},
				"south": {"uv": [9, 12, 10, 14], "texture": "#bars"},
				"west": {"uv": [9, 12, 10, 14], "texture": "#bars"},
				"up": {"uv": [11, 13, 12, 14], "texture": "#bars"},
				"down": {"uv": [10, 13, 11, 14], "texture": "#bars"}
			}
		},
		{
			"from": [7.1, 0, 7],
			"to": [8.9, 16, 8],
			"rotation": {"angle": 0, "axis": "y", "origin": [8, 8, 8]},
			"faces": {
				"north": {"uv": [12, 0, 14, 16], "texture": "#bars"},
				"east": {"uv": [12, 0, 13, 16], "texture": "#bars"},
				"south": {"uv": [12, 0, 14, 16], "texture": "#bars"},
				"west": {"uv": [12, 0, 13, 16], "texture": "#bars"},
				"up": {"uv": [12, 0, 13, 2], "rotation": 270, "texture": "#bars"},
				"down": {"uv": [12, 14, 13, 16], "rotation": 90, "texture": "#bars"}
			}
		},
		{
			"from": [7.1, 0, 0],
			"to": [8.9, 16, 1],
			"rotation": {"angle": 0, "axis": "y", "origin": [8, 8, 8]},
			"faces": {
				"north": {"uv": [12, 0, 14, 16], "texture": "#bars"},
				"east": {"uv": [12, 0, 13, 16], "texture": "#bars"},
				"south": {"uv": [12, 0, 14, 16], "texture": "#bars"},
				"west": {"uv": [12, 0, 13, 16], "texture": "#bars"},
				"up": {"uv": [12, 0, 13, 2], "rotation": 270, "texture": "#bars"},
				"down": {"uv": [12, 14, 13, 16], "rotation": 90, "texture": "#bars"}
			}
		},
		{
			"from": [7.1, 0, 1],
			"to": [8.9, 1, 7],
			"faces": {
				"north": {"uv": [16, 16, 16, 16], "texture": "#bars"},
				"east": {"uv": [7, 12, 13, 13], "texture": "#bars"},
				"south": {"uv": [16, 16, 16, 16], "texture": "#bars"},
				"west": {"uv": [7, 13, 13, 14], "texture": "#bars"},
				"up": {"uv": [7, 12, 13, 14], "rotation": 90, "texture": "#bars"},
				"down": {"uv": [7, 12, 13, 14], "rotation": 90, "texture": "#bars"}
			}
		},
		{
			"from": [7.1, 15, 1],
			"to": [8.9, 16, 7],
			"faces": {
				"north": {"uv": [16, 16, 16, 16], "texture": "#bars"},
				"east": {"uv": [7, 12, 13, 13], "texture": "#bars"},
				"south": {"uv": [16, 16, 16, 16], "texture": "#bars"},
				"west": {"uv": [7, 13, 13, 14], "texture": "#bars"},
				"up": {"uv": [7, 12, 13, 14], "rotation": 90, "texture": "#bars"},
				"down": {"uv": [7, 12, 13, 14], "rotation": 90, "texture": "#bars"}
			}
		}
	],
	"groups": [
		{
			"name": "group",
			"origin": [0, 0, 0],
			"color": 0,
			"children": [0, 1, 2, 3, 4, 5, 6]
		}
	]
}