{
	"credit": "Made with Blockbench",
	"parent": "block/block",
	"textures": {
		"1": "block/chain",
		"particle": "#lantern"
	},
	"elements": [
		{
			"from": [5, 1, 5],
			"to": [11, 8, 11],
			"faces": {
				"north": {"uv": [0, 2, 6, 9], "texture": "#lantern"},
				"east": {"uv": [0, 2, 6, 9], "texture": "#lantern"},
				"south": {"uv": [0, 2, 6, 9], "texture": "#lantern"},
				"west": {"uv": [0, 2, 6, 9], "texture": "#lantern"},
				"up": {"uv": [0, 9, 6, 15], "texture": "#lantern"},
				"down": {"uv": [0, 9, 6, 15], "texture": "#lantern"}
			}
		},
		{
			"from": [6, 8, 6],
			"to": [10, 10, 10],
			"faces": {
				"north": {"uv": [1, 0, 5, 2], "texture": "#lantern"},
				"east": {"uv": [1, 0, 5, 2], "texture": "#lantern"},
				"south": {"uv": [1, 0, 5, 2], "texture": "#lantern"},
				"west": {"uv": [1, 0, 5, 2], "texture": "#lantern"},
				"up": {"uv": [1, 10, 5, 14], "texture": "#lantern"},
				"down": {"uv": [1, 10, 5, 14], "texture": "#lantern"}
			}
		},
		{
			"from": [7.5, 15, 7.5],
			"to": [8.5, 16, 8.5],
			"rotation": {"angle": 45, "axis": "y", "origin": [8, 8, 8]},
			"faces": {
				"north": {"uv": [4, 11, 5, 12], "texture": "#1"},
				"east": {"uv": [4, 11, 5, 12], "texture": "#1"},
				"south": {"uv": [4, 11, 5, 12], "texture": "#1"},
				"west": {"uv": [4, 11, 5, 12], "texture": "#1"},
				"up": {"uv": [4, 11, 5, 12], "texture": "#1"},
				"down": {"uv": [4, 11, 5, 12], "texture": "#1"}
			}
		},
		{
			"from": [7.5, 15, 6.5],
			"to": [8.5, 16, 7.5],
			"rotation": {"angle": 45, "axis": "y", "origin": [8, 8, 8]},
			"faces": {
				"north": {"uv": [3, 11, 4, 12], "texture": "#1"},
				"east": {"uv": [3, 11, 4, 12], "texture": "#1"},
				"south": {"uv": [3, 11, 4, 12], "texture": "#1"},
				"west": {"uv": [3, 11, 4, 12], "texture": "#1"},
				"up": {"uv": [3, 11, 4, 12], "texture": "#1"},
				"down": {"uv": [3, 11, 4, 12], "texture": "#1"}
			}
		},
		{
			"from": [7.5, 15, 8.5],
			"to": [8.5, 16, 9.5],
			"rotation": {"angle": 45, "axis": "y", "origin": [8, 8, 8]},
			"faces": {
				"north": {"uv": [5, 11, 6, 12], "texture": "#1"},
				"east": {"uv": [5, 11, 6, 12], "texture": "#1"},
				"south": {"uv": [5, 11, 6, 12], "texture": "#1"},
				"west": {"uv": [5, 11, 6, 12], "texture": "#1"},
				"up": {"uv": [5, 11, 6, 12], "texture": "#1"},
				"down": {"uv": [5, 11, 6, 12], "texture": "#1"}
			}
		},
		{
			"from": [7.5, 10, 6.5],
			"to": [8.5, 11, 7.5],
			"rotation": {"angle": 45, "axis": "y", "origin": [8, 8, 8]},
			"faces": {
				"north": {"uv": [3, 11, 4, 12], "texture": "#1"},
				"east": {"uv": [3, 11, 4, 12], "texture": "#1"},
				"south": {"uv": [3, 11, 4, 12], "texture": "#1"},
				"west": {"uv": [3, 11, 4, 12], "texture": "#1"},
				"up": {"uv": [3, 11, 4, 12], "texture": "#1"},
				"down": {"uv": [3, 11, 4, 12], "texture": "#1"}
			}
		},
		{
			"from": [7.5, 10, 8.5],
			"to": [8.5, 11, 9.5],
			"rotation": {"angle": 45, "axis": "y", "origin": [8, 8, 8]},
			"faces": {
				"north": {"uv": [5, 11, 6, 12], "texture": "#1"},
				"east": {"uv": [5, 11, 6, 12], "texture": "#1"},
				"south": {"uv": [5, 11, 6, 12], "texture": "#1"},
				"west": {"uv": [5, 11, 6, 12], "texture": "#1"},
				"up": {"uv": [5, 11, 6, 12], "texture": "#1"},
				"down": {"uv": [5, 11, 6, 12], "texture": "#1"}
			}
		},
		{
			"from": [7.5, 13, 8.5],
			"to": [8.5, 14, 9.5],
			"rotation": {"angle": 45, "axis": "y", "origin": [8, 8, 8]},
			"faces": {
				"north": {"uv": [5, 13, 6, 14], "texture": "#1"},
				"east": {"uv": [5, 13, 6, 14], "texture": "#1"},
				"south": {"uv": [5, 13, 6, 14], "texture": "#1"},
				"west": {"uv": [5, 13, 6, 14], "texture": "#1"},
				"up": {"uv": [5, 13, 6, 14], "texture": "#1"},
				"down": {"uv": [5, 13, 6, 14], "texture": "#1"}
			}
		},
		{
			"from": [7.5, 13, 7.5],
			"to": [8.5, 14, 8.5],
			"rotation": {"angle": 45, "axis": "y", "origin": [8, 8, 8]},
			"faces": {
				"north": {"uv": [4, 13, 5, 14], "texture": "#1"},
				"east": {"uv": [4, 13, 5, 14], "texture": "#1"},
				"south": {"uv": [4, 13, 5, 14], "texture": "#1"},
				"west": {"uv": [4, 13, 5, 14], "texture": "#1"},
				"up": {"uv": [4, 13, 5, 14], "texture": "#1"},
				"down": {"uv": [4, 13, 5, 14], "texture": "#1"}
			}
		},
		{
			"from": [7.5, 13, 6.5],
			"to": [8.5, 14, 7.5],
			"rotation": {"angle": 45, "axis": "y", "origin": [8, 8, 8]},
			"faces": {
				"north": {"uv": [3, 13, 4, 14], "texture": "#1"},
				"east": {"uv": [3, 13, 4, 14], "texture": "#1"},
				"south": {"uv": [3, 13, 4, 14], "texture": "#1"},
				"west": {"uv": [3, 13, 4, 14], "texture": "#1"},
				"up": {"uv": [3, 13, 4, 14], "texture": "#1"},
				"down": {"uv": [3, 13, 4, 14], "texture": "#1"}
			}
		},
		{
			"from": [7.5, 14, 8.5],
			"to": [8.5, 15, 9.5],
			"rotation": {"angle": 45, "axis": "y", "origin": [8, 8, 8]},
			"faces": {
				"north": {"uv": [5, 12, 6, 13], "texture": "#1"},
				"east": {"uv": [5, 12, 6, 13], "texture": "#1"},
				"south": {"uv": [5, 12, 6, 13], "texture": "#1"},
				"west": {"uv": [5, 12, 6, 13], "texture": "#1"},
				"up": {"uv": [5, 12, 6, 13], "texture": "#1"},
				"down": {"uv": [5, 12, 6, 13], "texture": "#1"}
			}
		},
		{
			"from": [7.5, 14, 7.5],
			"to": [8.5, 15, 8.5],
			"rotation": {"angle": 45, "axis": "y", "origin": [8, 8, 8]},
			"faces": {
				"north": {"uv": [4, 12, 5, 13], "texture": "#1"},
				"east": {"uv": [4, 12, 5, 13], "texture": "#1"},
				"south": {"uv": [4, 12, 5, 13], "texture": "#1"},
				"west": {"uv": [4, 12, 5, 13], "texture": "#1"},
				"up": {"uv": [4, 12, 5, 13], "texture": "#1"},
				"down": {"uv": [4, 12, 5, 13], "texture": "#1"}
			}
		},
		{
			"from": [7.5, 14, 6.5],
			"to": [8.5, 15, 7.5],
			"rotation": {"angle": 45, "axis": "y", "origin": [8, 8, 8]},
			"faces": {
				"north": {"uv": [3, 12, 4, 13], "texture": "#1"},
				"east": {"uv": [3, 12, 4, 13], "texture": "#1"},
				"south": {"uv": [3, 12, 4, 13], "texture": "#1"},
				"west": {"uv": [3, 12, 4, 13], "texture": "#1"},
				"up": {"uv": [3, 12, 4, 13], "texture": "#1"},
				"down": {"uv": [3, 12, 4, 13], "texture": "#1"}
			}
		},
		{
			"from": [7.5, 12, 6.5],
			"to": [8.5, 13, 7.5],
			"rotation": {"angle": 45, "axis": "y", "origin": [8, 8, 8]},
			"faces": {
				"north": {"uv": [3, 14, 4, 15], "texture": "#1"},
				"east": {"uv": [3, 14, 4, 15], "texture": "#1"},
				"south": {"uv": [3, 14, 4, 15], "texture": "#1"},
				"west": {"uv": [3, 14, 4, 15], "texture": "#1"},
				"up": {"uv": [3, 14, 4, 15], "texture": "#1"},
				"down": {"uv": [3, 14, 4, 15], "texture": "#1"}
			}
		},
		{
			"from": [7.5, 11, 7.5],
			"to": [8.5, 12, 8.5],
			"rotation": {"angle": 45, "axis": "y", "origin": [8, 8, 8]},
			"faces": {
				"north": {"uv": [4, 15, 5, 16], "texture": "#1"},
				"east": {"uv": [4, 15, 5, 16], "texture": "#1"},
				"south": {"uv": [4, 15, 5, 16], "texture": "#1"},
				"west": {"uv": [4, 15, 5, 16], "texture": "#1"},
				"up": {"uv": [4, 15, 5, 16], "texture": "#1"},
				"down": {"uv": [4, 15, 5, 16], "texture": "#1"}
			}
		},
		{
			"from": [7.5, 11, 6.5],
			"to": [8.5, 12, 7.5],
			"rotation": {"angle": 45, "axis": "y", "origin": [8, 8, 8]},
			"faces": {
				"north": {"uv": [3, 15, 4, 16], "texture": "#1"},
				"east": {"uv": [3, 15, 4, 16], "texture": "#1"},
				"south": {"uv": [3, 15, 4, 16], "texture": "#1"},
				"west": {"uv": [3, 15, 4, 16], "texture": "#1"},
				"up": {"uv": [3, 15, 4, 16], "texture": "#1"},
				"down": {"uv": [3, 15, 4, 16], "texture": "#1"}
			}
		},
		{
			"from": [7.5, 12, 8.5],
			"to": [8.5, 13, 9.5],
			"rotation": {"angle": 45, "axis": "y", "origin": [8, 8, 8]},
			"faces": {
				"north": {"uv": [5, 14, 6, 15], "texture": "#1"},
				"east": {"uv": [5, 14, 6, 15], "texture": "#1"},
				"south": {"uv": [5, 14, 6, 15], "texture": "#1"},
				"west": {"uv": [5, 14, 6, 15], "texture": "#1"},
				"up": {"uv": [5, 14, 6, 15], "texture": "#1"},
				"down": {"uv": [5, 14, 6, 15], "texture": "#1"}
			}
		},
		{
			"from": [7.5, 12, 7.5],
			"to": [8.5, 13, 8.5],
			"rotation": {"angle": 45, "axis": "y", "origin": [8, 8, 8]},
			"faces": {
				"north": {"uv": [4, 14, 5, 15], "texture": "#1"},
				"east": {"uv": [4, 14, 5, 15], "texture": "#1"},
				"south": {"uv": [4, 14, 5, 15], "texture": "#1"},
				"west": {"uv": [4, 14, 5, 15], "texture": "#1"},
				"up": {"uv": [4, 14, 5, 15], "texture": "#1"},
				"down": {"uv": [4, 14, 5, 15], "texture": "#1"}
			}
		},
		{
			"from": [7.5, 11, 8.5],
			"to": [8.5, 12, 9.5],
			"rotation": {"angle": 45, "axis": "y", "origin": [8, 8, 8]},
			"faces": {
				"north": {"uv": [5, 15, 6, 16], "texture": "#1"},
				"east": {"uv": [5, 15, 6, 16], "texture": "#1"},
				"south": {"uv": [5, 15, 6, 16], "texture": "#1"},
				"west": {"uv": [5, 15, 6, 16], "texture": "#1"},
				"up": {"uv": [5, 15, 6, 16], "texture": "#1"},
				"down": {"uv": [5, 15, 6, 16], "texture": "#1"}
			}
		},
		{
			"from": [7.5, 15, 7.5],
			"to": [8.5, 16, 8.5],
			"rotation": {"angle": 45, "axis": "y", "origin": [8, 8, 8]},
			"faces": {
				"north": {"uv": [1, 11, 2, 12], "texture": "#1"},
				"east": {"uv": [1, 11, 2, 12], "texture": "#1"},
				"south": {"uv": [1, 11, 2, 12], "texture": "#1"},
				"west": {"uv": [1, 11, 2, 12], "texture": "#1"},
				"up": {"uv": [1, 11, 2, 12], "rotation": 90, "texture": "#1"},
				"down": {"uv": [1, 11, 2, 12], "rotation": 270, "texture": "#1"}
			}
		},
		{
			"from": [8.5, 15, 7.5],
			"to": [9.5, 16, 8.5],
			"rotation": {"angle": 45, "axis": "y", "origin": [8, 8, 8]},
			"faces": {
				"north": {"uv": [0, 11, 1, 12], "texture": "#1"},
				"east": {"uv": [0, 11, 1, 12], "texture": "#1"},
				"south": {"uv": [0, 11, 1, 12], "texture": "#1"},
				"west": {"uv": [0, 11, 1, 12], "texture": "#1"},
				"up": {"uv": [0, 11, 1, 12], "rotation": 90, "texture": "#1"},
				"down": {"uv": [0, 11, 1, 12], "rotation": 270, "texture": "#1"}
			}
		},
		{
			"from": [6.5, 15, 7.5],
			"to": [7.5, 16, 8.5],
			"rotation": {"angle": 45, "axis": "y", "origin": [8, 8, 8]},
			"faces": {
				"north": {"uv": [2, 11, 3, 12], "texture": "#1"},
				"east": {"uv": [2, 11, 3, 12], "texture": "#1"},
				"south": {"uv": [2, 11, 3, 12], "texture": "#1"},
				"west": {"uv": [2, 11, 3, 12], "texture": "#1"},
				"up": {"uv": [2, 11, 3, 12], "rotation": 90, "texture": "#1"},
				"down": {"uv": [2, 11, 3, 12], "rotation": 270, "texture": "#1"}
			}
		},
		{
			"from": [6.5, 13, 7.5],
			"to": [7.5, 14, 8.5],
			"rotation": {"angle": 45, "axis": "y", "origin": [8, 8, 8]},
			"faces": {
				"north": {"uv": [2, 13, 3, 14], "texture": "#1"},
				"east": {"uv": [2, 13, 3, 14], "texture": "#1"},
				"south": {"uv": [2, 13, 3, 14], "texture": "#1"},
				"west": {"uv": [2, 13, 3, 14], "texture": "#1"},
				"up": {"uv": [2, 13, 3, 14], "rotation": 90, "texture": "#1"},
				"down": {"uv": [2, 13, 3, 14], "rotation": 270, "texture": "#1"}
			}
		},
		{
			"from": [7.5, 13, 7.5],
			"to": [8.5, 14, 8.5],
			"rotation": {"angle": 45, "axis": "y", "origin": [8, 8, 8]},
			"faces": {
				"north": {"uv": [1, 13, 2, 14], "texture": "#1"},
				"east": {"uv": [1, 13, 2, 14], "texture": "#1"},
				"south": {"uv": [1, 13, 2, 14], "texture": "#1"},
				"west": {"uv": [1, 13, 2, 14], "texture": "#1"},
				"up": {"uv": [1, 13, 2, 14], "rotation": 90, "texture": "#1"},
				"down": {"uv": [1, 13, 2, 14], "rotation": 270, "texture": "#1"}
			}
		},
		{
			"from": [8.5, 13, 7.5],
			"to": [9.5, 14, 8.5],
			"rotation": {"angle": 45, "axis": "y", "origin": [8, 8, 8]},
			"faces": {
				"north": {"uv": [0, 13, 1, 14], "texture": "#1"},
				"east": {"uv": [0, 13, 1, 14], "texture": "#1"},
				"south": {"uv": [0, 13, 1, 14], "texture": "#1"},
				"west": {"uv": [0, 13, 1, 14], "texture": "#1"},
				"up": {"uv": [0, 13, 1, 14], "rotation": 90, "texture": "#1"},
				"down": {"uv": [0, 13, 1, 14], "rotation": 270, "texture": "#1"}
			}
		},
		{
			"from": [6.5, 14, 7.5],
			"to": [7.5, 15, 8.5],
			"rotation": {"angle": 45, "axis": "y", "origin": [8, 8, 8]},
			"faces": {
				"north": {"uv": [2, 12, 3, 13], "texture": "#1"},
				"east": {"uv": [2, 12, 3, 13], "texture": "#1"},
				"south": {"uv": [2, 12, 3, 13], "texture": "#1"},
				"west": {"uv": [2, 12, 3, 13], "texture": "#1"},
				"up": {"uv": [2, 12, 3, 13], "rotation": 90, "texture": "#1"},
				"down": {"uv": [2, 12, 3, 13], "rotation": 270, "texture": "#1"}
			}
		},
		{
			"from": [7.5, 14, 7.5],
			"to": [8.5, 15, 8.5],
			"rotation": {"angle": 45, "axis": "y", "origin": [8, 8, 8]},
			"faces": {
				"north": {"uv": [1, 12, 2, 13], "texture": "#1"},
				"east": {"uv": [1, 12, 2, 13], "texture": "#1"},
				"south": {"uv": [1, 12, 2, 13], "texture": "#1"},
				"west": {"uv": [1, 12, 2, 13], "texture": "#1"},
				"up": {"uv": [1, 12, 2, 13], "rotation": 90, "texture": "#1"},
				"down": {"uv": [1, 12, 2, 13], "rotation": 270, "texture": "#1"}
			}
		},
		{
			"from": [8.5, 14, 7.5],
			"to": [9.5, 15, 8.5],
			"rotation": {"angle": 45, "axis": "y", "origin": [8, 8, 8]},
			"faces": {
				"north": {"uv": [0, 12, 1, 13], "texture": "#1"},
				"east": {"uv": [0, 12, 1, 13], "texture": "#1"},
				"south": {"uv": [0, 12, 1, 13], "texture": "#1"},
				"west": {"uv": [0, 12, 1, 13], "texture": "#1"},
				"up": {"uv": [0, 12, 1, 13], "rotation": 90, "texture": "#1"},
				"down": {"uv": [0, 12, 1, 13], "rotation": 270, "texture": "#1"}
			}
		},
		{
			"from": [8.5, 12, 7.5],
			"to": [9.5, 13, 8.5],
			"rotation": {"angle": 45, "axis": "y", "origin": [8, 8, 8]},
			"faces": {
				"north": {"uv": [0, 14, 1, 15], "texture": "#1"},
				"east": {"uv": [0, 14, 1, 15], "texture": "#1"},
				"south": {"uv": [0, 14, 1, 15], "texture": "#1"},
				"west": {"uv": [0, 14, 1, 15], "texture": "#1"},
				"up": {"uv": [0, 14, 1, 15], "rotation": 90, "texture": "#1"},
				"down": {"uv": [0, 14, 1, 15], "rotation": 270, "texture": "#1"}
			}
		},
		{
			"from": [7.5, 11, 7.5],
			"to": [8.5, 12, 8.5],
			"rotation": {"angle": 45, "axis": "y", "origin": [8, 8, 8]},
			"faces": {
				"north": {"uv": [1, 15, 2, 16], "texture": "#1"},
				"east": {"uv": [1, 15, 2, 16], "texture": "#1"},
				"south": {"uv": [1, 15, 2, 16], "texture": "#1"},
				"west": {"uv": [1, 15, 2, 16], "texture": "#1"},
				"up": {"uv": [1, 15, 2, 16], "rotation": 90, "texture": "#1"},
				"down": {"uv": [1, 15, 2, 16], "rotation": 270, "texture": "#1"}
			}
		},
		{
			"from": [8.5, 11, 7.5],
			"to": [9.5, 12, 8.5],
			"rotation": {"angle": 45, "axis": "y", "origin": [8, 8, 8]},
			"faces": {
				"north": {"uv": [0, 15, 1, 16], "texture": "#1"},
				"east": {"uv": [0, 15, 1, 16], "texture": "#1"},
				"south": {"uv": [0, 15, 1, 16], "texture": "#1"},
				"west": {"uv": [0, 15, 1, 16], "texture": "#1"},
				"up": {"uv": [0, 15, 1, 16], "rotation": 90, "texture": "#1"},
				"down": {"uv": [0, 15, 1, 16], "rotation": 270, "texture": "#1"}
			}
		},
		{
			"from": [6.5, 12, 7.5],
			"to": [7.5, 13, 8.5],
			"rotation": {"angle": 45, "axis": "y", "origin": [8, 8, 8]},
			"faces": {
				"north": {"uv": [2, 14, 3, 15], "texture": "#1"},
				"east": {"uv": [2, 14, 3, 15], "texture": "#1"},
				"south": {"uv": [2, 14, 3, 15], "texture": "#1"},
				"west": {"uv": [2, 14, 3, 15], "texture": "#1"},
				"up": {"uv": [2, 14, 3, 15], "rotation": 90, "texture": "#1"},
				"down": {"uv": [2, 14, 3, 15], "rotation": 270, "texture": "#1"}
			}
		},
		{
			"from": [6.5, 11, 7.5],
			"to": [7.5, 12, 8.5],
			"rotation": {"angle": 45, "axis": "y", "origin": [8, 8, 8]},
			"faces": {
				"north": {"uv": [2, 15, 3, 16], "texture": "#1"},
				"east": {"uv": [2, 15, 3, 16], "texture": "#1"},
				"south": {"uv": [2, 15, 3, 16], "texture": "#1"},
				"west": {"uv": [2, 15, 3, 16], "texture": "#1"},
				"up": {"uv": [2, 15, 3, 16], "rotation": 90, "texture": "#1"},
				"down": {"uv": [2, 15, 3, 16], "rotation": 270, "texture": "#1"}
			}
		}
	]
}