{
	"credit": "Made with Blockbench",
	"parent": "stick",
	"texture_size": [32, 32],
	"textures": {
		"0": "item/key/key8",
		"particle": "item/key/key8"
	},
	"elements": [
		{
			"name": "Body",
			"from": [7, 8, 5],
			"to": [8, 9, 6],
			"faces": {
				"north": {"uv": [2.5, 3.5, 3, 4], "texture": "#0"},
				"east": {"uv": [2.5, 3.5, 3, 4], "texture": "#0"},
				"south": {"uv": [2.5, 3.5, 3, 4], "texture": "#0"},
				"west": {"uv": [2.5, 3.5, 3, 4], "texture": "#0"},
				"up": {"uv": [2.5, 3.5, 3, 4], "rotation": 90, "texture": "#0"},
				"down": {"uv": [2.5, 3.5, 3, 4], "rotation": 90, "texture": "#0"}
			}
		},
		{
			"name": "Body",
			"from": [7, 7, 5],
			"to": [8, 8, 6],
			"faces": {
				"north": {"uv": [2.5, 4, 3, 4.5], "texture": "#0"},
				"east": {"uv": [2.5, 4, 3, 4.5], "texture": "#0"},
				"south": {"uv": [2.5, 4, 3, 4.5], "texture": "#0"},
				"west": {"uv": [2.5, 4, 3, 4.5], "texture": "#0"},
				"up": {"uv": [2.5, 4, 3, 4.5], "rotation": 90, "texture": "#0"},
				"down": {"uv": [2.5, 4, 3, 4.5], "rotation": 90, "texture": "#0"}
			}
		},
		{
			"name": "Body",
			"from": [7, 8, 0],
			"to": [8, 9, 1],
			"faces": {
				"north": {"uv": [0, 3.5, 0.5, 4], "texture": "#0"},
				"east": {"uv": [0, 3.5, 0.5, 4], "texture": "#0"},
				"south": {"uv": [0, 3.5, 0.5, 4], "texture": "#0"},
				"west": {"uv": [0, 3.5, 0.5, 4], "texture": "#0"},
				"up": {"uv": [0, 3.5, 0.5, 4], "rotation": 90, "texture": "#0"},
				"down": {"uv": [0, 3.5, 0.5, 4], "rotation": 90, "texture": "#0"}
			}
		},
		{
			"name": "Body",
			"from": [7, 7, 0],
			"to": [8, 8, 1],
			"faces": {
				"north": {"uv": [0, 4, 0.5, 4.5], "texture": "#0"},
				"east": {"uv": [0, 4, 0.5, 4.5], "texture": "#0"},
				"south": {"uv": [0, 4, 0.5, 4.5], "texture": "#0"},
				"west": {"uv": [0, 4, 0.5, 4.5], "texture": "#0"},
				"up": {"uv": [0, 4, 0.5, 4.5], "rotation": 90, "texture": "#0"},
				"down": {"uv": [0, 4, 0.5, 4.5], "rotation": 90, "texture": "#0"}
			}
		},
		{
			"name": "Body",
			"from": [7, 8, 4],
			"to": [8, 9, 5],
			"faces": {
				"north": {"uv": [2, 3.5, 2.5, 4], "texture": "#0"},
				"east": {"uv": [2, 3.5, 2.5, 4], "texture": "#0"},
				"south": {"uv": [2, 3.5, 2.5, 4], "texture": "#0"},
				"west": {"uv": [2, 3.5, 2.5, 4], "texture": "#0"},
				"up": {"uv": [2, 3.5, 2.5, 4], "rotation": 90, "texture": "#0"},
				"down": {"uv": [2, 3.5, 2.5, 4], "rotation": 90, "texture": "#0"}
			}
		},
		{
			"name": "Body",
			"from": [7, 7, 4],
			"to": [8, 8, 5],
			"faces": {
				"north": {"uv": [2, 4, 2.5, 4.5], "texture": "#0"},
				"east": {"uv": [2, 4, 2.5, 4.5], "texture": "#0"},
				"south": {"uv": [2, 4, 2.5, 4.5], "texture": "#0"},
				"west": {"uv": [2, 4, 2.5, 4.5], "texture": "#0"},
				"up": {"uv": [2, 4, 2.5, 4.5], "rotation": 90, "texture": "#0"},
				"down": {"uv": [2, 4, 2.5, 4.5], "rotation": 90, "texture": "#0"}
			}
		},
		{
			"name": "Body",
			"from": [7, 7, 3],
			"to": [8, 8, 4],
			"faces": {
				"north": {"uv": [1.5, 4, 2, 4.5], "texture": "#0"},
				"east": {"uv": [1.5, 4, 2, 4.5], "texture": "#0"},
				"south": {"uv": [1.5, 4, 2, 4.5], "texture": "#0"},
				"west": {"uv": [1.5, 4, 2, 4.5], "texture": "#0"},
				"up": {"uv": [1.5, 4, 2, 4.5], "rotation": 90, "texture": "#0"},
				"down": {"uv": [1.5, 4, 2, 4.5], "rotation": 90, "texture": "#0"}
			}
		},
		{
			"name": "Body",
			"from": [7, 8, 3],
			"to": [8, 9, 4],
			"faces": {
				"north": {"uv": [1.5, 3.5, 2, 4], "texture": "#0"},
				"east": {"uv": [1.5, 3.5, 2, 4], "texture": "#0"},
				"south": {"uv": [1.5, 3.5, 2, 4], "texture": "#0"},
				"west": {"uv": [1.5, 3.5, 2, 4], "texture": "#0"},
				"up": {"uv": [1.5, 3.5, 2, 4], "rotation": 90, "texture": "#0"},
				"down": {"uv": [1.5, 3.5, 2, 4], "rotation": 90, "texture": "#0"}
			}
		},
		{
			"name": "Body",
			"from": [7, 8, 1],
			"to": [8, 9, 2],
			"faces": {
				"north": {"uv": [0.5, 3.5, 1, 4], "texture": "#0"},
				"east": {"uv": [0.5, 3.5, 1, 4], "texture": "#0"},
				"south": {"uv": [0.5, 3.5, 1, 4], "texture": "#0"},
				"west": {"uv": [0.5, 3.5, 1, 4], "texture": "#0"},
				"up": {"uv": [0.5, 3.5, 1, 4], "rotation": 90, "texture": "#0"},
				"down": {"uv": [0.5, 3.5, 1, 4], "rotation": 90, "texture": "#0"}
			}
		},
		{
			"name": "Body",
			"from": [7, 7, 1],
			"to": [8, 8, 2],
			"faces": {
				"north": {"uv": [0.5, 4, 1, 4.5], "texture": "#0"},
				"east": {"uv": [0.5, 4, 1, 4.5], "texture": "#0"},
				"south": {"uv": [0.5, 4, 1, 4.5], "texture": "#0"},
				"west": {"uv": [0.5, 4, 1, 4.5], "texture": "#0"},
				"up": {"uv": [0.5, 4, 1, 4.5], "rotation": 90, "texture": "#0"},
				"down": {"uv": [0.5, 4, 1, 4.5], "rotation": 90, "texture": "#0"}
			}
		},
		{
			"name": "Body",
			"from": [7, 7, 2],
			"to": [8, 8, 3],
			"faces": {
				"north": {"uv": [1, 4, 1.5, 4.5], "texture": "#0"},
				"east": {"uv": [1, 4, 1.5, 4.5], "texture": "#0"},
				"south": {"uv": [1, 4, 1.5, 4.5], "texture": "#0"},
				"west": {"uv": [1, 4, 1.5, 4.5], "texture": "#0"},
				"up": {"uv": [1, 4, 1.5, 4.5], "rotation": 90, "texture": "#0"},
				"down": {"uv": [1, 4, 1.5, 4.5], "rotation": 90, "texture": "#0"}
			}
		},
		{
			"name": "Body",
			"from": [7, 8, 2],
			"to": [8, 9, 3],
			"faces": {
				"north": {"uv": [1, 3.5, 1.5, 4], "texture": "#0"},
				"east": {"uv": [1, 3.5, 1.5, 4], "texture": "#0"},
				"south": {"uv": [1, 3.5, 1.5, 4], "texture": "#0"},
				"west": {"uv": [1, 3.5, 1.5, 4], "texture": "#0"},
				"up": {"uv": [1, 3.5, 1.5, 4], "rotation": 90, "texture": "#0"},
				"down": {"uv": [1, 3.5, 1.5, 4], "rotation": 90, "texture": "#0"}
			}
		},
		{
			"name": "Body",
			"from": [7, 10, 5],
			"to": [8, 11, 6],
			"faces": {
				"north": {"uv": [2.5, 2.5, 3, 3], "texture": "#0"},
				"east": {"uv": [2.5, 2.5, 3, 3], "texture": "#0"},
				"south": {"uv": [2.5, 2.5, 3, 3], "texture": "#0"},
				"west": {"uv": [2.5, 2.5, 3, 3], "texture": "#0"},
				"up": {"uv": [2.5, 2.5, 3, 3], "rotation": 90, "texture": "#0"},
				"down": {"uv": [2.5, 2.5, 3, 3], "rotation": 90, "texture": "#0"}
			}
		},
		{
			"name": "Body",
			"from": [7, 9, 5],
			"to": [8, 10, 6],
			"faces": {
				"north": {"uv": [2.5, 3, 3, 3.5], "texture": "#0"},
				"east": {"uv": [2.5, 3, 3, 3.5], "texture": "#0"},
				"south": {"uv": [2.5, 3, 3, 3.5], "texture": "#0"},
				"west": {"uv": [2.5, 3, 3, 3.5], "texture": "#0"},
				"up": {"uv": [2.5, 3, 3, 3.5], "rotation": 90, "texture": "#0"},
				"down": {"uv": [2.5, 3, 3, 3.5], "rotation": 90, "texture": "#0"}
			}
		},
		{
			"name": "Body",
			"from": [7, 10, 0],
			"to": [8, 11, 1],
			"faces": {
				"north": {"uv": [0, 2.5, 0.5, 3], "texture": "#0"},
				"east": {"uv": [0, 2.5, 0.5, 3], "texture": "#0"},
				"south": {"uv": [0, 2.5, 0.5, 3], "texture": "#0"},
				"west": {"uv": [0, 2.5, 0.5, 3], "texture": "#0"},
				"up": {"uv": [0, 2.5, 0.5, 3], "rotation": 90, "texture": "#0"},
				"down": {"uv": [0, 2.5, 0.5, 3], "rotation": 90, "texture": "#0"}
			}
		},
		{
			"name": "Body",
			"from": [7, 9, 0],
			"to": [8, 10, 1],
			"faces": {
				"north": {"uv": [0, 3, 0.5, 3.5], "texture": "#0"},
				"east": {"uv": [0, 3, 0.5, 3.5], "texture": "#0"},
				"south": {"uv": [0, 3, 0.5, 3.5], "texture": "#0"},
				"west": {"uv": [0, 3, 0.5, 3.5], "texture": "#0"},
				"up": {"uv": [0, 3, 0.5, 3.5], "rotation": 90, "texture": "#0"},
				"down": {"uv": [0, 3, 0.5, 3.5], "rotation": 90, "texture": "#0"}
			}
		},
		{
			"name": "Body",
			"from": [7, 10, 4],
			"to": [8, 11, 5],
			"faces": {
				"north": {"uv": [2, 2.5, 2.5, 3], "texture": "#0"},
				"east": {"uv": [2, 2.5, 2.5, 3], "texture": "#0"},
				"south": {"uv": [2, 2.5, 2.5, 3], "texture": "#0"},
				"west": {"uv": [2, 2.5, 2.5, 3], "texture": "#0"},
				"up": {"uv": [2, 2.5, 2.5, 3], "rotation": 90, "texture": "#0"},
				"down": {"uv": [2, 2.5, 2.5, 3], "rotation": 90, "texture": "#0"}
			}
		},
		{
			"name": "Body",
			"from": [7, 9, 4],
			"to": [8, 10, 5],
			"faces": {
				"north": {"uv": [2, 3, 2.5, 3.5], "texture": "#0"},
				"east": {"uv": [2, 3, 2.5, 3.5], "texture": "#0"},
				"south": {"uv": [2, 3, 2.5, 3.5], "texture": "#0"},
				"west": {"uv": [2, 3, 2.5, 3.5], "texture": "#0"},
				"up": {"uv": [2, 3, 2.5, 3.5], "rotation": 90, "texture": "#0"},
				"down": {"uv": [2, 3, 2.5, 3.5], "rotation": 90, "texture": "#0"}
			}
		},
		{
			"name": "Body",
			"from": [7, 9, 3],
			"to": [8, 10, 4],
			"faces": {
				"north": {"uv": [1.5, 3, 2, 3.5], "texture": "#0"},
				"east": {"uv": [1.5, 3, 2, 3.5], "texture": "#0"},
				"south": {"uv": [1.5, 3, 2, 3.5], "texture": "#0"},
				"west": {"uv": [1.5, 3, 2, 3.5], "texture": "#0"},
				"up": {"uv": [1.5, 3, 2, 3.5], "rotation": 90, "texture": "#0"},
				"down": {"uv": [1.5, 3, 2, 3.5], "rotation": 90, "texture": "#0"}
			}
		},
		{
			"name": "Body",
			"from": [7, 10, 3],
			"to": [8, 11, 4],
			"faces": {
				"north": {"uv": [1.5, 2.5, 2, 3], "texture": "#0"},
				"east": {"uv": [1.5, 2.5, 2, 3], "texture": "#0"},
				"south": {"uv": [1.5, 2.5, 2, 3], "texture": "#0"},
				"west": {"uv": [1.5, 2.5, 2, 3], "texture": "#0"},
				"up": {"uv": [1.5, 2.5, 2, 3], "rotation": 90, "texture": "#0"},
				"down": {"uv": [1.5, 2.5, 2, 3], "rotation": 90, "texture": "#0"}
			}
		},
		{
			"name": "Body",
			"from": [7, 10, 1],
			"to": [8, 11, 2],
			"faces": {
				"north": {"uv": [0.5, 2.5, 1, 3], "texture": "#0"},
				"east": {"uv": [0.5, 2.5, 1, 3], "texture": "#0"},
				"south": {"uv": [0.5, 2.5, 1, 3], "texture": "#0"},
				"west": {"uv": [0.5, 2.5, 1, 3], "texture": "#0"},
				"up": {"uv": [0.5, 2.5, 1, 3], "rotation": 90, "texture": "#0"},
				"down": {"uv": [0.5, 2.5, 1, 3], "rotation": 90, "texture": "#0"}
			}
		},
		{
			"name": "Body",
			"from": [7, 9, 1],
			"to": [8, 10, 2],
			"faces": {
				"north": {"uv": [0.5, 3, 1, 3.5], "texture": "#0"},
				"east": {"uv": [0.5, 3, 1, 3.5], "texture": "#0"},
				"south": {"uv": [0.5, 3, 1, 3.5], "texture": "#0"},
				"west": {"uv": [0.5, 3, 1, 3.5], "texture": "#0"},
				"up": {"uv": [0.5, 3, 1, 3.5], "rotation": 90, "texture": "#0"},
				"down": {"uv": [0.5, 3, 1, 3.5], "rotation": 90, "texture": "#0"}
			}
		},
		{
			"name": "Body",
			"from": [7, 9, 2],
			"to": [8, 10, 3],
			"faces": {
				"north": {"uv": [1, 3, 1.5, 3.5], "texture": "#0"},
				"east": {"uv": [1, 3, 1.5, 3.5], "texture": "#0"},
				"south": {"uv": [1, 3, 1.5, 3.5], "texture": "#0"},
				"west": {"uv": [1, 3, 1.5, 3.5], "texture": "#0"},
				"up": {"uv": [1, 3, 1.5, 3.5], "rotation": 90, "texture": "#0"},
				"down": {"uv": [1, 3, 1.5, 3.5], "rotation": 90, "texture": "#0"}
			}
		},
		{
			"name": "Body",
			"from": [7, 10, 2],
			"to": [8, 11, 3],
			"faces": {
				"north": {"uv": [1, 2.5, 1.5, 3], "texture": "#0"},
				"east": {"uv": [1, 2.5, 1.5, 3], "texture": "#0"},
				"south": {"uv": [1, 2.5, 1.5, 3], "texture": "#0"},
				"west": {"uv": [1, 2.5, 1.5, 3], "texture": "#0"},
				"up": {"uv": [1, 2.5, 1.5, 3], "rotation": 90, "texture": "#0"},
				"down": {"uv": [1, 2.5, 1.5, 3], "rotation": 90, "texture": "#0"}
			}
		},
		{
			"name": "Body",
			"from": [7, 12, 5],
			"to": [8, 13, 6],
			"faces": {
				"north": {"uv": [2.5, 1.5, 3, 2], "texture": "#0"},
				"east": {"uv": [2.5, 1.5, 3, 2], "texture": "#0"},
				"south": {"uv": [2.5, 1.5, 3, 2], "texture": "#0"},
				"west": {"uv": [2.5, 1.5, 3, 2], "texture": "#0"},
				"up": {"uv": [2.5, 1.5, 3, 2], "rotation": 90, "texture": "#0"},
				"down": {"uv": [2.5, 1.5, 3, 2], "rotation": 90, "texture": "#0"}
			}
		},
		{
			"name": "Body",
			"from": [7, 11, 5],
			"to": [8, 12, 6],
			"faces": {
				"north": {"uv": [2.5, 2, 3, 2.5], "texture": "#0"},
				"east": {"uv": [2.5, 2, 3, 2.5], "texture": "#0"},
				"south": {"uv": [2.5, 2, 3, 2.5], "texture": "#0"},
				"west": {"uv": [2.5, 2, 3, 2.5], "texture": "#0"},
				"up": {"uv": [2.5, 2, 3, 2.5], "rotation": 90, "texture": "#0"},
				"down": {"uv": [2.5, 2, 3, 2.5], "rotation": 90, "texture": "#0"}
			}
		},
		{
			"name": "Body",
			"from": [7, 12, 0],
			"to": [8, 13, 1],
			"faces": {
				"north": {"uv": [0, 1.5, 0.5, 2], "texture": "#0"},
				"east": {"uv": [0, 1.5, 0.5, 2], "texture": "#0"},
				"south": {"uv": [0, 1.5, 0.5, 2], "texture": "#0"},
				"west": {"uv": [0, 1.5, 0.5, 2], "texture": "#0"},
				"up": {"uv": [0, 1.5, 0.5, 2], "rotation": 90, "texture": "#0"},
				"down": {"uv": [0, 1.5, 0.5, 2], "rotation": 90, "texture": "#0"}
			}
		},
		{
			"name": "Body",
			"from": [7, 11, 0],
			"to": [8, 12, 1],
			"faces": {
				"north": {"uv": [0, 2, 0.5, 2.5], "texture": "#0"},
				"east": {"uv": [0, 2, 0.5, 2.5], "texture": "#0"},
				"south": {"uv": [0, 2, 0.5, 2.5], "texture": "#0"},
				"west": {"uv": [0, 2, 0.5, 2.5], "texture": "#0"},
				"up": {"uv": [0, 2, 0.5, 2.5], "rotation": 90, "texture": "#0"},
				"down": {"uv": [0, 2, 0.5, 2.5], "rotation": 90, "texture": "#0"}
			}
		},
		{
			"name": "Body",
			"from": [7, 12, 4],
			"to": [8, 13, 5],
			"faces": {
				"north": {"uv": [2, 1.5, 2.5, 2], "texture": "#0"},
				"east": {"uv": [2, 1.5, 2.5, 2], "texture": "#0"},
				"south": {"uv": [2, 1.5, 2.5, 2], "texture": "#0"},
				"west": {"uv": [2, 1.5, 2.5, 2], "texture": "#0"},
				"up": {"uv": [2, 1.5, 2.5, 2], "rotation": 90, "texture": "#0"},
				"down": {"uv": [2, 1.5, 2.5, 2], "rotation": 90, "texture": "#0"}
			}
		},
		{
			"name": "Body",
			"from": [7, 11, 4],
			"to": [8, 12, 5],
			"faces": {
				"north": {"uv": [2, 2, 2.5, 2.5], "texture": "#0"},
				"east": {"uv": [2, 2, 2.5, 2.5], "texture": "#0"},
				"south": {"uv": [2, 2, 2.5, 2.5], "texture": "#0"},
				"west": {"uv": [2, 2, 2.5, 2.5], "texture": "#0"},
				"up": {"uv": [2, 2, 2.5, 2.5], "rotation": 90, "texture": "#0"},
				"down": {"uv": [2, 2, 2.5, 2.5], "rotation": 90, "texture": "#0"}
			}
		},
		{
			"name": "Body",
			"from": [7, 11, 3],
			"to": [8, 12, 4],
			"faces": {
				"north": {"uv": [1.5, 2, 2, 2.5], "texture": "#0"},
				"east": {"uv": [1.5, 2, 2, 2.5], "texture": "#0"},
				"south": {"uv": [1.5, 2, 2, 2.5], "texture": "#0"},
				"west": {"uv": [1.5, 2, 2, 2.5], "texture": "#0"},
				"up": {"uv": [1.5, 2, 2, 2.5], "rotation": 90, "texture": "#0"},
				"down": {"uv": [1.5, 2, 2, 2.5], "rotation": 90, "texture": "#0"}
			}
		},
		{
			"name": "Body",
			"from": [7, 12, 3],
			"to": [8, 13, 4],
			"faces": {
				"north": {"uv": [1.5, 1.5, 2, 2], "texture": "#0"},
				"east": {"uv": [1.5, 1.5, 2, 2], "texture": "#0"},
				"south": {"uv": [1.5, 1.5, 2, 2], "texture": "#0"},
				"west": {"uv": [1.5, 1.5, 2, 2], "texture": "#0"},
				"up": {"uv": [1.5, 1.5, 2, 2], "rotation": 90, "texture": "#0"},
				"down": {"uv": [1.5, 1.5, 2, 2], "rotation": 90, "texture": "#0"}
			}
		},
		{
			"name": "Body",
			"from": [7, 12, 1],
			"to": [8, 13, 2],
			"faces": {
				"north": {"uv": [0.5, 1.5, 1, 2], "texture": "#0"},
				"east": {"uv": [0.5, 1.5, 1, 2], "texture": "#0"},
				"south": {"uv": [0.5, 1.5, 1, 2], "texture": "#0"},
				"west": {"uv": [0.5, 1.5, 1, 2], "texture": "#0"},
				"up": {"uv": [0.5, 1.5, 1, 2], "rotation": 90, "texture": "#0"},
				"down": {"uv": [0.5, 1.5, 1, 2], "rotation": 90, "texture": "#0"}
			}
		},
		{
			"name": "Body",
			"from": [7, 11, 1],
			"to": [8, 12, 2],
			"faces": {
				"north": {"uv": [0.5, 2, 1, 2.5], "texture": "#0"},
				"east": {"uv": [0.5, 2, 1, 2.5], "texture": "#0"},
				"south": {"uv": [0.5, 2, 1, 2.5], "texture": "#0"},
				"west": {"uv": [0.5, 2, 1, 2.5], "texture": "#0"},
				"up": {"uv": [0.5, 2, 1, 2.5], "rotation": 90, "texture": "#0"},
				"down": {"uv": [0.5, 2, 1, 2.5], "rotation": 90, "texture": "#0"}
			}
		},
		{
			"name": "Body",
			"from": [7, 11, 2],
			"to": [8, 12, 3],
			"faces": {
				"north": {"uv": [1, 2, 1.5, 2.5], "texture": "#0"},
				"east": {"uv": [1, 2, 1.5, 2.5], "texture": "#0"},
				"south": {"uv": [1, 2, 1.5, 2.5], "texture": "#0"},
				"west": {"uv": [1, 2, 1.5, 2.5], "texture": "#0"},
				"up": {"uv": [1, 2, 1.5, 2.5], "rotation": 90, "texture": "#0"},
				"down": {"uv": [1, 2, 1.5, 2.5], "rotation": 90, "texture": "#0"}
			}
		},
		{
			"name": "Body",
			"from": [7, 12, 2],
			"to": [8, 13, 3],
			"faces": {
				"north": {"uv": [1, 1.5, 1.5, 2], "texture": "#0"},
				"east": {"uv": [1, 1.5, 1.5, 2], "texture": "#0"},
				"south": {"uv": [1, 1.5, 1.5, 2], "texture": "#0"},
				"west": {"uv": [1, 1.5, 1.5, 2], "texture": "#0"},
				"up": {"uv": [1, 1.5, 1.5, 2], "rotation": 90, "texture": "#0"},
				"down": {"uv": [1, 1.5, 1.5, 2], "rotation": 90, "texture": "#0"}
			}
		},
		{
			"name": "Body",
			"from": [7, 4, 5],
			"to": [8, 5, 6],
			"faces": {
				"north": {"uv": [2.5, 5.5, 3, 6], "texture": "#0"},
				"east": {"uv": [2.5, 5.5, 3, 6], "texture": "#0"},
				"south": {"uv": [2.5, 5.5, 3, 6], "texture": "#0"},
				"west": {"uv": [2.5, 5.5, 3, 6], "texture": "#0"},
				"up": {"uv": [2.5, 5.5, 3, 6], "rotation": 90, "texture": "#0"},
				"down": {"uv": [2.5, 5.5, 3, 6], "rotation": 90, "texture": "#0"}
			}
		},
		{
			"name": "Body",
			"from": [7, 3, 5],
			"to": [8, 4, 6],
			"faces": {
				"north": {"uv": [2.5, 6, 3, 6.5], "texture": "#0"},
				"east": {"uv": [2.5, 6, 3, 6.5], "texture": "#0"},
				"south": {"uv": [2.5, 6, 3, 6.5], "texture": "#0"},
				"west": {"uv": [2.5, 6, 3, 6.5], "texture": "#0"},
				"up": {"uv": [2.5, 6, 3, 6.5], "rotation": 90, "texture": "#0"},
				"down": {"uv": [2.5, 6, 3, 6.5], "rotation": 90, "texture": "#0"}
			}
		},
		{
			"name": "Body",
			"from": [7, 4, 0],
			"to": [8, 5, 1],
			"faces": {
				"north": {"uv": [0, 5.5, 0.5, 6], "texture": "#0"},
				"east": {"uv": [0, 5.5, 0.5, 6], "texture": "#0"},
				"south": {"uv": [0, 5.5, 0.5, 6], "texture": "#0"},
				"west": {"uv": [0, 5.5, 0.5, 6], "texture": "#0"},
				"up": {"uv": [0, 5.5, 0.5, 6], "rotation": 90, "texture": "#0"},
				"down": {"uv": [0, 5.5, 0.5, 6], "rotation": 90, "texture": "#0"}
			}
		},
		{
			"name": "Body",
			"from": [7, 3, 0],
			"to": [8, 4, 1],
			"faces": {
				"north": {"uv": [0, 6, 0.5, 6.5], "texture": "#0"},
				"east": {"uv": [0, 6, 0.5, 6.5], "texture": "#0"},
				"south": {"uv": [0, 6, 0.5, 6.5], "texture": "#0"},
				"west": {"uv": [0, 6, 0.5, 6.5], "texture": "#0"},
				"up": {"uv": [0, 6, 0.5, 6.5], "rotation": 90, "texture": "#0"},
				"down": {"uv": [0, 6, 0.5, 6.5], "rotation": 90, "texture": "#0"}
			}
		},
		{
			"name": "Body",
			"from": [7, 4, 4],
			"to": [8, 5, 5],
			"faces": {
				"north": {"uv": [2, 5.5, 2.5, 6], "texture": "#0"},
				"east": {"uv": [2, 5.5, 2.5, 6], "texture": "#0"},
				"south": {"uv": [2, 5.5, 2.5, 6], "texture": "#0"},
				"west": {"uv": [2, 5.5, 2.5, 6], "texture": "#0"},
				"up": {"uv": [2, 5.5, 2.5, 6], "rotation": 90, "texture": "#0"},
				"down": {"uv": [2, 5.5, 2.5, 6], "rotation": 90, "texture": "#0"}
			}
		},
		{
			"name": "Body",
			"from": [7, 3, 4],
			"to": [8, 4, 5],
			"faces": {
				"north": {"uv": [2, 6, 2.5, 6.5], "texture": "#0"},
				"east": {"uv": [2, 6, 2.5, 6.5], "texture": "#0"},
				"south": {"uv": [2, 6, 2.5, 6.5], "texture": "#0"},
				"west": {"uv": [2, 6, 2.5, 6.5], "texture": "#0"},
				"up": {"uv": [2, 6, 2.5, 6.5], "rotation": 90, "texture": "#0"},
				"down": {"uv": [2, 6, 2.5, 6.5], "rotation": 90, "texture": "#0"}
			}
		},
		{
			"name": "Body",
			"from": [7, 3, 3],
			"to": [8, 4, 4],
			"faces": {
				"north": {"uv": [1.5, 6, 2, 6.5], "texture": "#0"},
				"east": {"uv": [1.5, 6, 2, 6.5], "texture": "#0"},
				"south": {"uv": [1.5, 6, 2, 6.5], "texture": "#0"},
				"west": {"uv": [1.5, 6, 2, 6.5], "texture": "#0"},
				"up": {"uv": [1.5, 6, 2, 6.5], "rotation": 90, "texture": "#0"},
				"down": {"uv": [1.5, 6, 2, 6.5], "rotation": 90, "texture": "#0"}
			}
		},
		{
			"name": "Body",
			"from": [7, 4, 3],
			"to": [8, 5, 4],
			"faces": {
				"north": {"uv": [1.5, 5.5, 2, 6], "texture": "#0"},
				"east": {"uv": [1.5, 5.5, 2, 6], "texture": "#0"},
				"south": {"uv": [1.5, 5.5, 2, 6], "texture": "#0"},
				"west": {"uv": [1.5, 5.5, 2, 6], "texture": "#0"},
				"up": {"uv": [1.5, 5.5, 2, 6], "rotation": 90, "texture": "#0"},
				"down": {"uv": [1.5, 5.5, 2, 6], "rotation": 90, "texture": "#0"}
			}
		},
		{
			"name": "Body",
			"from": [7, 4, 1],
			"to": [8, 5, 2],
			"faces": {
				"north": {"uv": [0.5, 5.5, 1, 6], "texture": "#0"},
				"east": {"uv": [0.5, 5.5, 1, 6], "texture": "#0"},
				"south": {"uv": [0.5, 5.5, 1, 6], "texture": "#0"},
				"west": {"uv": [0.5, 5.5, 1, 6], "texture": "#0"},
				"up": {"uv": [0.5, 5.5, 1, 6], "rotation": 90, "texture": "#0"},
				"down": {"uv": [0.5, 5.5, 1, 6], "rotation": 90, "texture": "#0"}
			}
		},
		{
			"name": "Body",
			"from": [7, 3, 1],
			"to": [8, 4, 2],
			"faces": {
				"north": {"uv": [0.5, 6, 1, 6.5], "texture": "#0"},
				"east": {"uv": [0.5, 6, 1, 6.5], "texture": "#0"},
				"south": {"uv": [0.5, 6, 1, 6.5], "texture": "#0"},
				"west": {"uv": [0.5, 6, 1, 6.5], "texture": "#0"},
				"up": {"uv": [0.5, 6, 1, 6.5], "rotation": 90, "texture": "#0"},
				"down": {"uv": [0.5, 6, 1, 6.5], "rotation": 90, "texture": "#0"}
			}
		},
		{
			"name": "Body",
			"from": [7, 3, 2],
			"to": [8, 4, 3],
			"faces": {
				"north": {"uv": [1, 6, 1.5, 6.5], "texture": "#0"},
				"east": {"uv": [1, 6, 1.5, 6.5], "texture": "#0"},
				"south": {"uv": [1, 6, 1.5, 6.5], "texture": "#0"},
				"west": {"uv": [1, 6, 1.5, 6.5], "texture": "#0"},
				"up": {"uv": [1, 6, 1.5, 6.5], "rotation": 90, "texture": "#0"},
				"down": {"uv": [1, 6, 1.5, 6.5], "rotation": 90, "texture": "#0"}
			}
		},
		{
			"name": "Body",
			"from": [7, 4, 2],
			"to": [8, 5, 3],
			"faces": {
				"north": {"uv": [1, 5.5, 1.5, 6], "texture": "#0"},
				"east": {"uv": [1, 5.5, 1.5, 6], "texture": "#0"},
				"south": {"uv": [1, 5.5, 1.5, 6], "texture": "#0"},
				"west": {"uv": [1, 5.5, 1.5, 6], "texture": "#0"},
				"up": {"uv": [1, 5.5, 1.5, 6], "rotation": 90, "texture": "#0"},
				"down": {"uv": [1, 5.5, 1.5, 6], "rotation": 90, "texture": "#0"}
			}
		},
		{
			"name": "Body",
			"from": [7, 6, 5],
			"to": [8, 7, 6],
			"faces": {
				"north": {"uv": [2.5, 4.5, 3, 5], "texture": "#0"},
				"east": {"uv": [2.5, 4.5, 3, 5], "texture": "#0"},
				"south": {"uv": [2.5, 4.5, 3, 5], "texture": "#0"},
				"west": {"uv": [2.5, 4.5, 3, 5], "texture": "#0"},
				"up": {"uv": [2.5, 4.5, 3, 5], "rotation": 90, "texture": "#0"},
				"down": {"uv": [2.5, 4.5, 3, 5], "rotation": 90, "texture": "#0"}
			}
		},
		{
			"name": "Body",
			"from": [7, 5, 5],
			"to": [8, 6, 6],
			"faces": {
				"north": {"uv": [2.5, 5, 3, 5.5], "texture": "#0"},
				"east": {"uv": [2.5, 5, 3, 5.5], "texture": "#0"},
				"south": {"uv": [2.5, 5, 3, 5.5], "texture": "#0"},
				"west": {"uv": [2.5, 5, 3, 5.5], "texture": "#0"},
				"up": {"uv": [2.5, 5, 3, 5.5], "rotation": 90, "texture": "#0"},
				"down": {"uv": [2.5, 5, 3, 5.5], "rotation": 90, "texture": "#0"}
			}
		},
		{
			"name": "Body",
			"from": [7, 6, 0],
			"to": [8, 7, 1],
			"faces": {
				"north": {"uv": [0, 4.5, 0.5, 5], "texture": "#0"},
				"east": {"uv": [0, 4.5, 0.5, 5], "texture": "#0"},
				"south": {"uv": [0, 4.5, 0.5, 5], "texture": "#0"},
				"west": {"uv": [0, 4.5, 0.5, 5], "texture": "#0"},
				"up": {"uv": [0, 4.5, 0.5, 5], "rotation": 90, "texture": "#0"},
				"down": {"uv": [0, 4.5, 0.5, 5], "rotation": 90, "texture": "#0"}
			}
		},
		{
			"name": "Body",
			"from": [7, 5, 0],
			"to": [8, 6, 1],
			"faces": {
				"north": {"uv": [0, 5, 0.5, 5.5], "texture": "#0"},
				"east": {"uv": [0, 5, 0.5, 5.5], "texture": "#0"},
				"south": {"uv": [0, 5, 0.5, 5.5], "texture": "#0"},
				"west": {"uv": [0, 5, 0.5, 5.5], "texture": "#0"},
				"up": {"uv": [0, 5, 0.5, 5.5], "rotation": 90, "texture": "#0"},
				"down": {"uv": [0, 5, 0.5, 5.5], "rotation": 90, "texture": "#0"}
			}
		},
		{
			"name": "Body",
			"from": [7, 6, 4],
			"to": [8, 7, 5],
			"faces": {
				"north": {"uv": [2, 4.5, 2.5, 5], "texture": "#0"},
				"east": {"uv": [2, 4.5, 2.5, 5], "texture": "#0"},
				"south": {"uv": [2, 4.5, 2.5, 5], "texture": "#0"},
				"west": {"uv": [2, 4.5, 2.5, 5], "texture": "#0"},
				"up": {"uv": [2, 4.5, 2.5, 5], "rotation": 90, "texture": "#0"},
				"down": {"uv": [2, 4.5, 2.5, 5], "rotation": 90, "texture": "#0"}
			}
		},
		{
			"name": "Body",
			"from": [7, 5, 4],
			"to": [8, 6, 5],
			"faces": {
				"north": {"uv": [2, 5, 2.5, 5.5], "texture": "#0"},
				"east": {"uv": [2, 5, 2.5, 5.5], "texture": "#0"},
				"south": {"uv": [2, 5, 2.5, 5.5], "texture": "#0"},
				"west": {"uv": [2, 5, 2.5, 5.5], "texture": "#0"},
				"up": {"uv": [2, 5, 2.5, 5.5], "rotation": 90, "texture": "#0"},
				"down": {"uv": [2, 5, 2.5, 5.5], "rotation": 90, "texture": "#0"}
			}
		},
		{
			"name": "Body",
			"from": [7, 5, 3],
			"to": [8, 6, 4],
			"faces": {
				"north": {"uv": [1.5, 5, 2, 5.5], "texture": "#0"},
				"east": {"uv": [1.5, 5, 2, 5.5], "texture": "#0"},
				"south": {"uv": [1.5, 5, 2, 5.5], "texture": "#0"},
				"west": {"uv": [1.5, 5, 2, 5.5], "texture": "#0"},
				"up": {"uv": [1.5, 5, 2, 5.5], "rotation": 90, "texture": "#0"},
				"down": {"uv": [1.5, 5, 2, 5.5], "rotation": 90, "texture": "#0"}
			}
		},
		{
			"name": "Body",
			"from": [7, 6, 3],
			"to": [8, 7, 4],
			"faces": {
				"north": {"uv": [1.5, 4.5, 2, 5], "texture": "#0"},
				"east": {"uv": [1.5, 4.5, 2, 5], "texture": "#0"},
				"south": {"uv": [1.5, 4.5, 2, 5], "texture": "#0"},
				"west": {"uv": [1.5, 4.5, 2, 5], "texture": "#0"},
				"up": {"uv": [1.5, 4.5, 2, 5], "rotation": 90, "texture": "#0"},
				"down": {"uv": [1.5, 4.5, 2, 5], "rotation": 90, "texture": "#0"}
			}
		},
		{
			"name": "Body",
			"from": [7, 6, 1],
			"to": [8, 7, 2],
			"faces": {
				"north": {"uv": [0.5, 4.5, 1, 5], "texture": "#0"},
				"east": {"uv": [0.5, 4.5, 1, 5], "texture": "#0"},
				"south": {"uv": [0.5, 4.5, 1, 5], "texture": "#0"},
				"west": {"uv": [0.5, 4.5, 1, 5], "texture": "#0"},
				"up": {"uv": [0.5, 4.5, 1, 5], "rotation": 90, "texture": "#0"},
				"down": {"uv": [0.5, 4.5, 1, 5], "rotation": 90, "texture": "#0"}
			}
		},
		{
			"name": "Body",
			"from": [7, 5, 1],
			"to": [8, 6, 2],
			"faces": {
				"north": {"uv": [0.5, 5, 1, 5.5], "texture": "#0"},
				"east": {"uv": [0.5, 5, 1, 5.5], "texture": "#0"},
				"south": {"uv": [0.5, 5, 1, 5.5], "texture": "#0"},
				"west": {"uv": [0.5, 5, 1, 5.5], "texture": "#0"},
				"up": {"uv": [0.5, 5, 1, 5.5], "rotation": 90, "texture": "#0"},
				"down": {"uv": [0.5, 5, 1, 5.5], "rotation": 90, "texture": "#0"}
			}
		},
		{
			"name": "Body",
			"from": [7, 5, 2],
			"to": [8, 6, 3],
			"faces": {
				"north": {"uv": [1, 5, 1.5, 5.5], "texture": "#0"},
				"east": {"uv": [1, 5, 1.5, 5.5], "texture": "#0"},
				"south": {"uv": [1, 5, 1.5, 5.5], "texture": "#0"},
				"west": {"uv": [1, 5, 1.5, 5.5], "texture": "#0"},
				"up": {"uv": [1, 5, 1.5, 5.5], "rotation": 90, "texture": "#0"},
				"down": {"uv": [1, 5, 1.5, 5.5], "rotation": 90, "texture": "#0"}
			}
		},
		{
			"name": "Body",
			"from": [7, 6, 2],
			"to": [8, 7, 3],
			"faces": {
				"north": {"uv": [1, 4.5, 1.5, 5], "texture": "#0"},
				"east": {"uv": [1, 4.5, 1.5, 5], "texture": "#0"},
				"south": {"uv": [1, 4.5, 1.5, 5], "texture": "#0"},
				"west": {"uv": [1, 4.5, 1.5, 5], "texture": "#0"},
				"up": {"uv": [1, 4.5, 1.5, 5], "rotation": 90, "texture": "#0"},
				"down": {"uv": [1, 4.5, 1.5, 5], "rotation": 90, "texture": "#0"}
			}
		},
		{
			"name": "Body",
			"from": [8, 8, 5],
			"to": [9, 9, 6],
			"faces": {
				"north": {"uv": [2.5, 3.5, 3, 4], "texture": "#0"},
				"east": {"uv": [2.5, 3.5, 3, 4], "texture": "#0"},
				"south": {"uv": [2.5, 3.5, 3, 4], "texture": "#0"},
				"west": {"uv": [2.5, 3.5, 3, 4], "texture": "#0"},
				"up": {"uv": [2.5, 3.5, 3, 4], "rotation": 90, "texture": "#0"},
				"down": {"uv": [2.5, 3.5, 3, 4], "rotation": 90, "texture": "#0"}
			}
		},
		{
			"name": "Body",
			"from": [8, 7, 5],
			"to": [9, 8, 6],
			"faces": {
				"north": {"uv": [2.5, 4, 3, 4.5], "texture": "#0"},
				"east": {"uv": [2.5, 4, 3, 4.5], "texture": "#0"},
				"south": {"uv": [2.5, 4, 3, 4.5], "texture": "#0"},
				"west": {"uv": [2.5, 4, 3, 4.5], "texture": "#0"},
				"up": {"uv": [2.5, 4, 3, 4.5], "rotation": 90, "texture": "#0"},
				"down": {"uv": [2.5, 4, 3, 4.5], "rotation": 90, "texture": "#0"}
			}
		},
		{
			"name": "Body",
			"from": [8, 8, 0],
			"to": [9, 9, 1],
			"faces": {
				"north": {"uv": [0, 3.5, 0.5, 4], "texture": "#0"},
				"east": {"uv": [0, 3.5, 0.5, 4], "texture": "#0"},
				"south": {"uv": [0, 3.5, 0.5, 4], "texture": "#0"},
				"west": {"uv": [0, 3.5, 0.5, 4], "texture": "#0"},
				"up": {"uv": [0, 3.5, 0.5, 4], "rotation": 90, "texture": "#0"},
				"down": {"uv": [0, 3.5, 0.5, 4], "rotation": 90, "texture": "#0"}
			}
		},
		{
			"name": "Body",
			"from": [8, 7, 0],
			"to": [9, 8, 1],
			"faces": {
				"north": {"uv": [0, 4, 0.5, 4.5], "texture": "#0"},
				"east": {"uv": [0, 4, 0.5, 4.5], "texture": "#0"},
				"south": {"uv": [0, 4, 0.5, 4.5], "texture": "#0"},
				"west": {"uv": [0, 4, 0.5, 4.5], "texture": "#0"},
				"up": {"uv": [0, 4, 0.5, 4.5], "rotation": 90, "texture": "#0"},
				"down": {"uv": [0, 4, 0.5, 4.5], "rotation": 90, "texture": "#0"}
			}
		},
		{
			"name": "Body",
			"from": [8, 8, 4],
			"to": [9, 9, 5],
			"faces": {
				"north": {"uv": [2, 3.5, 2.5, 4], "texture": "#0"},
				"east": {"uv": [2, 3.5, 2.5, 4], "texture": "#0"},
				"south": {"uv": [2, 3.5, 2.5, 4], "texture": "#0"},
				"west": {"uv": [2, 3.5, 2.5, 4], "texture": "#0"},
				"up": {"uv": [2, 3.5, 2.5, 4], "rotation": 90, "texture": "#0"},
				"down": {"uv": [2, 3.5, 2.5, 4], "rotation": 90, "texture": "#0"}
			}
		},
		{
			"name": "Body",
			"from": [8, 7, 4],
			"to": [9, 8, 5],
			"faces": {
				"north": {"uv": [2, 4, 2.5, 4.5], "texture": "#0"},
				"east": {"uv": [2, 4, 2.5, 4.5], "texture": "#0"},
				"south": {"uv": [2, 4, 2.5, 4.5], "texture": "#0"},
				"west": {"uv": [2, 4, 2.5, 4.5], "texture": "#0"},
				"up": {"uv": [2, 4, 2.5, 4.5], "rotation": 90, "texture": "#0"},
				"down": {"uv": [2, 4, 2.5, 4.5], "rotation": 90, "texture": "#0"}
			}
		},
		{
			"name": "Body",
			"from": [8, 7, 3],
			"to": [9, 8, 4],
			"faces": {
				"north": {"uv": [1.5, 4, 2, 4.5], "texture": "#0"},
				"east": {"uv": [1.5, 4, 2, 4.5], "texture": "#0"},
				"south": {"uv": [1.5, 4, 2, 4.5], "texture": "#0"},
				"west": {"uv": [1.5, 4, 2, 4.5], "texture": "#0"},
				"up": {"uv": [1.5, 4, 2, 4.5], "rotation": 90, "texture": "#0"},
				"down": {"uv": [1.5, 4, 2, 4.5], "rotation": 90, "texture": "#0"}
			}
		},
		{
			"name": "Body",
			"from": [8, 8, 3],
			"to": [9, 9, 4],
			"faces": {
				"north": {"uv": [1.5, 3.5, 2, 4], "texture": "#0"},
				"east": {"uv": [1.5, 3.5, 2, 4], "texture": "#0"},
				"south": {"uv": [1.5, 3.5, 2, 4], "texture": "#0"},
				"west": {"uv": [1.5, 3.5, 2, 4], "texture": "#0"},
				"up": {"uv": [1.5, 3.5, 2, 4], "rotation": 90, "texture": "#0"},
				"down": {"uv": [1.5, 3.5, 2, 4], "rotation": 90, "texture": "#0"}
			}
		},
		{
			"name": "Body",
			"from": [8, 8, 1],
			"to": [9, 9, 2],
			"faces": {
				"north": {"uv": [0.5, 3.5, 1, 4], "texture": "#0"},
				"east": {"uv": [0.5, 3.5, 1, 4], "texture": "#0"},
				"south": {"uv": [0.5, 3.5, 1, 4], "texture": "#0"},
				"west": {"uv": [0.5, 3.5, 1, 4], "texture": "#0"},
				"up": {"uv": [0.5, 3.5, 1, 4], "rotation": 90, "texture": "#0"},
				"down": {"uv": [0.5, 3.5, 1, 4], "rotation": 90, "texture": "#0"}
			}
		},
		{
			"name": "Body",
			"from": [8, 7, 1],
			"to": [9, 8, 2],
			"faces": {
				"north": {"uv": [0.5, 4, 1, 4.5], "texture": "#0"},
				"east": {"uv": [0.5, 4, 1, 4.5], "texture": "#0"},
				"south": {"uv": [0.5, 4, 1, 4.5], "texture": "#0"},
				"west": {"uv": [0.5, 4, 1, 4.5], "texture": "#0"},
				"up": {"uv": [0.5, 4, 1, 4.5], "rotation": 90, "texture": "#0"},
				"down": {"uv": [0.5, 4, 1, 4.5], "rotation": 90, "texture": "#0"}
			}
		},
		{
			"name": "Body",
			"from": [8, 7, 2],
			"to": [9, 8, 3],
			"faces": {
				"north": {"uv": [1, 4, 1.5, 4.5], "texture": "#0"},
				"east": {"uv": [1, 4, 1.5, 4.5], "texture": "#0"},
				"south": {"uv": [1, 4, 1.5, 4.5], "texture": "#0"},
				"west": {"uv": [1, 4, 1.5, 4.5], "texture": "#0"},
				"up": {"uv": [1, 4, 1.5, 4.5], "rotation": 90, "texture": "#0"},
				"down": {"uv": [1, 4, 1.5, 4.5], "rotation": 90, "texture": "#0"}
			}
		},
		{
			"name": "Body",
			"from": [8, 8, 2],
			"to": [9, 9, 3],
			"faces": {
				"north": {"uv": [1, 3.5, 1.5, 4], "texture": "#0"},
				"east": {"uv": [1, 3.5, 1.5, 4], "texture": "#0"},
				"south": {"uv": [1, 3.5, 1.5, 4], "texture": "#0"},
				"west": {"uv": [1, 3.5, 1.5, 4], "texture": "#0"},
				"up": {"uv": [1, 3.5, 1.5, 4], "rotation": 90, "texture": "#0"},
				"down": {"uv": [1, 3.5, 1.5, 4], "rotation": 90, "texture": "#0"}
			}
		},
		{
			"name": "Body",
			"from": [8, 10, 5],
			"to": [9, 11, 6],
			"faces": {
				"north": {"uv": [2.5, 2.5, 3, 3], "texture": "#0"},
				"east": {"uv": [2.5, 2.5, 3, 3], "texture": "#0"},
				"south": {"uv": [2.5, 2.5, 3, 3], "texture": "#0"},
				"west": {"uv": [2.5, 2.5, 3, 3], "texture": "#0"},
				"up": {"uv": [2.5, 2.5, 3, 3], "rotation": 90, "texture": "#0"},
				"down": {"uv": [2.5, 2.5, 3, 3], "rotation": 90, "texture": "#0"}
			}
		},
		{
			"name": "Body",
			"from": [8, 9, 5],
			"to": [9, 10, 6],
			"faces": {
				"north": {"uv": [2.5, 3, 3, 3.5], "texture": "#0"},
				"east": {"uv": [2.5, 3, 3, 3.5], "texture": "#0"},
				"south": {"uv": [2.5, 3, 3, 3.5], "texture": "#0"},
				"west": {"uv": [2.5, 3, 3, 3.5], "texture": "#0"},
				"up": {"uv": [2.5, 3, 3, 3.5], "rotation": 90, "texture": "#0"},
				"down": {"uv": [2.5, 3, 3, 3.5], "rotation": 90, "texture": "#0"}
			}
		},
		{
			"name": "Body",
			"from": [8, 10, 0],
			"to": [9, 11, 1],
			"faces": {
				"north": {"uv": [0, 2.5, 0.5, 3], "texture": "#0"},
				"east": {"uv": [0, 2.5, 0.5, 3], "texture": "#0"},
				"south": {"uv": [0, 2.5, 0.5, 3], "texture": "#0"},
				"west": {"uv": [0, 2.5, 0.5, 3], "texture": "#0"},
				"up": {"uv": [0, 2.5, 0.5, 3], "rotation": 90, "texture": "#0"},
				"down": {"uv": [0, 2.5, 0.5, 3], "rotation": 90, "texture": "#0"}
			}
		},
		{
			"name": "Body",
			"from": [8, 9, 0],
			"to": [9, 10, 1],
			"faces": {
				"north": {"uv": [0, 3, 0.5, 3.5], "texture": "#0"},
				"east": {"uv": [0, 3, 0.5, 3.5], "texture": "#0"},
				"south": {"uv": [0, 3, 0.5, 3.5], "texture": "#0"},
				"west": {"uv": [0, 3, 0.5, 3.5], "texture": "#0"},
				"up": {"uv": [0, 3, 0.5, 3.5], "rotation": 90, "texture": "#0"},
				"down": {"uv": [0, 3, 0.5, 3.5], "rotation": 90, "texture": "#0"}
			}
		},
		{
			"name": "Body",
			"from": [8, 10, 4],
			"to": [9, 11, 5],
			"faces": {
				"north": {"uv": [2, 2.5, 2.5, 3], "texture": "#0"},
				"east": {"uv": [2, 2.5, 2.5, 3], "texture": "#0"},
				"south": {"uv": [2, 2.5, 2.5, 3], "texture": "#0"},
				"west": {"uv": [2, 2.5, 2.5, 3], "texture": "#0"},
				"up": {"uv": [2, 2.5, 2.5, 3], "rotation": 90, "texture": "#0"},
				"down": {"uv": [2, 2.5, 2.5, 3], "rotation": 90, "texture": "#0"}
			}
		},
		{
			"name": "Body",
			"from": [8, 9, 4],
			"to": [9, 10, 5],
			"faces": {
				"north": {"uv": [2, 3, 2.5, 3.5], "texture": "#0"},
				"east": {"uv": [2, 3, 2.5, 3.5], "texture": "#0"},
				"south": {"uv": [2, 3, 2.5, 3.5], "texture": "#0"},
				"west": {"uv": [2, 3, 2.5, 3.5], "texture": "#0"},
				"up": {"uv": [2, 3, 2.5, 3.5], "rotation": 90, "texture": "#0"},
				"down": {"uv": [2, 3, 2.5, 3.5], "rotation": 90, "texture": "#0"}
			}
		},
		{
			"name": "Body",
			"from": [8, 9, 3],
			"to": [9, 10, 4],
			"faces": {
				"north": {"uv": [1.5, 3, 2, 3.5], "texture": "#0"},
				"east": {"uv": [1.5, 3, 2, 3.5], "texture": "#0"},
				"south": {"uv": [1.5, 3, 2, 3.5], "texture": "#0"},
				"west": {"uv": [1.5, 3, 2, 3.5], "texture": "#0"},
				"up": {"uv": [1.5, 3, 2, 3.5], "rotation": 90, "texture": "#0"},
				"down": {"uv": [1.5, 3, 2, 3.5], "rotation": 90, "texture": "#0"}
			}
		},
		{
			"name": "Body",
			"from": [8, 10, 3],
			"to": [9, 11, 4],
			"faces": {
				"north": {"uv": [1.5, 2.5, 2, 3], "texture": "#0"},
				"east": {"uv": [1.5, 2.5, 2, 3], "texture": "#0"},
				"south": {"uv": [1.5, 2.5, 2, 3], "texture": "#0"},
				"west": {"uv": [1.5, 2.5, 2, 3], "texture": "#0"},
				"up": {"uv": [1.5, 2.5, 2, 3], "rotation": 90, "texture": "#0"},
				"down": {"uv": [1.5, 2.5, 2, 3], "rotation": 90, "texture": "#0"}
			}
		},
		{
			"name": "Body",
			"from": [8, 10, 1],
			"to": [9, 11, 2],
			"faces": {
				"north": {"uv": [0.5, 2.5, 1, 3], "texture": "#0"},
				"east": {"uv": [0.5, 2.5, 1, 3], "texture": "#0"},
				"south": {"uv": [0.5, 2.5, 1, 3], "texture": "#0"},
				"west": {"uv": [0.5, 2.5, 1, 3], "texture": "#0"},
				"up": {"uv": [0.5, 2.5, 1, 3], "rotation": 90, "texture": "#0"},
				"down": {"uv": [0.5, 2.5, 1, 3], "rotation": 90, "texture": "#0"}
			}
		},
		{
			"name": "Body",
			"from": [8, 9, 1],
			"to": [9, 10, 2],
			"faces": {
				"north": {"uv": [0.5, 3, 1, 3.5], "texture": "#0"},
				"east": {"uv": [0.5, 3, 1, 3.5], "texture": "#0"},
				"south": {"uv": [0.5, 3, 1, 3.5], "texture": "#0"},
				"west": {"uv": [0.5, 3, 1, 3.5], "texture": "#0"},
				"up": {"uv": [0.5, 3, 1, 3.5], "rotation": 90, "texture": "#0"},
				"down": {"uv": [0.5, 3, 1, 3.5], "rotation": 90, "texture": "#0"}
			}
		},
		{
			"name": "Body",
			"from": [8, 9, 2],
			"to": [9, 10, 3],
			"faces": {
				"north": {"uv": [1, 3, 1.5, 3.5], "texture": "#0"},
				"east": {"uv": [1, 3, 1.5, 3.5], "texture": "#0"},
				"south": {"uv": [1, 3, 1.5, 3.5], "texture": "#0"},
				"west": {"uv": [1, 3, 1.5, 3.5], "texture": "#0"},
				"up": {"uv": [1, 3, 1.5, 3.5], "rotation": 90, "texture": "#0"},
				"down": {"uv": [1, 3, 1.5, 3.5], "rotation": 90, "texture": "#0"}
			}
		},
		{
			"name": "Body",
			"from": [8, 10, 2],
			"to": [9, 11, 3],
			"faces": {
				"north": {"uv": [1, 2.5, 1.5, 3], "texture": "#0"},
				"east": {"uv": [1, 2.5, 1.5, 3], "texture": "#0"},
				"south": {"uv": [1, 2.5, 1.5, 3], "texture": "#0"},
				"west": {"uv": [1, 2.5, 1.5, 3], "texture": "#0"},
				"up": {"uv": [1, 2.5, 1.5, 3], "rotation": 90, "texture": "#0"},
				"down": {"uv": [1, 2.5, 1.5, 3], "rotation": 90, "texture": "#0"}
			}
		},
		{
			"name": "Body",
			"from": [8, 12, 5],
			"to": [9, 13, 6],
			"faces": {
				"north": {"uv": [2.5, 1.5, 3, 2], "texture": "#0"},
				"east": {"uv": [2.5, 1.5, 3, 2], "texture": "#0"},
				"south": {"uv": [2.5, 1.5, 3, 2], "texture": "#0"},
				"west": {"uv": [2.5, 1.5, 3, 2], "texture": "#0"},
				"up": {"uv": [2.5, 1.5, 3, 2], "rotation": 90, "texture": "#0"},
				"down": {"uv": [2.5, 1.5, 3, 2], "rotation": 90, "texture": "#0"}
			}
		},
		{
			"name": "Body",
			"from": [8, 11, 5],
			"to": [9, 12, 6],
			"faces": {
				"north": {"uv": [2.5, 2, 3, 2.5], "texture": "#0"},
				"east": {"uv": [2.5, 2, 3, 2.5], "texture": "#0"},
				"south": {"uv": [2.5, 2, 3, 2.5], "texture": "#0"},
				"west": {"uv": [2.5, 2, 3, 2.5], "texture": "#0"},
				"up": {"uv": [2.5, 2, 3, 2.5], "rotation": 90, "texture": "#0"},
				"down": {"uv": [2.5, 2, 3, 2.5], "rotation": 90, "texture": "#0"}
			}
		},
		{
			"name": "Body",
			"from": [8, 12, 0],
			"to": [9, 13, 1],
			"faces": {
				"north": {"uv": [0, 1.5, 0.5, 2], "texture": "#0"},
				"east": {"uv": [0, 1.5, 0.5, 2], "texture": "#0"},
				"south": {"uv": [0, 1.5, 0.5, 2], "texture": "#0"},
				"west": {"uv": [0, 1.5, 0.5, 2], "texture": "#0"},
				"up": {"uv": [0, 1.5, 0.5, 2], "rotation": 90, "texture": "#0"},
				"down": {"uv": [0, 1.5, 0.5, 2], "rotation": 90, "texture": "#0"}
			}
		},
		{
			"name": "Body",
			"from": [8, 11, 0],
			"to": [9, 12, 1],
			"faces": {
				"north": {"uv": [0, 2, 0.5, 2.5], "texture": "#0"},
				"east": {"uv": [0, 2, 0.5, 2.5], "texture": "#0"},
				"south": {"uv": [0, 2, 0.5, 2.5], "texture": "#0"},
				"west": {"uv": [0, 2, 0.5, 2.5], "texture": "#0"},
				"up": {"uv": [0, 2, 0.5, 2.5], "rotation": 90, "texture": "#0"},
				"down": {"uv": [0, 2, 0.5, 2.5], "rotation": 90, "texture": "#0"}
			}
		},
		{
			"name": "Body",
			"from": [8, 12, 4],
			"to": [9, 13, 5],
			"faces": {
				"north": {"uv": [2, 1.5, 2.5, 2], "texture": "#0"},
				"east": {"uv": [2, 1.5, 2.5, 2], "texture": "#0"},
				"south": {"uv": [2, 1.5, 2.5, 2], "texture": "#0"},
				"west": {"uv": [2, 1.5, 2.5, 2], "texture": "#0"},
				"up": {"uv": [2, 1.5, 2.5, 2], "rotation": 90, "texture": "#0"},
				"down": {"uv": [2, 1.5, 2.5, 2], "rotation": 90, "texture": "#0"}
			}
		},
		{
			"name": "Body",
			"from": [8, 11, 4],
			"to": [9, 12, 5],
			"faces": {
				"north": {"uv": [2, 2, 2.5, 2.5], "texture": "#0"},
				"east": {"uv": [2, 2, 2.5, 2.5], "texture": "#0"},
				"south": {"uv": [2, 2, 2.5, 2.5], "texture": "#0"},
				"west": {"uv": [2, 2, 2.5, 2.5], "texture": "#0"},
				"up": {"uv": [2, 2, 2.5, 2.5], "rotation": 90, "texture": "#0"},
				"down": {"uv": [2, 2, 2.5, 2.5], "rotation": 90, "texture": "#0"}
			}
		},
		{
			"name": "Body",
			"from": [8, 11, 3],
			"to": [9, 12, 4],
			"faces": {
				"north": {"uv": [1.5, 2, 2, 2.5], "texture": "#0"},
				"east": {"uv": [1.5, 2, 2, 2.5], "texture": "#0"},
				"south": {"uv": [1.5, 2, 2, 2.5], "texture": "#0"},
				"west": {"uv": [1.5, 2, 2, 2.5], "texture": "#0"},
				"up": {"uv": [1.5, 2, 2, 2.5], "rotation": 90, "texture": "#0"},
				"down": {"uv": [1.5, 2, 2, 2.5], "rotation": 90, "texture": "#0"}
			}
		},
		{
			"name": "Body",
			"from": [8, 12, 3],
			"to": [9, 13, 4],
			"faces": {
				"north": {"uv": [1.5, 1.5, 2, 2], "texture": "#0"},
				"east": {"uv": [1.5, 1.5, 2, 2], "texture": "#0"},
				"south": {"uv": [1.5, 1.5, 2, 2], "texture": "#0"},
				"west": {"uv": [1.5, 1.5, 2, 2], "texture": "#0"},
				"up": {"uv": [1.5, 1.5, 2, 2], "rotation": 90, "texture": "#0"},
				"down": {"uv": [1.5, 1.5, 2, 2], "rotation": 90, "texture": "#0"}
			}
		},
		{
			"name": "Body",
			"from": [8, 12, 1],
			"to": [9, 13, 2],
			"faces": {
				"north": {"uv": [0.5, 1.5, 1, 2], "texture": "#0"},
				"east": {"uv": [0.5, 1.5, 1, 2], "texture": "#0"},
				"south": {"uv": [0.5, 1.5, 1, 2], "texture": "#0"},
				"west": {"uv": [0.5, 1.5, 1, 2], "texture": "#0"},
				"up": {"uv": [0.5, 1.5, 1, 2], "rotation": 90, "texture": "#0"},
				"down": {"uv": [0.5, 1.5, 1, 2], "rotation": 90, "texture": "#0"}
			}
		},
		{
			"name": "Body",
			"from": [8, 11, 1],
			"to": [9, 12, 2],
			"faces": {
				"north": {"uv": [0.5, 2, 1, 2.5], "texture": "#0"},
				"east": {"uv": [0.5, 2, 1, 2.5], "texture": "#0"},
				"south": {"uv": [0.5, 2, 1, 2.5], "texture": "#0"},
				"west": {"uv": [0.5, 2, 1, 2.5], "texture": "#0"},
				"up": {"uv": [0.5, 2, 1, 2.5], "rotation": 90, "texture": "#0"},
				"down": {"uv": [0.5, 2, 1, 2.5], "rotation": 90, "texture": "#0"}
			}
		},
		{
			"name": "Body",
			"from": [8, 11, 2],
			"to": [9, 12, 3],
			"faces": {
				"north": {"uv": [1, 2, 1.5, 2.5], "texture": "#0"},
				"east": {"uv": [1, 2, 1.5, 2.5], "texture": "#0"},
				"south": {"uv": [1, 2, 1.5, 2.5], "texture": "#0"},
				"west": {"uv": [1, 2, 1.5, 2.5], "texture": "#0"},
				"up": {"uv": [1, 2, 1.5, 2.5], "rotation": 90, "texture": "#0"},
				"down": {"uv": [1, 2, 1.5, 2.5], "rotation": 90, "texture": "#0"}
			}
		},
		{
			"name": "Body",
			"from": [8, 12, 2],
			"to": [9, 13, 3],
			"faces": {
				"north": {"uv": [1, 1.5, 1.5, 2], "texture": "#0"},
				"east": {"uv": [1, 1.5, 1.5, 2], "texture": "#0"},
				"south": {"uv": [1, 1.5, 1.5, 2], "texture": "#0"},
				"west": {"uv": [1, 1.5, 1.5, 2], "texture": "#0"},
				"up": {"uv": [1, 1.5, 1.5, 2], "rotation": 90, "texture": "#0"},
				"down": {"uv": [1, 1.5, 1.5, 2], "rotation": 90, "texture": "#0"}
			}
		},
		{
			"name": "Body",
			"from": [8, 4, 5],
			"to": [9, 5, 6],
			"faces": {
				"north": {"uv": [2.5, 5.5, 3, 6], "texture": "#0"},
				"east": {"uv": [2.5, 5.5, 3, 6], "texture": "#0"},
				"south": {"uv": [2.5, 5.5, 3, 6], "texture": "#0"},
				"west": {"uv": [2.5, 5.5, 3, 6], "texture": "#0"},
				"up": {"uv": [2.5, 5.5, 3, 6], "rotation": 90, "texture": "#0"},
				"down": {"uv": [2.5, 5.5, 3, 6], "rotation": 90, "texture": "#0"}
			}
		},
		{
			"name": "Body",
			"from": [8, 3, 5],
			"to": [9, 4, 6],
			"faces": {
				"north": {"uv": [2.5, 6, 3, 6.5], "texture": "#0"},
				"east": {"uv": [2.5, 6, 3, 6.5], "texture": "#0"},
				"south": {"uv": [2.5, 6, 3, 6.5], "texture": "#0"},
				"west": {"uv": [2.5, 6, 3, 6.5], "texture": "#0"},
				"up": {"uv": [2.5, 6, 3, 6.5], "rotation": 90, "texture": "#0"},
				"down": {"uv": [2.5, 6, 3, 6.5], "rotation": 90, "texture": "#0"}
			}
		},
		{
			"name": "Body",
			"from": [8, 4, 0],
			"to": [9, 5, 1],
			"faces": {
				"north": {"uv": [0, 5.5, 0.5, 6], "texture": "#0"},
				"east": {"uv": [0, 5.5, 0.5, 6], "texture": "#0"},
				"south": {"uv": [0, 5.5, 0.5, 6], "texture": "#0"},
				"west": {"uv": [0, 5.5, 0.5, 6], "texture": "#0"},
				"up": {"uv": [0, 5.5, 0.5, 6], "rotation": 90, "texture": "#0"},
				"down": {"uv": [0, 5.5, 0.5, 6], "rotation": 90, "texture": "#0"}
			}
		},
		{
			"name": "Body",
			"from": [8, 3, 0],
			"to": [9, 4, 1],
			"faces": {
				"north": {"uv": [0, 6, 0.5, 6.5], "texture": "#0"},
				"east": {"uv": [0, 6, 0.5, 6.5], "texture": "#0"},
				"south": {"uv": [0, 6, 0.5, 6.5], "texture": "#0"},
				"west": {"uv": [0, 6, 0.5, 6.5], "texture": "#0"},
				"up": {"uv": [0, 6, 0.5, 6.5], "rotation": 90, "texture": "#0"},
				"down": {"uv": [0, 6, 0.5, 6.5], "rotation": 90, "texture": "#0"}
			}
		},
		{
			"name": "Body",
			"from": [8, 4, 4],
			"to": [9, 5, 5],
			"faces": {
				"north": {"uv": [2, 5.5, 2.5, 6], "texture": "#0"},
				"east": {"uv": [2, 5.5, 2.5, 6], "texture": "#0"},
				"south": {"uv": [2, 5.5, 2.5, 6], "texture": "#0"},
				"west": {"uv": [2, 5.5, 2.5, 6], "texture": "#0"},
				"up": {"uv": [2, 5.5, 2.5, 6], "rotation": 90, "texture": "#0"},
				"down": {"uv": [2, 5.5, 2.5, 6], "rotation": 90, "texture": "#0"}
			}
		},
		{
			"name": "Body",
			"from": [8, 3, 4],
			"to": [9, 4, 5],
			"faces": {
				"north": {"uv": [2, 6, 2.5, 6.5], "texture": "#0"},
				"east": {"uv": [2, 6, 2.5, 6.5], "texture": "#0"},
				"south": {"uv": [2, 6, 2.5, 6.5], "texture": "#0"},
				"west": {"uv": [2, 6, 2.5, 6.5], "texture": "#0"},
				"up": {"uv": [2, 6, 2.5, 6.5], "rotation": 90, "texture": "#0"},
				"down": {"uv": [2, 6, 2.5, 6.5], "rotation": 90, "texture": "#0"}
			}
		},
		{
			"name": "Body",
			"from": [8, 3, 3],
			"to": [9, 4, 4],
			"faces": {
				"north": {"uv": [1.5, 6, 2, 6.5], "texture": "#0"},
				"east": {"uv": [1.5, 6, 2, 6.5], "texture": "#0"},
				"south": {"uv": [1.5, 6, 2, 6.5], "texture": "#0"},
				"west": {"uv": [1.5, 6, 2, 6.5], "texture": "#0"},
				"up": {"uv": [1.5, 6, 2, 6.5], "rotation": 90, "texture": "#0"},
				"down": {"uv": [1.5, 6, 2, 6.5], "rotation": 90, "texture": "#0"}
			}
		},
		{
			"name": "Body",
			"from": [8, 4, 3],
			"to": [9, 5, 4],
			"faces": {
				"north": {"uv": [1.5, 5.5, 2, 6], "texture": "#0"},
				"east": {"uv": [1.5, 5.5, 2, 6], "texture": "#0"},
				"south": {"uv": [1.5, 5.5, 2, 6], "texture": "#0"},
				"west": {"uv": [1.5, 5.5, 2, 6], "texture": "#0"},
				"up": {"uv": [1.5, 5.5, 2, 6], "rotation": 90, "texture": "#0"},
				"down": {"uv": [1.5, 5.5, 2, 6], "rotation": 90, "texture": "#0"}
			}
		},
		{
			"name": "Body",
			"from": [8, 4, 1],
			"to": [9, 5, 2],
			"faces": {
				"north": {"uv": [0.5, 5.5, 1, 6], "texture": "#0"},
				"east": {"uv": [0.5, 5.5, 1, 6], "texture": "#0"},
				"south": {"uv": [0.5, 5.5, 1, 6], "texture": "#0"},
				"west": {"uv": [0.5, 5.5, 1, 6], "texture": "#0"},
				"up": {"uv": [0.5, 5.5, 1, 6], "rotation": 90, "texture": "#0"},
				"down": {"uv": [0.5, 5.5, 1, 6], "rotation": 90, "texture": "#0"}
			}
		},
		{
			"name": "Body",
			"from": [8, 3, 1],
			"to": [9, 4, 2],
			"faces": {
				"north": {"uv": [0.5, 6, 1, 6.5], "texture": "#0"},
				"east": {"uv": [0.5, 6, 1, 6.5], "texture": "#0"},
				"south": {"uv": [0.5, 6, 1, 6.5], "texture": "#0"},
				"west": {"uv": [0.5, 6, 1, 6.5], "texture": "#0"},
				"up": {"uv": [0.5, 6, 1, 6.5], "rotation": 90, "texture": "#0"},
				"down": {"uv": [0.5, 6, 1, 6.5], "rotation": 90, "texture": "#0"}
			}
		},
		{
			"name": "Body",
			"from": [8, 3, 2],
			"to": [9, 4, 3],
			"faces": {
				"north": {"uv": [1, 6, 1.5, 6.5], "texture": "#0"},
				"east": {"uv": [1, 6, 1.5, 6.5], "texture": "#0"},
				"south": {"uv": [1, 6, 1.5, 6.5], "texture": "#0"},
				"west": {"uv": [1, 6, 1.5, 6.5], "texture": "#0"},
				"up": {"uv": [1, 6, 1.5, 6.5], "rotation": 90, "texture": "#0"},
				"down": {"uv": [1, 6, 1.5, 6.5], "rotation": 90, "texture": "#0"}
			}
		},
		{
			"name": "Body",
			"from": [8, 4, 2],
			"to": [9, 5, 3],
			"faces": {
				"north": {"uv": [1, 5.5, 1.5, 6], "texture": "#0"},
				"east": {"uv": [1, 5.5, 1.5, 6], "texture": "#0"},
				"south": {"uv": [1, 5.5, 1.5, 6], "texture": "#0"},
				"west": {"uv": [1, 5.5, 1.5, 6], "texture": "#0"},
				"up": {"uv": [1, 5.5, 1.5, 6], "rotation": 90, "texture": "#0"},
				"down": {"uv": [1, 5.5, 1.5, 6], "rotation": 90, "texture": "#0"}
			}
		},
		{
			"name": "Body",
			"from": [8, 6, 5],
			"to": [9, 7, 6],
			"faces": {
				"north": {"uv": [2.5, 4.5, 3, 5], "texture": "#0"},
				"east": {"uv": [2.5, 4.5, 3, 5], "texture": "#0"},
				"south": {"uv": [2.5, 4.5, 3, 5], "texture": "#0"},
				"west": {"uv": [2.5, 4.5, 3, 5], "texture": "#0"},
				"up": {"uv": [2.5, 4.5, 3, 5], "rotation": 90, "texture": "#0"},
				"down": {"uv": [2.5, 4.5, 3, 5], "rotation": 90, "texture": "#0"}
			}
		},
		{
			"name": "Body",
			"from": [8, 5, 5],
			"to": [9, 6, 6],
			"faces": {
				"north": {"uv": [2.5, 5, 3, 5.5], "texture": "#0"},
				"east": {"uv": [2.5, 5, 3, 5.5], "texture": "#0"},
				"south": {"uv": [2.5, 5, 3, 5.5], "texture": "#0"},
				"west": {"uv": [2.5, 5, 3, 5.5], "texture": "#0"},
				"up": {"uv": [2.5, 5, 3, 5.5], "rotation": 90, "texture": "#0"},
				"down": {"uv": [2.5, 5, 3, 5.5], "rotation": 90, "texture": "#0"}
			}
		},
		{
			"name": "Body",
			"from": [8, 6, 0],
			"to": [9, 7, 1],
			"faces": {
				"north": {"uv": [0, 4.5, 0.5, 5], "texture": "#0"},
				"east": {"uv": [0, 4.5, 0.5, 5], "texture": "#0"},
				"south": {"uv": [0, 4.5, 0.5, 5], "texture": "#0"},
				"west": {"uv": [0, 4.5, 0.5, 5], "texture": "#0"},
				"up": {"uv": [0, 4.5, 0.5, 5], "rotation": 90, "texture": "#0"},
				"down": {"uv": [0, 4.5, 0.5, 5], "rotation": 90, "texture": "#0"}
			}
		},
		{
			"name": "Body",
			"from": [8, 5, 0],
			"to": [9, 6, 1],
			"faces": {
				"north": {"uv": [0, 5, 0.5, 5.5], "texture": "#0"},
				"east": {"uv": [0, 5, 0.5, 5.5], "texture": "#0"},
				"south": {"uv": [0, 5, 0.5, 5.5], "texture": "#0"},
				"west": {"uv": [0, 5, 0.5, 5.5], "texture": "#0"},
				"up": {"uv": [0, 5, 0.5, 5.5], "rotation": 90, "texture": "#0"},
				"down": {"uv": [0, 5, 0.5, 5.5], "rotation": 90, "texture": "#0"}
			}
		},
		{
			"name": "Body",
			"from": [8, 6, 4],
			"to": [9, 7, 5],
			"faces": {
				"north": {"uv": [2, 4.5, 2.5, 5], "texture": "#0"},
				"east": {"uv": [2, 4.5, 2.5, 5], "texture": "#0"},
				"south": {"uv": [2, 4.5, 2.5, 5], "texture": "#0"},
				"west": {"uv": [2, 4.5, 2.5, 5], "texture": "#0"},
				"up": {"uv": [2, 4.5, 2.5, 5], "rotation": 90, "texture": "#0"},
				"down": {"uv": [2, 4.5, 2.5, 5], "rotation": 90, "texture": "#0"}
			}
		},
		{
			"name": "Body",
			"from": [8, 5, 4],
			"to": [9, 6, 5],
			"faces": {
				"north": {"uv": [2, 5, 2.5, 5.5], "texture": "#0"},
				"east": {"uv": [2, 5, 2.5, 5.5], "texture": "#0"},
				"south": {"uv": [2, 5, 2.5, 5.5], "texture": "#0"},
				"west": {"uv": [2, 5, 2.5, 5.5], "texture": "#0"},
				"up": {"uv": [2, 5, 2.5, 5.5], "rotation": 90, "texture": "#0"},
				"down": {"uv": [2, 5, 2.5, 5.5], "rotation": 90, "texture": "#0"}
			}
		},
		{
			"name": "Body",
			"from": [8, 5, 3],
			"to": [9, 6, 4],
			"faces": {
				"north": {"uv": [1.5, 5, 2, 5.5], "texture": "#0"},
				"east": {"uv": [1.5, 5, 2, 5.5], "texture": "#0"},
				"south": {"uv": [1.5, 5, 2, 5.5], "texture": "#0"},
				"west": {"uv": [1.5, 5, 2, 5.5], "texture": "#0"},
				"up": {"uv": [1.5, 5, 2, 5.5], "rotation": 90, "texture": "#0"},
				"down": {"uv": [1.5, 5, 2, 5.5], "rotation": 90, "texture": "#0"}
			}
		},
		{
			"name": "Body",
			"from": [8, 6, 3],
			"to": [9, 7, 4],
			"faces": {
				"north": {"uv": [1.5, 4.5, 2, 5], "texture": "#0"},
				"east": {"uv": [1.5, 4.5, 2, 5], "texture": "#0"},
				"south": {"uv": [1.5, 4.5, 2, 5], "texture": "#0"},
				"west": {"uv": [1.5, 4.5, 2, 5], "texture": "#0"},
				"up": {"uv": [1.5, 4.5, 2, 5], "rotation": 90, "texture": "#0"},
				"down": {"uv": [1.5, 4.5, 2, 5], "rotation": 90, "texture": "#0"}
			}
		},
		{
			"name": "Body",
			"from": [8, 6, 1],
			"to": [9, 7, 2],
			"faces": {
				"north": {"uv": [0.5, 4.5, 1, 5], "texture": "#0"},
				"east": {"uv": [0.5, 4.5, 1, 5], "texture": "#0"},
				"south": {"uv": [0.5, 4.5, 1, 5], "texture": "#0"},
				"west": {"uv": [0.5, 4.5, 1, 5], "texture": "#0"},
				"up": {"uv": [0.5, 4.5, 1, 5], "rotation": 90, "texture": "#0"},
				"down": {"uv": [0.5, 4.5, 1, 5], "rotation": 90, "texture": "#0"}
			}
		},
		{
			"name": "Body",
			"from": [8, 5, 1],
			"to": [9, 6, 2],
			"faces": {
				"north": {"uv": [0.5, 5, 1, 5.5], "texture": "#0"},
				"east": {"uv": [0.5, 5, 1, 5.5], "texture": "#0"},
				"south": {"uv": [0.5, 5, 1, 5.5], "texture": "#0"},
				"west": {"uv": [0.5, 5, 1, 5.5], "texture": "#0"},
				"up": {"uv": [0.5, 5, 1, 5.5], "rotation": 90, "texture": "#0"},
				"down": {"uv": [0.5, 5, 1, 5.5], "rotation": 90, "texture": "#0"}
			}
		},
		{
			"name": "Body",
			"from": [8, 5, 2],
			"to": [9, 6, 3],
			"faces": {
				"north": {"uv": [1, 5, 1.5, 5.5], "texture": "#0"},
				"east": {"uv": [1, 5, 1.5, 5.5], "texture": "#0"},
				"south": {"uv": [1, 5, 1.5, 5.5], "texture": "#0"},
				"west": {"uv": [1, 5, 1.5, 5.5], "texture": "#0"},
				"up": {"uv": [1, 5, 1.5, 5.5], "rotation": 90, "texture": "#0"},
				"down": {"uv": [1, 5, 1.5, 5.5], "rotation": 90, "texture": "#0"}
			}
		},
		{
			"name": "Body",
			"from": [8, 6, 2],
			"to": [9, 7, 3],
			"faces": {
				"north": {"uv": [1, 4.5, 1.5, 5], "texture": "#0"},
				"east": {"uv": [1, 4.5, 1.5, 5], "texture": "#0"},
				"south": {"uv": [1, 4.5, 1.5, 5], "texture": "#0"},
				"west": {"uv": [1, 4.5, 1.5, 5], "texture": "#0"},
				"up": {"uv": [1, 4.5, 1.5, 5], "rotation": 90, "texture": "#0"},
				"down": {"uv": [1, 4.5, 1.5, 5], "rotation": 90, "texture": "#0"}
			}
		}
	],
	"display": {
		"thirdperson_righthand": {
			"rotation": [46, -180, 0],
			"translation": [0, 3.75, -3.5]
		},
		"thirdperson_lefthand": {
			"rotation": [65, -180, 0],
			"translation": [-0.25, 6, -1.5]
		},
		"firstperson_righthand": {
			"rotation": [4, -180, 13],
			"translation": [0.75, 1, 0.5]
		},
		"firstperson_lefthand": {
			"rotation": [23, -180, 14],
			"translation": [2, 2, -1]
		},
		"ground": {
			"rotation": [0, 0, -89]
		},
		"gui": {
			"rotation": [43, 123, -86],
			"translation": [0.5, 0, 0],
			"scale": [0.83, 0.83, 0.83]
		},
		"head": {
			"rotation": [90, 0, 0],
			"translation": [0, 6, 0.25]
		},
		"fixed": {
			"rotation": [-180, 0, 0],
			"translation": [0, 0, -15.5],
			"scale": [2, 2, 2]
		}
	},
	"groups": [
		{
			"name": "head",
			"origin": [0, 0, 0],
			"color": 0,
			"children": [
				{
					"name": "group",
					"origin": [0, 0, 0],
					"color": 0,
					"children": [
						{
							"name": "group",
							"origin": [0, 0, 0],
							"color": 0,
							"children": [0, 1, 2, 3, 4, 5, 6, 7, 8, 9, 10, 11]
						},
						{
							"name": "group",
							"origin": [0, 0, 0],
							"color": 0,
							"children": [12, 13, 14, 15, 16, 17, 18, 19, 20, 21, 22, 23, 24, 25, 26, 27, 28, 29, 30, 31, 32, 33, 34, 35, 36, 37, 38, 39, 40, 41, 42, 43, 44, 45, 46, 47]
						},
						{
							"name": "group",
							"origin": [0, 0, 0],
							"color": 0,
							"children": [48, 49, 50, 51, 52, 53, 54, 55, 56, 57, 58, 59]
						}
					]
				},
				{
					"name": "group",
					"origin": [0, 0, 0],
					"color": 0,
					"children": [
						{
							"name": "group",
							"origin": [0, 0, 0],
							"color": 0,
							"children": [60, 61, 62, 63, 64, 65, 66, 67, 68, 69, 70, 71]
						},
						{
							"name": "group",
							"origin": [0, 0, 0],
							"color": 0,
							"children": [72, 73, 74, 75, 76, 77, 78, 79, 80, 81, 82, 83, 84, 85, 86, 87, 88, 89, 90, 91, 92, 93, 94, 95, 96, 97, 98, 99, 100, 101, 102, 103, 104, 105, 106, 107]
						},
						{
							"name": "group",
							"origin": [0, 0, 0],
							"color": 0,
							"children": [108, 109, 110, 111, 112, 113, 114, 115, 116, 117, 118, 119]
						}
					]
				}
			]
		}
	]
}