{
	"credit": "Made with Blockbench",
	"texture_size": [64, 64],
	"textures": {
		"0": "item/piglin_brute",
		"particle": "item/piglin_brute"
	},
	"elements": [
		{
			"name": "head",
			"from": [5, 21.3, 2],
			"to": [11, 29.3, 6],
			"rotation": {"angle": 0, "axis": "y", "origin": [7.85882, 26.503, 1.04118]},
			"faces": {
				"north": {"uv": [2, 2, 4.5, 4], "texture": "#0"},
				"east": {"uv": [0, 2, 2, 4], "texture": "#0"},
				"south": {"uv": [6.5, 2, 9, 4], "texture": "#0"},
				"west": {"uv": [4.5, 2, 6.5, 4], "texture": "#0"},
				"up": {"uv": [4.5, 2, 2, 0], "texture": "#0"},
				"down": {"uv": [7, 0, 4.5, 2], "texture": "#0"}
			}
		},
		{
			"name": "left_leg",
			"from": [2.9, -8.9, 2],
			"to": [7.9, 0.1, 7],
			"rotation": {"angle": 0, "axis": "y", "origin": [5.15, -0.1782, 4.47819]},
			"faces": {
				"north": {"uv": [5, 14.25, 6, 16], "texture": "#0"},
				"east": {"uv": [4, 14.25, 5, 16], "texture": "#0"},
				"south": {"uv": [7, 14.25, 8, 16], "texture": "#0"},
				"west": {"uv": [6, 14.25, 7, 16], "texture": "#0"},
				"up": {"uv": [6, 13, 5, 12], "texture": "#0"},
				"down": {"uv": [7, 12, 6, 13], "texture": "#0"}
			}
		},
		{
			"name": "right_leg",
			"from": [8.07454, 0.05639, 1.95639],
			"to": [13.07454, 8.05639, 6.95639],
			"rotation": {"angle": 0, "axis": "x", "origin": [10.79967, -0.1718, 4.50971]},
			"faces": {
				"north": {"uv": [1, 5, 2, 6.75], "texture": "#0"},
				"east": {"uv": [0, 5, 1, 6.75], "texture": "#0"},
				"south": {"uv": [3, 5, 4, 6.75], "texture": "#0"},
				"west": {"uv": [2, 5, 3, 6.75], "texture": "#0"},
				"up": {"uv": [2, 5, 1, 4], "texture": "#0"},
				"down": {"uv": [3, 4, 2, 5], "texture": "#0"}
			}
		},
		{
			"name": "right_leg",
			"from": [8.12479, -8.9, 2.06303],
			"to": [13.12479, 0.1, 7.06303],
			"rotation": {"angle": 0, "axis": "y", "origin": [10.79967, -0.1718, 4.50971]},
			"faces": {
				"north": {"uv": [1, 6.25, 2, 8], "texture": "#0"},
				"east": {"uv": [0, 6.25, 1, 8], "texture": "#0"},
				"south": {"uv": [3, 6.25, 4, 8], "texture": "#0"},
				"west": {"uv": [2, 6.25, 3, 8], "texture": "#0"},
				"up": {"uv": [2, 5, 1, 4], "texture": "#0"},
				"down": {"uv": [3, 4, 2, 5], "texture": "#0"}
			}
		},
		{
			"name": "left_leg",
			"from": [2.9, 0.04361, 1.95639],
			"to": [7.9, 8.04361, 6.95639],
			"rotation": {"angle": 0, "axis": "x", "origin": [5.15, -0.1782, 4.47819]},
			"faces": {
				"north": {"uv": [5, 13, 6, 14.75], "texture": "#0"},
				"east": {"uv": [4, 13, 5, 14.75], "texture": "#0"},
				"south": {"uv": [7, 13, 8, 14.75], "texture": "#0"},
				"west": {"uv": [6, 13, 7, 14.75], "texture": "#0"},
				"up": {"uv": [6, 13, 5, 12], "texture": "#0"},
				"down": {"uv": [7, 12, 6, 13], "texture": "#0"}
			}
		},
		{
			"name": "body",
			"from": [3, 12, 1],
			"to": [13, 23, 7],
			"rotation": {"angle": 0, "axis": "x", "origin": [8, 13, 7]},
			"faces": {
				"north": {"uv": [4.75, 5, 7.25, 8], "texture": "#0"},
				"east": {"uv": [4.5, 5, 5.5, 8], "texture": "#0"},
				"south": {"uv": [7.5, 5, 10, 7], "texture": "#0"},
				"west": {"uv": [6.5, 5, 7.5, 8], "texture": "#0"},
				"up": {"uv": [9.75, 6, 7.75, 5], "texture": "#0"},
				"down": {"uv": [9, 4, 7, 5], "texture": "#0"}
			}
		},
		{
			"name": "body",
			"from": [2.9, 8, 1.3],
			"to": [13.1, 14, 7.3],
			"rotation": {"angle": 0, "axis": "x", "origin": [8, 22.6, 1.4]},
			"faces": {
				"north": {"uv": [7.5, 5.75, 10, 6.75], "texture": "#0"},
				"east": {"uv": [7.25, 6.75, 8.25, 7.75], "texture": "#0"},
				"south": {"uv": [7.5, 6.75, 10, 7.75], "texture": "#0"},
				"west": {"uv": [7.25, 6.75, 8.25, 7.75], "texture": "#0"},
				"up": {"uv": [9.75, 6.75, 7.75, 5.75], "texture": "#0"},
				"down": {"uv": [9.75, 5.75, 7.75, 6.75], "texture": "#0"}
			}
		},
		{
			"name": "left_arm",
			"from": [-1.9, 9, 2],
			"to": [3.1, 23, 7],
			"rotation": {"angle": 0, "axis": "x", "origin": [8, 22.6, 1.4]},
			"faces": {
				"north": {"uv": [9, 13, 10, 16], "texture": "#0"},
				"east": {"uv": [8, 13, 9, 16], "texture": "#0"},
				"south": {"uv": [11, 13, 12, 16], "texture": "#0"},
				"west": {"uv": [10, 13, 11, 16], "texture": "#0"},
				"up": {"uv": [10, 13, 9, 12], "texture": "#0"},
				"down": {"uv": [11, 12, 10, 13], "texture": "#0"}
			}
		},
		{
			"name": "right_arm",
			"from": [12.90624, 9, 2.03139],
			"to": [17.90624, 23, 7.03139],
			"rotation": {"angle": 0, "axis": "x", "origin": [15.90624, 21.4, 1.03139]},
			"faces": {
				"north": {"uv": [11, 5, 12, 8], "texture": "#0"},
				"east": {"uv": [10, 5, 11, 8], "texture": "#0"},
				"south": {"uv": [13, 5, 14, 8], "texture": "#0"},
				"west": {"uv": [12, 5, 13, 8], "texture": "#0"},
				"up": {"uv": [12, 5, 11, 4], "texture": "#0"},
				"down": {"uv": [13, 4, 12, 5], "texture": "#0"}
			}
		},
		{
			"from": [9, 14.2, 0.1],
			"to": [10, 19.2, 1.1],
			"rotation": {"angle": 0, "axis": "x", "origin": [8, 23.7, 0.7]},
			"faces": {
				"north": {"uv": [8.25, 7.5, 8.5, 7.25], "texture": "#0"},
				"east": {"uv": [8.25, 7.5, 8.5, 7.25], "texture": "#0"},
				"south": {"uv": [8.25, 7.5, 8.5, 7.25], "texture": "#0"},
				"west": {"uv": [8.25, 7.5, 8.5, 7.25], "texture": "#0"},
				"up": {"uv": [8.25, 7.5, 8.5, 7.25], "texture": "#0"},
				"down": {"uv": [8.25, 7.5, 8.5, 7.25], "texture": "#0"}
			}
		},
		{
			"from": [6, 16.2, 0.1],
			"to": [7, 19.2, 1.1],
			"rotation": {"angle": 0, "axis": "x", "origin": [8, 23.7, 0.7]},
			"faces": {
				"north": {"uv": [8.25, 7.5, 8.5, 7.25], "texture": "#0"},
				"east": {"uv": [8.25, 7.5, 8.5, 7.25], "texture": "#0"},
				"south": {"uv": [8.25, 7.5, 8.5, 7.25], "texture": "#0"},
				"west": {"uv": [8.25, 7.5, 8.5, 7.25], "texture": "#0"},
				"up": {"uv": [8.25, 7.5, 8.5, 7.25], "texture": "#0"},
				"down": {"uv": [8.25, 7.5, 8.5, 7.25], "texture": "#0"}
			}
		},
		{
			"from": [7, 16.2, 0.1],
			"to": [9, 17.2, 1.1],
			"rotation": {"angle": 0, "axis": "x", "origin": [8, 23.7, 0.7]},
			"faces": {
				"north": {"uv": [8.25, 7.5, 8.5, 7.25], "texture": "#0"},
				"east": {"uv": [8.25, 7.5, 8.5, 7.25], "texture": "#0"},
				"south": {"uv": [8.25, 7.5, 8.5, 7.25], "texture": "#0"},
				"west": {"uv": [8.25, 7.5, 8.5, 7.25], "texture": "#0"},
				"up": {"uv": [8.25, 7.5, 8.5, 7.25], "texture": "#0"},
				"down": {"uv": [8.25, 7.5, 8.5, 7.25], "texture": "#0"}
			}
		},
		{
			"from": [7, 18.2, 0.1],
			"to": [9, 19.2, 1.1],
			"rotation": {"angle": 0, "axis": "x", "origin": [8, 23.7, 0.7]},
			"faces": {
				"north": {"uv": [8.25, 7.5, 8.5, 7.25], "texture": "#0"},
				"east": {"uv": [8.25, 7.5, 8.5, 7.25], "texture": "#0"},
				"south": {"uv": [8.25, 7.5, 8.5, 7.25], "texture": "#0"},
				"west": {"uv": [8.25, 7.5, 8.5, 7.25], "texture": "#0"},
				"up": {"uv": [8.25, 7.5, 8.5, 7.25], "texture": "#0"},
				"down": {"uv": [8.25, 7.5, 8.5, 7.25], "texture": "#0"}
			}
		},
		{
			"from": [4, 22.3, 5.6],
			"to": [12, 23.3, 6.6],
			"rotation": {"angle": 0, "axis": "x", "origin": [8, 24.4, 5.7]},
			"faces": {
				"north": {"uv": [8.25, 7.5, 8.5, 7.25], "rotation": 180, "texture": "#0"},
				"east": {"uv": [8.25, 7.5, 8.5, 7.25], "rotation": 270, "texture": "#0"},
				"south": {"uv": [8.25, 7.5, 8.5, 7.25], "texture": "#0"},
				"west": {"uv": [8.25, 7.5, 8.5, 7.25], "rotation": 90, "texture": "#0"},
				"up": {"uv": [8.25, 7.5, 8.5, 7.25], "rotation": 180, "texture": "#0"},
				"down": {"uv": [8.25, 7.5, 8.5, 7.25], "texture": "#0"}
			}
		},
		{
			"from": [5.5, 18.7, 0.2],
			"to": [6.5, 19.7, 1.2],
			"rotation": {"angle": 0, "axis": "x", "origin": [8, 23.7, 0.7]},
			"faces": {
				"north": {"uv": [8.25, 7.5, 8.5, 7.25], "texture": "#0"},
				"east": {"uv": [8.25, 7.5, 8.5, 7.25], "texture": "#0"},
				"south": {"uv": [8.25, 7.5, 8.5, 7.25], "texture": "#0"},
				"west": {"uv": [8.25, 7.5, 8.5, 7.25], "texture": "#0"},
				"up": {"uv": [8.25, 7.5, 8.5, 7.25], "texture": "#0"},
				"down": {"uv": [8.25, 7.5, 8.5, 7.25], "texture": "#0"}
			}
		},
		{
			"from": [9.5, 18.7, 0.2],
			"to": [10.5, 19.7, 1.2],
			"rotation": {"angle": 0, "axis": "x", "origin": [8, 23.7, 0.7]},
			"faces": {
				"north": {"uv": [8.25, 7.5, 8.5, 7.25], "texture": "#0"},
				"east": {"uv": [8.25, 7.5, 8.5, 7.25], "texture": "#0"},
				"south": {"uv": [8.25, 7.5, 8.5, 7.25], "texture": "#0"},
				"west": {"uv": [8.25, 7.5, 8.5, 7.25], "texture": "#0"},
				"up": {"uv": [8.25, 7.5, 8.5, 7.25], "texture": "#0"},
				"down": {"uv": [8.25, 7.5, 8.5, 7.25], "texture": "#0"}
			}
		},
		{
			"from": [10, 19.7, 0.2],
			"to": [11, 20.7, 1.2],
			"rotation": {"angle": 0, "axis": "x", "origin": [8, 23.7, 0.7]},
			"faces": {
				"north": {"uv": [8.25, 7.5, 8.5, 7.25], "texture": "#0"},
				"east": {"uv": [8.25, 7.5, 8.5, 7.25], "texture": "#0"},
				"south": {"uv": [8.25, 7.5, 8.5, 7.25], "texture": "#0"},
				"west": {"uv": [8.25, 7.5, 8.5, 7.25], "texture": "#0"},
				"up": {"uv": [8.25, 7.5, 8.5, 7.25], "texture": "#0"},
				"down": {"uv": [8.25, 7.5, 8.5, 7.25], "texture": "#0"}
			}
		},
		{
			"from": [5, 19.7, 0.2],
			"to": [6, 20.7, 1.2],
			"rotation": {"angle": 0, "axis": "x", "origin": [8, 23.7, 0.7]},
			"faces": {
				"north": {"uv": [8.25, 7.5, 8.5, 7.25], "texture": "#0"},
				"east": {"uv": [8.25, 7.5, 8.5, 7.25], "texture": "#0"},
				"south": {"uv": [8.25, 7.5, 8.5, 7.25], "texture": "#0"},
				"west": {"uv": [8.25, 7.5, 8.5, 7.25], "texture": "#0"},
				"up": {"uv": [8.25, 7.5, 8.5, 7.25], "texture": "#0"},
				"down": {"uv": [8.25, 7.5, 8.5, 7.25], "texture": "#0"}
			}
		},
		{
			"from": [10.5, 20.7, 0.2],
			"to": [11.5, 21.7, 1.2],
			"rotation": {"angle": 0, "axis": "x", "origin": [8, 23.7, 0.7]},
			"faces": {
				"north": {"uv": [8.25, 7.5, 8.5, 7.25], "texture": "#0"},
				"east": {"uv": [8.25, 7.5, 8.5, 7.25], "texture": "#0"},
				"south": {"uv": [8.25, 7.5, 8.5, 7.25], "texture": "#0"},
				"west": {"uv": [8.25, 7.5, 8.5, 7.25], "texture": "#0"},
				"up": {"uv": [8.25, 7.5, 8.5, 7.25], "texture": "#0"},
				"down": {"uv": [8.25, 7.5, 8.5, 7.25], "texture": "#0"}
			}
		},
		{
			"from": [4.5, 20.7, 0.2],
			"to": [5.5, 21.7, 1.2],
			"rotation": {"angle": 0, "axis": "x", "origin": [8, 23.7, 0.7]},
			"faces": {
				"north": {"uv": [8.25, 7.5, 8.5, 7.25], "texture": "#0"},
				"east": {"uv": [8.25, 7.5, 8.5, 7.25], "texture": "#0"},
				"south": {"uv": [8.25, 7.5, 8.5, 7.25], "texture": "#0"},
				"west": {"uv": [8.25, 7.5, 8.5, 7.25], "texture": "#0"},
				"up": {"uv": [8.25, 7.5, 8.5, 7.25], "texture": "#0"},
				"down": {"uv": [8.25, 7.5, 8.5, 7.25], "texture": "#0"}
			}
		},
		{
			"from": [4, 21.7, 0.2],
			"to": [5, 22.7, 1.2],
			"rotation": {"angle": 0, "axis": "x", "origin": [8, 23.7, 0.7]},
			"faces": {
				"north": {"uv": [8.25, 7.5, 8.5, 7.25], "texture": "#0"},
				"east": {"uv": [8.25, 7.5, 8.5, 7.25], "texture": "#0"},
				"south": {"uv": [8.25, 7.5, 8.5, 7.25], "texture": "#0"},
				"west": {"uv": [8.25, 7.5, 8.5, 7.25], "texture": "#0"},
				"up": {"uv": [8.25, 7.5, 8.5, 7.25], "texture": "#0"},
				"down": {"uv": [8.25, 7.5, 8.5, 7.25], "texture": "#0"}
			}
		},
		{
			"from": [11, 21.7, 0.2],
			"to": [12, 22.7, 1.2],
			"rotation": {"angle": 0, "axis": "x", "origin": [8, 23.7, 0.7]},
			"faces": {
				"north": {"uv": [8.25, 7.5, 8.5, 7.25], "texture": "#0"},
				"east": {"uv": [8.25, 7.5, 8.5, 7.25], "texture": "#0"},
				"south": {"uv": [8.25, 7.5, 8.5, 7.25], "texture": "#0"},
				"west": {"uv": [8.25, 7.5, 8.5, 7.25], "texture": "#0"},
				"up": {"uv": [8.25, 7.5, 8.5, 7.25], "texture": "#0"},
				"down": {"uv": [8.25, 7.5, 8.5, 7.25], "texture": "#0"}
			}
		},
		{
			"from": [4.1, 22.3, 0.3],
			"to": [5.1, 23.3, 6.3],
			"rotation": {"angle": 0, "axis": "x", "origin": [8, 23.7, 0.7]},
			"faces": {
				"north": {"uv": [8.25, 7.5, 8.5, 7.25], "rotation": 180, "texture": "#0"},
				"east": {"uv": [8.25, 7.5, 8.5, 7.25], "rotation": 270, "texture": "#0"},
				"south": {"uv": [8.25, 7.5, 8.5, 7.25], "texture": "#0"},
				"west": {"uv": [8.25, 7.5, 8.5, 7.25], "rotation": 90, "texture": "#0"},
				"up": {"uv": [8.25, 7.5, 8.5, 7.25], "rotation": 180, "texture": "#0"},
				"down": {"uv": [8.25, 7.5, 8.5, 7.25], "texture": "#0"}
			}
		},
		{
			"from": [10.9, 22.3, 0.3],
			"to": [11.9, 23.3, 6.3],
			"rotation": {"angle": 0, "axis": "x", "origin": [8, 23.7, 0.7]},
			"faces": {
				"north": {"uv": [8.25, 7.5, 8.5, 7.25], "rotation": 180, "texture": "#0"},
				"east": {"uv": [8.25, 7.5, 8.5, 7.25], "rotation": 270, "texture": "#0"},
				"south": {"uv": [8.25, 7.5, 8.5, 7.25], "texture": "#0"},
				"west": {"uv": [8.25, 7.5, 8.5, 7.25], "rotation": 90, "texture": "#0"},
				"up": {"uv": [8.25, 7.5, 8.5, 7.25], "rotation": 180, "texture": "#0"},
				"down": {"uv": [8.25, 7.5, 8.5, 7.25], "texture": "#0"}
			}
		}
	],
	"display": {
		"thirdperson_righthand": {
			"scale": [0.24, 0.24, 0.24]
		},
		"thirdperson_lefthand": {
			"scale": [0.29, 0.29, 0.29]
		},
		"firstperson_righthand": {
			"scale": [0.18, 0.18, 0.18]
		},
		"firstperson_lefthand": {
			"scale": [0.21, 0.21, 0.21]
		},
		"ground": {
			"scale": [0.2, 0.2, 0.2]
		},
		"gui": {
			"rotation": [-21, -180, 30],
			"scale": [0.27, 0.27, 0.27]
		},
		"head": {
			"translation": [0, 13, 14],
			"scale": [3.33, 3.33, 3.33]
		},
		"fixed": {
			"scale": [0.29, 0.29, 0.29]
		}
	},
	"groups": [
		{
			"name": "bone",
			"origin": [0, 0, 0],
			"color": 0,
			"children": [0]
		},
		{
			"name": "bone",
			"origin": [0, 0, 0],
			"color": 0,
			"children": [1, 2, 3, 4]
		},
		{
			"name": "bone",
			"origin": [0, 0, 0],
			"color": 0,
			"children": [
				5,
				6,
				7,
				8,
				{
					"name": "group",
					"origin": [8, 22.6, 1.4],
					"color": 0,
					"children": [9, 10, 11, 12, 13, 14, 15, 16, 17, 18, 19, 20, 21, 22, 23]
				}
			]
		}
	]
}