{
	"credit": "Made with Blockbench",
	"texture_size": [64, 64],
	"textures": {
		"0": "item/piglin_brute"
	},
	"elements": [
		{
			"name": "body",
			"from": [3, 12, 5],
			"to": [13, 23, 11],
			"rotation": {"angle": -22.5, "axis": "x", "origin": [8, 13, 7]},
			"faces": {
				"north": {"uv": [4.75, 5, 7.25, 8], "texture": "#0"},
				"east": {"uv": [4.5, 5, 5.5, 8], "texture": "#0"},
				"south": {"uv": [7.5, 5, 10, 7], "texture": "#0"},
				"west": {"uv": [6.5, 5, 7.5, 8], "texture": "#0"},
				"up": {"uv": [9.75, 6, 7.75, 5], "texture": "#0"},
				"down": {"uv": [9, 4, 7, 5], "texture": "#0"}
			}
		},
		{
			"name": "body",
			"from": [2.9, 8, 5.2],
			"to": [13.1, 14, 11.2],
			"faces": {
				"north": {"uv": [7.5, 5.75, 10, 6.75], "texture": "#0"},
				"east": {"uv": [7.25, 6.75, 8.25, 7.75], "texture": "#0"},
				"south": {"uv": [7.5, 6.75, 10, 7.75], "texture": "#0"},
				"west": {"uv": [7.25, 6.75, 8.25, 7.75], "texture": "#0"},
				"up": {"uv": [9.75, 6.75, 7.75, 5.75], "texture": "#0"},
				"down": {"uv": [9.75, 5.75, 7.75, 6.75], "texture": "#0"}
			}
		},
		{
			"name": "left_arm",
			"from": [-1.8, 13, -4],
			"to": [2.2, 17, 3],
			"rotation": {"angle": -22.5, "axis": "y", "origin": [0.8, 13.5, 4]},
			"faces": {
				"north": {"uv": [11, 12, 10, 13], "rotation": 180, "texture": "#0"},
				"east": {"uv": [8, 14.25, 9, 16], "rotation": 270, "texture": "#0"},
				"south": {"uv": [10, 13, 9, 12], "texture": "#0"},
				"west": {"uv": [10, 14.25, 11, 16], "rotation": 90, "texture": "#0"},
				"up": {"uv": [9, 14.25, 10, 16], "rotation": 180, "texture": "#0"},
				"down": {"uv": [11, 14.25, 12, 16], "texture": "#0"}
			}
		},
		{
			"name": "right_arm",
			"from": [12.80624, 12.9, -5.26861],
			"to": [16.80624, 16.9, 1.73139],
			"rotation": {"angle": 22.5, "axis": "y", "origin": [15.50624, 16.1, 1.03139]},
			"faces": {
				"north": {"uv": [13, 4, 12, 5], "rotation": 270, "texture": "#0"},
				"east": {"uv": [13, 6.25, 14, 8], "rotation": 270, "texture": "#0"},
				"south": {"uv": [12, 5, 11, 4], "rotation": 270, "texture": "#0"},
				"west": {"uv": [11, 6.25, 12, 8], "rotation": 90, "texture": "#0"},
				"up": {"uv": [10, 6.25, 11, 8], "rotation": 180, "texture": "#0"},
				"down": {"uv": [12, 6.25, 13, 8], "texture": "#0"}
			}
		},
		{
			"name": "left_arm",
			"from": [-1.2, 13.9, 2],
			"to": [2.8, 22.9, 6],
			"faces": {
				"north": {"uv": [9, 13, 10, 15.25], "texture": "#0"},
				"east": {"uv": [8, 13, 9, 15.25], "texture": "#0"},
				"south": {"uv": [11, 13, 12, 15.25], "texture": "#0"},
				"west": {"uv": [10, 13, 11, 15.25], "texture": "#0"},
				"up": {"uv": [10, 13, 9, 12], "texture": "#0"},
				"down": {"uv": [11, 12, 10, 13], "texture": "#0"}
			}
		},
		{
			"name": "right_arm",
			"from": [12.90624, 13.9, 1.03139],
			"to": [16.90624, 22.9, 5.03139],
			"rotation": {"angle": 0, "axis": "x", "origin": [15.90624, 21.4, 1.03139]},
			"faces": {
				"north": {"uv": [11, 5, 12, 7.25], "texture": "#0"},
				"east": {"uv": [10, 5, 11, 7.25], "texture": "#0"},
				"south": {"uv": [13, 5, 14, 7.25], "texture": "#0"},
				"west": {"uv": [12, 5, 13, 7.25], "texture": "#0"},
				"up": {"uv": [12, 5, 11, 4], "texture": "#0"},
				"down": {"uv": [13, 4, 12, 5], "texture": "#0"}
			}
		},
		{
			"from": [9, 13.1, 0.8],
			"to": [10, 18.1, 1.8],
			"faces": {
				"north": {"uv": [8.25, 7, 8.5, 7.25], "texture": "#0"},
				"east": {"uv": [8.25, 7, 8.5, 7.25], "texture": "#0"},
				"south": {"uv": [8.25, 7, 8.5, 7.25], "texture": "#0"},
				"west": {"uv": [8.25, 7, 8.5, 7.25], "texture": "#0"},
				"up": {"uv": [8.25, 7, 8.5, 7.25], "texture": "#0"},
				"down": {"uv": [8.25, 7, 8.5, 7.25], "texture": "#0"}
			}
		},
		{
			"from": [6, 15.1, 0.8],
			"to": [7, 18.1, 1.8],
			"faces": {
				"north": {"uv": [8.25, 7, 8.5, 7.25], "texture": "#0"},
				"east": {"uv": [8.25, 7, 8.5, 7.25], "texture": "#0"},
				"south": {"uv": [8.25, 7, 8.5, 7.25], "texture": "#0"},
				"west": {"uv": [8.25, 7, 8.5, 7.25], "texture": "#0"},
				"up": {"uv": [8.25, 7, 8.5, 7.25], "texture": "#0"},
				"down": {"uv": [8.25, 7, 8.5, 7.25], "texture": "#0"}
			}
		},
		{
			"from": [7, 15.1, 0.8],
			"to": [9, 16.1, 1.8],
			"faces": {
				"north": {"uv": [8.25, 7, 8.5, 7.25], "texture": "#0"},
				"east": {"uv": [8.25, 7, 8.5, 7.25], "texture": "#0"},
				"south": {"uv": [8.25, 7, 8.5, 7.25], "texture": "#0"},
				"west": {"uv": [8.25, 7, 8.5, 7.25], "texture": "#0"},
				"up": {"uv": [8.25, 7, 8.5, 7.25], "texture": "#0"},
				"down": {"uv": [8.25, 7, 8.5, 7.25], "texture": "#0"}
			}
		},
		{
			"from": [7, 17.1, 0.8],
			"to": [9, 18.1, 1.8],
			"faces": {
				"north": {"uv": [8.25, 7, 8.5, 7.25], "texture": "#0"},
				"east": {"uv": [8.25, 7, 8.5, 7.25], "texture": "#0"},
				"south": {"uv": [8.25, 7, 8.5, 7.25], "texture": "#0"},
				"west": {"uv": [8.25, 7, 8.5, 7.25], "texture": "#0"},
				"up": {"uv": [8.25, 7, 8.5, 7.25], "texture": "#0"},
				"down": {"uv": [8.25, 7, 8.5, 7.25], "texture": "#0"}
			}
		},
		{
			"from": [4, 22.9, 5.9],
			"to": [12, 23.9, 6.9],
			"rotation": {"angle": -22.5, "axis": "x", "origin": [8, 23.3, 6.4]},
			"faces": {
				"north": {"uv": [8.25, 7, 8.5, 7.25], "rotation": 180, "texture": "#0"},
				"east": {"uv": [8.25, 7, 8.5, 7.25], "rotation": 270, "texture": "#0"},
				"south": {"uv": [8.25, 7, 8.5, 7.25], "texture": "#0"},
				"west": {"uv": [8.25, 7, 8.5, 7.25], "rotation": 90, "texture": "#0"},
				"up": {"uv": [8.25, 7, 8.5, 7.25], "rotation": 180, "texture": "#0"},
				"down": {"uv": [8.25, 7, 8.5, 7.25], "texture": "#0"}
			}
		},
		{
			"from": [5.5, 17.6, 0.9],
			"to": [6.5, 18.6, 1.9],
			"faces": {
				"north": {"uv": [8.25, 7, 8.5, 7.25], "texture": "#0"},
				"east": {"uv": [8.25, 7, 8.5, 7.25], "texture": "#0"},
				"south": {"uv": [8.25, 7, 8.5, 7.25], "texture": "#0"},
				"west": {"uv": [8.25, 7, 8.5, 7.25], "texture": "#0"},
				"up": {"uv": [8.25, 7, 8.5, 7.25], "texture": "#0"},
				"down": {"uv": [8.25, 7, 8.5, 7.25], "texture": "#0"}
			}
		},
		{
			"from": [9.5, 17.6, 0.9],
			"to": [10.5, 18.6, 1.9],
			"faces": {
				"north": {"uv": [8.25, 7, 8.5, 7.25], "texture": "#0"},
				"east": {"uv": [8.25, 7, 8.5, 7.25], "texture": "#0"},
				"south": {"uv": [8.25, 7, 8.5, 7.25], "texture": "#0"},
				"west": {"uv": [8.25, 7, 8.5, 7.25], "texture": "#0"},
				"up": {"uv": [8.25, 7, 8.5, 7.25], "texture": "#0"},
				"down": {"uv": [8.25, 7, 8.5, 7.25], "texture": "#0"}
			}
		},
		{
			"from": [10, 18.6, 0.9],
			"to": [11, 19.6, 1.9],
			"faces": {
				"north": {"uv": [8.25, 7, 8.5, 7.25], "texture": "#0"},
				"east": {"uv": [8.25, 7, 8.5, 7.25], "texture": "#0"},
				"south": {"uv": [8.25, 7, 8.5, 7.25], "texture": "#0"},
				"west": {"uv": [8.25, 7, 8.5, 7.25], "texture": "#0"},
				"up": {"uv": [8.25, 7, 8.5, 7.25], "texture": "#0"},
				"down": {"uv": [8.25, 7, 8.5, 7.25], "texture": "#0"}
			}
		},
		{
			"from": [5, 18.6, 0.9],
			"to": [6, 19.6, 1.9],
			"faces": {
				"north": {"uv": [8.25, 7, 8.5, 7.25], "texture": "#0"},
				"east": {"uv": [8.25, 7, 8.5, 7.25], "texture": "#0"},
				"south": {"uv": [8.25, 7, 8.5, 7.25], "texture": "#0"},
				"west": {"uv": [8.25, 7, 8.5, 7.25], "texture": "#0"},
				"up": {"uv": [8.25, 7, 8.5, 7.25], "texture": "#0"},
				"down": {"uv": [8.25, 7, 8.5, 7.25], "texture": "#0"}
			}
		},
		{
			"from": [10.5, 19.6, 0.9],
			"to": [11.5, 20.6, 1.9],
			"faces": {
				"north": {"uv": [8.25, 7, 8.5, 7.25], "texture": "#0"},
				"east": {"uv": [8.25, 7, 8.5, 7.25], "texture": "#0"},
				"south": {"uv": [8.25, 7, 8.5, 7.25], "texture": "#0"},
				"west": {"uv": [8.25, 7, 8.5, 7.25], "texture": "#0"},
				"up": {"uv": [8.25, 7, 8.5, 7.25], "texture": "#0"},
				"down": {"uv": [8.25, 7, 8.5, 7.25], "texture": "#0"}
			}
		},
		{
			"from": [4.5, 19.6, 0.9],
			"to": [5.5, 20.6, 1.9],
			"faces": {
				"north": {"uv": [8.25, 7, 8.5, 7.25], "texture": "#0"},
				"east": {"uv": [8.25, 7, 8.5, 7.25], "texture": "#0"},
				"south": {"uv": [8.25, 7, 8.5, 7.25], "texture": "#0"},
				"west": {"uv": [8.25, 7, 8.5, 7.25], "texture": "#0"},
				"up": {"uv": [8.25, 7, 8.5, 7.25], "texture": "#0"},
				"down": {"uv": [8.25, 7, 8.5, 7.25], "texture": "#0"}
			}
		},
		{
			"from": [4, 20.6, 0.9],
			"to": [5, 21.6, 1.9],
			"faces": {
				"north": {"uv": [8.25, 7, 8.5, 7.25], "texture": "#0"},
				"east": {"uv": [8.25, 7, 8.5, 7.25], "texture": "#0"},
				"south": {"uv": [8.25, 7, 8.5, 7.25], "texture": "#0"},
				"west": {"uv": [8.25, 7, 8.5, 7.25], "texture": "#0"},
				"up": {"uv": [8.25, 7, 8.5, 7.25], "texture": "#0"},
				"down": {"uv": [8.25, 7, 8.5, 7.25], "texture": "#0"}
			}
		},
		{
			"from": [11, 20.6, 0.9],
			"to": [12, 21.6, 1.9],
			"faces": {
				"north": {"uv": [8.25, 7, 8.5, 7.25], "texture": "#0"},
				"east": {"uv": [8.25, 7, 8.5, 7.25], "texture": "#0"},
				"south": {"uv": [8.25, 7, 8.5, 7.25], "texture": "#0"},
				"west": {"uv": [8.25, 7, 8.5, 7.25], "texture": "#0"},
				"up": {"uv": [8.25, 7, 8.5, 7.25], "texture": "#0"},
				"down": {"uv": [8.25, 7, 8.5, 7.25], "texture": "#0"}
			}
		},
		{
			"from": [4.1, 20.9, 0.6],
			"to": [5.1, 21.9, 6.6],
			"rotation": {"angle": -22.5, "axis": "x", "origin": [8, 22.6, 1.4]},
			"faces": {
				"north": {"uv": [8.25, 7, 8.5, 7.25], "rotation": 180, "texture": "#0"},
				"east": {"uv": [8.25, 7, 8.5, 7.25], "rotation": 270, "texture": "#0"},
				"south": {"uv": [8.25, 7, 8.5, 7.25], "texture": "#0"},
				"west": {"uv": [8.25, 7, 8.5, 7.25], "rotation": 90, "texture": "#0"},
				"up": {"uv": [8.25, 7, 8.5, 7.25], "rotation": 180, "texture": "#0"},
				"down": {"uv": [8.25, 7, 8.5, 7.25], "texture": "#0"}
			}
		},
		{
			"from": [10.9, 20.9, 0.6],
			"to": [11.9, 21.9, 6.6],
			"rotation": {"angle": -22.5, "axis": "x", "origin": [8, 22.6, 1.4]},
			"faces": {
				"north": {"uv": [8.25, 7, 8.5, 7.25], "rotation": 180, "texture": "#0"},
				"east": {"uv": [8.25, 7, 8.5, 7.25], "rotation": 270, "texture": "#0"},
				"south": {"uv": [8.25, 7, 8.5, 7.25], "texture": "#0"},
				"west": {"uv": [8.25, 7, 8.5, 7.25], "rotation": 90, "texture": "#0"},
				"up": {"uv": [8.25, 7, 8.5, 7.25], "rotation": 180, "texture": "#0"},
				"down": {"uv": [8.25, 7, 8.5, 7.25], "texture": "#0"}
			}
		}
	],
	"display": {
		"thirdperson_righthand": {
			"rotation": [74, 0, 0],
			"scale": [0.26, 0.26, 0.26]
		},
		"thirdperson_lefthand": {
			"rotation": [71, 0, 0],
			"scale": [0.26, 0.26, 0.26]
		},
		"firstperson_righthand": {
			"scale": [0.17, 0.17, 0.17]
		},
		"firstperson_lefthand": {
			"scale": [0.18, 0.18, 0.18]
		},
		"ground": {
			"rotation": [61, 0, 0],
			"scale": [0.22, 0.22, 0.22]
		},
		"gui": {
			"rotation": [-49, -149, -20],
			"translation": [0, -4.75, 0],
			"scale": [0.51, 0.51, 0.51]
		},
		"head": {
			"translation": [0, -29.75, 5.75],
			"scale": [1.6, 1.6, 1.6]
		},
		"fixed": {
			"translation": [-16, -46, -12.75],
			"scale": [4, 4, 4]
		}
	},
	"groups": [
		{
			"name": "bone",
			"origin": [0, 0, 0],
			"color": 0,
			"children": [
				0,
				1,
				2,
				3,
				4,
				5,
				{
					"name": "group",
					"origin": [8, 22.6, 1.4],
					"color": 0,
					"children": [6, 7, 8, 9, 10, 11, 12, 13, 14, 15, 16, 17, 18, 19, 20]
				}
			]
		}
	]
}