{
	"credit": "Made with Blockbench",
	"parent": "blaze_rod",
	"texture_size": [64, 64],
	"textures": {
		"1": "item/piglionboss"
	},
	"elements": [
		{
			"name": "right_arm",
			"from": [6, -5, 6],
			"to": [10, 7, 10],
			"faces": {
				"north": {"uv": [11, 5, 12, 8], "texture": "#1"},
				"east": {"uv": [10, 5, 11, 8], "texture": "#1"},
				"south": {"uv": [13, 5, 14, 8], "texture": "#1"},
				"west": {"uv": [12, 5, 13, 8], "texture": "#1"},
				"up": {"uv": [12, 5, 11, 4], "texture": "#1"},
				"down": {"uv": [13, 4, 12, 5], "texture": "#1"}
			}
		}
	],
	"display": {
		"thirdperson_righthand": {
			"rotation": [69, 0, 10],
			"translation": [6.25, -2.25, 13.75],
			"scale": [2, 2, 2]
		},
		"thirdperson_lefthand": {
			"rotation": [69, -180, -10],
			"translation": [6.25, -2.25, 13.75],
			"scale": [2, 2, 2]
		},
		"head": {
			"translation": [0, 36.75, 0],
			"scale": [0, 0, 0]
		}
	},
	"groups": [
		{
			"name": "right_arm",
			"origin": [-5, 22, 0],
			"color": 0,
			"children": [0]
		}
	]
}