{
	"credit": "Made with Blockbench",
	"parent": "blaze_rod",
	"texture_size": [128, 128],
	"textures": {
		"0": "item/piglionbossleggs"
	},
	"elements": [
		{
			"name": "body",
			"from": [4, 12, 6],
			"to": [12, 24, 10],
			"faces": {
				"north": {"uv": [2.5, 2.5, 3.5, 4], "texture": "#0"},
				"east": {"uv": [2, 2.5, 2.5, 4], "texture": "#0"},
				"south": {"uv": [4, 2.5, 5, 4], "texture": "#0"},
				"west": {"uv": [3.5, 2.5, 4, 4], "texture": "#0"},
				"up": {"uv": [3.5, 2.5, 2.5, 2], "texture": "#0"},
				"down": {"uv": [4.5, 2, 3.5, 2.5], "texture": "#0"}
			}
		},
		{
			"name": "right_leg",
			"from": [8, 0, 6],
			"to": [12, 12, 10],
			"rotation": {"angle": 0, "axis": "x", "origin": [11, 12, 8]},
			"faces": {
				"north": {"uv": [10.5, 4.5, 11, 6], "texture": "#0"},
				"east": {"uv": [10, 4.5, 10.5, 6], "texture": "#0"},
				"south": {"uv": [11.5, 4.5, 12, 6], "texture": "#0"},
				"west": {"uv": [11, 4.5, 11.5, 6], "texture": "#0"},
				"up": {"uv": [11, 4.5, 10.5, 4], "texture": "#0"},
				"down": {"uv": [11.5, 4, 11, 4.5], "texture": "#0"}
			}
		},
		{
			"name": "left_leg",
			"from": [4, 0, 6],
			"to": [8, 12, 10],
			"rotation": {"angle": 0, "axis": "x", "origin": [5, 12, 8]},
			"faces": {
				"north": {"uv": [10.5, 6.5, 11, 8], "texture": "#0"},
				"east": {"uv": [10, 6.5, 10.5, 8], "texture": "#0"},
				"south": {"uv": [11.5, 6.5, 12, 8], "texture": "#0"},
				"west": {"uv": [11, 6.5, 11.5, 8], "texture": "#0"},
				"up": {"uv": [11, 6.5, 10.5, 6], "texture": "#0"},
				"down": {"uv": [11.5, 6, 11, 6.5], "texture": "#0"}
			}
		},
		{
			"name": "right_leg",
			"from": [8, 0, 6],
			"to": [12, 12, 10],
			"rotation": {"angle": -22.5, "axis": "x", "origin": [11, 12, 8]},
			"faces": {
				"north": {"uv": [12.5, 4.5, 13, 6], "texture": "#0"},
				"east": {"uv": [12, 4.5, 12.5, 6], "texture": "#0"},
				"south": {"uv": [13.5, 4.5, 14, 6], "texture": "#0"},
				"west": {"uv": [13, 4.5, 13.5, 6], "texture": "#0"},
				"up": {"uv": [13, 4.5, 12.5, 4], "texture": "#0"},
				"down": {"uv": [13.5, 4, 13, 4.5], "texture": "#0"}
			}
		},
		{
			"name": "left_leg",
			"from": [4, 0, 6],
			"to": [8, 12, 10],
			"rotation": {"angle": -22.5, "axis": "x", "origin": [5, 12, 8]},
			"faces": {
				"north": {"uv": [12.5, 6.5, 13, 8], "texture": "#0"},
				"east": {"uv": [12, 6.5, 12.5, 8], "texture": "#0"},
				"south": {"uv": [13.5, 6.5, 14, 8], "texture": "#0"},
				"west": {"uv": [13, 6.5, 13.5, 8], "texture": "#0"},
				"up": {"uv": [13, 6.5, 12.5, 6], "texture": "#0"},
				"down": {"uv": [13.5, 6, 13, 6.5], "texture": "#0"}
			}
		},
		{
			"name": "right_leg",
			"from": [8, 0, 6],
			"to": [12, 12, 10],
			"rotation": {"angle": -45, "axis": "x", "origin": [11, 12, 8]},
			"faces": {
				"north": {"uv": [14.5, 4.5, 15, 6], "texture": "#0"},
				"east": {"uv": [14, 4.5, 14.5, 6], "texture": "#0"},
				"south": {"uv": [15.5, 4.5, 16, 6], "texture": "#0"},
				"west": {"uv": [15, 4.5, 15.5, 6], "texture": "#0"},
				"up": {"uv": [15, 4.5, 14.5, 4], "texture": "#0"},
				"down": {"uv": [15.5, 4, 15, 4.5], "texture": "#0"}
			}
		},
		{
			"name": "left_leg",
			"from": [4, 0, 6],
			"to": [8, 12, 10],
			"rotation": {"angle": -45, "axis": "x", "origin": [5, 12, 8]},
			"faces": {
				"north": {"uv": [14.5, 6.5, 15, 8], "texture": "#0"},
				"east": {"uv": [14, 6.5, 14.5, 8], "texture": "#0"},
				"south": {"uv": [15.5, 6.5, 16, 8], "texture": "#0"},
				"west": {"uv": [15, 6.5, 15.5, 8], "texture": "#0"},
				"up": {"uv": [15, 6.5, 14.5, 6], "texture": "#0"},
				"down": {"uv": [15.5, 6, 15, 6.5], "texture": "#0"}
			}
		},
		{
			"name": "right_leg",
			"from": [8, 0, 6],
			"to": [12, 12, 10],
			"rotation": {"angle": 45, "axis": "x", "origin": [11, 12, 8]},
			"faces": {
				"north": {"uv": [6.5, 4.5, 7, 6], "texture": "#0"},
				"east": {"uv": [6, 4.5, 6.5, 6], "texture": "#0"},
				"south": {"uv": [7.5, 4.5, 8, 6], "texture": "#0"},
				"west": {"uv": [7, 4.5, 7.5, 6], "texture": "#0"},
				"up": {"uv": [7, 4.5, 6.5, 4], "texture": "#0"},
				"down": {"uv": [7.5, 4, 7, 4.5], "texture": "#0"}
			}
		},
		{
			"name": "left_leg",
			"from": [4, 0, 6],
			"to": [8, 12, 10],
			"rotation": {"angle": 45, "axis": "x", "origin": [5, 12, 8]},
			"faces": {
				"north": {"uv": [6.5, 6.5, 7, 8], "texture": "#0"},
				"east": {"uv": [6, 6.5, 6.5, 8], "texture": "#0"},
				"south": {"uv": [7.5, 6.5, 8, 8], "texture": "#0"},
				"west": {"uv": [7, 6.5, 7.5, 8], "texture": "#0"},
				"up": {"uv": [7, 6.5, 6.5, 6], "texture": "#0"},
				"down": {"uv": [7.5, 6, 7, 6.5], "texture": "#0"}
			}
		},
		{
			"name": "right_leg",
			"from": [8, 0, 6],
			"to": [12, 12, 10],
			"rotation": {"angle": 22.5, "axis": "x", "origin": [11, 12, 8]},
			"faces": {
				"north": {"uv": [8.5, 4.5, 9, 6], "texture": "#0"},
				"east": {"uv": [8, 4.5, 8.5, 6], "texture": "#0"},
				"south": {"uv": [9.5, 4.5, 10, 6], "texture": "#0"},
				"west": {"uv": [9, 4.5, 9.5, 6], "texture": "#0"},
				"up": {"uv": [9, 4.5, 8.5, 4], "texture": "#0"},
				"down": {"uv": [9.5, 4, 9, 4.5], "texture": "#0"}
			}
		},
		{
			"name": "left_leg",
			"from": [4, 0, 6],
			"to": [8, 12, 10],
			"rotation": {"angle": 22.5, "axis": "x", "origin": [5, 12, 8]},
			"faces": {
				"north": {"uv": [8.5, 6.5, 9, 8], "texture": "#0"},
				"east": {"uv": [8, 6.5, 8.5, 8], "texture": "#0"},
				"south": {"uv": [9.5, 6.5, 10, 8], "texture": "#0"},
				"west": {"uv": [9, 6.5, 9.5, 8], "texture": "#0"},
				"up": {"uv": [9, 6.5, 8.5, 6], "texture": "#0"},
				"down": {"uv": [9.5, 6, 9, 6.5], "texture": "#0"}
			}
		}
	],
	"display": {
		"thirdperson_righthand": {
			"translation": [0, -5.75, 0]
		},
		"head": {
			"translation": [0, -57, 0],
			"scale": [4, 4, 4]
		}
	},
	"groups": [
		{
			"name": "group",
			"origin": [8, 8, 8],
			"color": 0,
			"children": [
				{
					"name": "body",
					"origin": [0, 24, 0],
					"color": 0,
					"children": [0]
				},
				{
					"name": "group",
					"origin": [-2, 12, 0],
					"color": 0,
					"children": [
						{
							"name": "right_leg",
							"origin": [-2, 12, 0],
							"color": 0,
							"children": [1]
						},
						{
							"name": "left_leg",
							"origin": [2, 12, 0],
							"color": 0,
							"children": [2]
						}
					]
				},
				{
					"name": "group",
					"origin": [-2, 12, 0],
					"color": 0,
					"children": [
						{
							"name": "right_leg",
							"origin": [-2, 12, 0],
							"color": 0,
							"children": [3]
						},
						{
							"name": "left_leg",
							"origin": [2, 12, 0],
							"color": 0,
							"children": [4]
						}
					]
				},
				{
					"name": "group",
					"origin": [-2, 12, 0],
					"color": 0,
					"children": [
						{
							"name": "right_leg",
							"origin": [-2, 12, 0],
							"color": 0,
							"children": [5]
						},
						{
							"name": "left_leg",
							"origin": [2, 12, 0],
							"color": 0,
							"children": [6]
						}
					]
				},
				{
					"name": "group",
					"origin": [-2, 12, 0],
					"color": 0,
					"children": [
						{
							"name": "right_leg",
							"origin": [-2, 12, 0],
							"color": 0,
							"children": [7]
						},
						{
							"name": "left_leg",
							"origin": [2, 12, 0],
							"color": 0,
							"children": [8]
						}
					]
				},
				{
					"name": "group",
					"origin": [-2, 12, 0],
					"color": 0,
					"children": [
						{
							"name": "right_leg",
							"origin": [-2, 12, 0],
							"color": 0,
							"children": [9]
						},
						{
							"name": "left_leg",
							"origin": [2, 12, 0],
							"color": 0,
							"children": [10]
						}
					]
				}
			]
		}
	]
}