{
	"credit": "Made with Blockbench",
	"texture_size": [64, 64],
	"textures": {
		"0": "item/mimik",
		"particle": "item/mimik"
	},
	"elements": [
		{
			"name": "teeth",
			"from": [12, 9, 2],
			"to": [13, 10, 3],
			"rotation": {"angle": 22.5, "axis": "x", "origin": [15, 10, 15]},
			"faces": {
				"north": {"uv": [0.5, 1, 0.75, 1.25], "texture": "#0"},
				"east": {"uv": [0.25, 1, 0.5, 1.25], "texture": "#0"},
				"south": {"uv": [1, 1, 1.25, 1.25], "texture": "#0"},
				"west": {"uv": [0.75, 1, 1, 1.25], "texture": "#0"},
				"up": {"uv": [0.75, 1, 0.5, 0.75], "texture": "#0"},
				"down": {"uv": [1, 0.75, 0.75, 1], "texture": "#0"}
			}
		},
		{
			"name": "teeth",
			"from": [10, 9, 2],
			"to": [11, 10, 3],
			"rotation": {"angle": 22.5, "axis": "x", "origin": [15, 10, 15]},
			"faces": {
				"north": {"uv": [0.5, 1, 0.75, 1.25], "texture": "#0"},
				"east": {"uv": [0.25, 1, 0.5, 1.25], "texture": "#0"},
				"south": {"uv": [1, 1, 1.25, 1.25], "texture": "#0"},
				"west": {"uv": [0.75, 1, 1, 1.25], "texture": "#0"},
				"up": {"uv": [0.75, 1, 0.5, 0.75], "texture": "#0"},
				"down": {"uv": [1, 0.75, 0.75, 1], "texture": "#0"}
			}
		},
		{
			"name": "teeth",
			"from": [8, 9, 2],
			"to": [9, 10, 3],
			"rotation": {"angle": 22.5, "axis": "x", "origin": [15, 10, 15]},
			"faces": {
				"north": {"uv": [0.5, 1, 0.75, 1.25], "texture": "#0"},
				"east": {"uv": [0.25, 1, 0.5, 1.25], "texture": "#0"},
				"south": {"uv": [1, 1, 1.25, 1.25], "texture": "#0"},
				"west": {"uv": [0.75, 1, 1, 1.25], "texture": "#0"},
				"up": {"uv": [0.75, 1, 0.5, 0.75], "texture": "#0"},
				"down": {"uv": [1, 0.75, 0.75, 1], "texture": "#0"}
			}
		},
		{
			"name": "teeth",
			"from": [7, 9, 2],
			"to": [8, 10, 3],
			"rotation": {"angle": 22.5, "axis": "x", "origin": [15, 10, 15]},
			"faces": {
				"north": {"uv": [0.5, 1, 0.75, 1.25], "texture": "#0"},
				"east": {"uv": [0.25, 1, 0.5, 1.25], "texture": "#0"},
				"south": {"uv": [1, 1, 1.25, 1.25], "texture": "#0"},
				"west": {"uv": [0.75, 1, 1, 1.25], "texture": "#0"},
				"up": {"uv": [0.75, 1, 0.5, 0.75], "texture": "#0"},
				"down": {"uv": [1, 0.75, 0.75, 1], "texture": "#0"}
			}
		},
		{
			"name": "teeth",
			"from": [5, 9, 2],
			"to": [6, 10, 3],
			"rotation": {"angle": 22.5, "axis": "x", "origin": [15, 10, 15]},
			"faces": {
				"north": {"uv": [0.5, 1, 0.75, 1.25], "texture": "#0"},
				"east": {"uv": [0.25, 1, 0.5, 1.25], "texture": "#0"},
				"south": {"uv": [1, 1, 1.25, 1.25], "texture": "#0"},
				"west": {"uv": [0.75, 1, 1, 1.25], "texture": "#0"},
				"up": {"uv": [0.75, 1, 0.5, 0.75], "texture": "#0"},
				"down": {"uv": [1, 0.75, 0.75, 1], "texture": "#0"}
			}
		},
		{
			"name": "teeth",
			"from": [3, 9, 2],
			"to": [4, 10, 3],
			"rotation": {"angle": 22.5, "axis": "x", "origin": [15, 10, 15]},
			"faces": {
				"north": {"uv": [0.5, 1, 0.75, 1.25], "texture": "#0"},
				"east": {"uv": [0.25, 1, 0.5, 1.25], "texture": "#0"},
				"south": {"uv": [1, 1, 1.25, 1.25], "texture": "#0"},
				"west": {"uv": [0.75, 1, 1, 1.25], "texture": "#0"},
				"up": {"uv": [0.75, 1, 0.5, 0.75], "texture": "#0"},
				"down": {"uv": [1, 0.75, 0.75, 1], "texture": "#0"}
			}
		},
		{
			"name": "teeth",
			"from": [2, 9, 4],
			"to": [3, 10, 5],
			"rotation": {"angle": 22.5, "axis": "x", "origin": [15, 10, 15]},
			"faces": {
				"north": {"uv": [0.5, 1, 0.75, 1.25], "texture": "#0"},
				"east": {"uv": [0.25, 1, 0.5, 1.25], "texture": "#0"},
				"south": {"uv": [1, 1, 1.25, 1.25], "texture": "#0"},
				"west": {"uv": [0.75, 1, 1, 1.25], "texture": "#0"},
				"up": {"uv": [0.75, 1, 0.5, 0.75], "texture": "#0"},
				"down": {"uv": [1, 0.75, 0.75, 1], "texture": "#0"}
			}
		},
		{
			"name": "teeth",
			"from": [13, 9, 4],
			"to": [14, 10, 5],
			"rotation": {"angle": 22.5, "axis": "x", "origin": [15, 10, 15]},
			"faces": {
				"north": {"uv": [0.5, 1, 0.75, 1.25], "texture": "#0"},
				"east": {"uv": [0.25, 1, 0.5, 1.25], "texture": "#0"},
				"south": {"uv": [1, 1, 1.25, 1.25], "texture": "#0"},
				"west": {"uv": [0.75, 1, 1, 1.25], "texture": "#0"},
				"up": {"uv": [0.75, 1, 0.5, 0.75], "texture": "#0"},
				"down": {"uv": [1, 0.75, 0.75, 1], "texture": "#0"}
			}
		},
		{
			"name": "teeth",
			"from": [2, 9, 6],
			"to": [3, 10, 7],
			"rotation": {"angle": 22.5, "axis": "x", "origin": [15, 10, 15]},
			"faces": {
				"north": {"uv": [0.5, 1, 0.75, 1.25], "texture": "#0"},
				"east": {"uv": [0.25, 1, 0.5, 1.25], "texture": "#0"},
				"south": {"uv": [1, 1, 1.25, 1.25], "texture": "#0"},
				"west": {"uv": [0.75, 1, 1, 1.25], "texture": "#0"},
				"up": {"uv": [0.75, 1, 0.5, 0.75], "texture": "#0"},
				"down": {"uv": [1, 0.75, 0.75, 1], "texture": "#0"}
			}
		},
		{
			"name": "teeth",
			"from": [13, 9, 6],
			"to": [14, 10, 7],
			"rotation": {"angle": 22.5, "axis": "x", "origin": [15, 10, 15]},
			"faces": {
				"north": {"uv": [0.5, 1, 0.75, 1.25], "texture": "#0"},
				"east": {"uv": [0.25, 1, 0.5, 1.25], "texture": "#0"},
				"south": {"uv": [1, 1, 1.25, 1.25], "texture": "#0"},
				"west": {"uv": [0.75, 1, 1, 1.25], "texture": "#0"},
				"up": {"uv": [0.75, 1, 0.5, 0.75], "texture": "#0"},
				"down": {"uv": [1, 0.75, 0.75, 1], "texture": "#0"}
			}
		},
		{
			"name": "lid",
			"from": [1, 10, 1],
			"to": [15, 15, 15],
			"rotation": {"angle": 22.5, "axis": "x", "origin": [15, 10, 15]},
			"faces": {
				"north": {"uv": [3.5, 3.5, 7, 4.75], "texture": "#0"},
				"east": {"uv": [0, 3.5, 3.5, 4.75], "texture": "#0"},
				"south": {"uv": [10.5, 3.5, 14, 4.75], "texture": "#0"},
				"west": {"uv": [7, 3.5, 10.5, 4.75], "texture": "#0"},
				"up": {"uv": [10.5, 3.5, 7, 0], "texture": "#0"},
				"down": {"uv": [7, 0, 3.5, 3.5], "texture": "#0"}
			}
		},
		{
			"name": "knob",
			"from": [7, 8, 0],
			"to": [9, 12, 1],
			"rotation": {"angle": 22.5, "axis": "x", "origin": [15, 10, 15]},
			"faces": {
				"north": {"uv": [0.25, 0.25, 0.75, 1.25], "texture": "#0"},
				"east": {"uv": [0, 0.25, 0.25, 1.25], "texture": "#0"},
				"south": {"uv": [1, 0.25, 1.5, 1.25], "texture": "#0"},
				"west": {"uv": [0.75, 0.25, 1, 1.25], "texture": "#0"},
				"up": {"uv": [0.75, 0.25, 0.25, 0], "texture": "#0"},
				"down": {"uv": [1.25, 0, 0.75, 0.25], "texture": "#0"}
			}
		},
		{
			"name": "teeth",
			"from": [13, 10, 3],
			"to": [14, 11, 4],
			"rotation": {"angle": 0, "axis": "y", "origin": [15, 10, 15]},
			"faces": {
				"north": {"uv": [0.5, 1, 0.75, 1.25], "texture": "#0"},
				"east": {"uv": [0.25, 1, 0.5, 1.25], "texture": "#0"},
				"south": {"uv": [1, 1, 1.25, 1.25], "texture": "#0"},
				"west": {"uv": [0.75, 1, 1, 1.25], "texture": "#0"},
				"up": {"uv": [0.75, 1, 0.5, 0.75], "texture": "#0"},
				"down": {"uv": [1, 0.75, 0.75, 1], "texture": "#0"}
			}
		},
		{
			"name": "teeth",
			"from": [11, 10, 2],
			"to": [12, 11, 3],
			"rotation": {"angle": 0, "axis": "y", "origin": [15, 10, 15]},
			"faces": {
				"north": {"uv": [0.5, 1, 0.75, 1.25], "texture": "#0"},
				"east": {"uv": [0.25, 1, 0.5, 1.25], "texture": "#0"},
				"south": {"uv": [1, 1, 1.25, 1.25], "texture": "#0"},
				"west": {"uv": [0.75, 1, 1, 1.25], "texture": "#0"},
				"up": {"uv": [0.75, 1, 0.5, 0.75], "texture": "#0"},
				"down": {"uv": [1, 0.75, 0.75, 1], "texture": "#0"}
			}
		},
		{
			"name": "teeth",
			"from": [9, 10, 2],
			"to": [10, 11, 3],
			"rotation": {"angle": 0, "axis": "y", "origin": [15, 10, 15]},
			"faces": {
				"north": {"uv": [0.5, 1, 0.75, 1.25], "texture": "#0"},
				"east": {"uv": [0.25, 1, 0.5, 1.25], "texture": "#0"},
				"south": {"uv": [1, 1, 1.25, 1.25], "texture": "#0"},
				"west": {"uv": [0.75, 1, 1, 1.25], "texture": "#0"},
				"up": {"uv": [0.75, 1, 0.5, 0.75], "texture": "#0"},
				"down": {"uv": [1, 0.75, 0.75, 1], "texture": "#0"}
			}
		},
		{
			"name": "teeth",
			"from": [6, 10, 2],
			"to": [7, 11, 3],
			"rotation": {"angle": 0, "axis": "y", "origin": [15, 10, 15]},
			"faces": {
				"north": {"uv": [0.5, 1, 0.75, 1.25], "texture": "#0"},
				"east": {"uv": [0.25, 1, 0.5, 1.25], "texture": "#0"},
				"south": {"uv": [1, 1, 1.25, 1.25], "texture": "#0"},
				"west": {"uv": [0.75, 1, 1, 1.25], "texture": "#0"},
				"up": {"uv": [0.75, 1, 0.5, 0.75], "texture": "#0"},
				"down": {"uv": [1, 0.75, 0.75, 1], "texture": "#0"}
			}
		},
		{
			"name": "teeth",
			"from": [4, 10, 2],
			"to": [5, 11, 3],
			"rotation": {"angle": 0, "axis": "y", "origin": [15, 10, 15]},
			"faces": {
				"north": {"uv": [0.5, 1, 0.75, 1.25], "texture": "#0"},
				"east": {"uv": [0.25, 1, 0.5, 1.25], "texture": "#0"},
				"south": {"uv": [1, 1, 1.25, 1.25], "texture": "#0"},
				"west": {"uv": [0.75, 1, 1, 1.25], "texture": "#0"},
				"up": {"uv": [0.75, 1, 0.5, 0.75], "texture": "#0"},
				"down": {"uv": [1, 0.75, 0.75, 1], "texture": "#0"}
			}
		},
		{
			"name": "teeth",
			"from": [2, 10, 3],
			"to": [3, 11, 4],
			"rotation": {"angle": 0, "axis": "y", "origin": [15, 10, 15]},
			"faces": {
				"north": {"uv": [0.5, 1, 0.75, 1.25], "texture": "#0"},
				"east": {"uv": [0.25, 1, 0.5, 1.25], "texture": "#0"},
				"south": {"uv": [1, 1, 1.25, 1.25], "texture": "#0"},
				"west": {"uv": [0.75, 1, 1, 1.25], "texture": "#0"},
				"up": {"uv": [0.75, 1, 0.5, 0.75], "texture": "#0"},
				"down": {"uv": [1, 0.75, 0.75, 1], "texture": "#0"}
			}
		},
		{
			"name": "teeth",
			"from": [2, 10, 5],
			"to": [3, 11, 6],
			"rotation": {"angle": 0, "axis": "y", "origin": [15, 10, 15]},
			"faces": {
				"north": {"uv": [0.5, 1, 0.75, 1.25], "texture": "#0"},
				"east": {"uv": [0.25, 1, 0.5, 1.25], "texture": "#0"},
				"south": {"uv": [1, 1, 1.25, 1.25], "texture": "#0"},
				"west": {"uv": [0.75, 1, 1, 1.25], "texture": "#0"},
				"up": {"uv": [0.75, 1, 0.5, 0.75], "texture": "#0"},
				"down": {"uv": [1, 0.75, 0.75, 1], "texture": "#0"}
			}
		},
		{
			"name": "teeth",
			"from": [13, 10, 5],
			"to": [14, 11, 6],
			"rotation": {"angle": 0, "axis": "y", "origin": [15, 10, 15]},
			"faces": {
				"north": {"uv": [0.5, 1, 0.75, 1.25], "texture": "#0"},
				"east": {"uv": [0.25, 1, 0.5, 1.25], "texture": "#0"},
				"south": {"uv": [1, 1, 1.25, 1.25], "texture": "#0"},
				"west": {"uv": [0.75, 1, 1, 1.25], "texture": "#0"},
				"up": {"uv": [0.75, 1, 0.5, 0.75], "texture": "#0"},
				"down": {"uv": [1, 0.75, 0.75, 1], "texture": "#0"}
			}
		},
		{
			"name": "teeth",
			"from": [2, 10, 7],
			"to": [3, 11, 8],
			"rotation": {"angle": 0, "axis": "y", "origin": [15, 10, 15]},
			"faces": {
				"north": {"uv": [0.5, 1, 0.75, 1.25], "texture": "#0"},
				"east": {"uv": [0.25, 1, 0.5, 1.25], "texture": "#0"},
				"south": {"uv": [1, 1, 1.25, 1.25], "texture": "#0"},
				"west": {"uv": [0.75, 1, 1, 1.25], "texture": "#0"},
				"up": {"uv": [0.75, 1, 0.5, 0.75], "texture": "#0"},
				"down": {"uv": [1, 0.75, 0.75, 1], "texture": "#0"}
			}
		},
		{
			"name": "teeth",
			"from": [13, 10, 7],
			"to": [14, 11, 8],
			"rotation": {"angle": 0, "axis": "y", "origin": [15, 10, 15]},
			"faces": {
				"north": {"uv": [0.5, 1, 0.75, 1.25], "texture": "#0"},
				"east": {"uv": [0.25, 1, 0.5, 1.25], "texture": "#0"},
				"south": {"uv": [1, 1, 1.25, 1.25], "texture": "#0"},
				"west": {"uv": [0.75, 1, 1, 1.25], "texture": "#0"},
				"up": {"uv": [0.75, 1, 0.5, 0.75], "texture": "#0"},
				"down": {"uv": [1, 0.75, 0.75, 1], "texture": "#0"}
			}
		},
		{
			"name": "teeth",
			"from": [2, 10, 3],
			"to": [3, 11, 4],
			"rotation": {"angle": 0, "axis": "y", "origin": [15, 10, 15]},
			"faces": {
				"north": {"uv": [0.5, 1, 0.75, 1.25], "texture": "#0"},
				"east": {"uv": [0.25, 1, 0.5, 1.25], "texture": "#0"},
				"south": {"uv": [1, 1, 1.25, 1.25], "texture": "#0"},
				"west": {"uv": [0.75, 1, 1, 1.25], "texture": "#0"},
				"up": {"uv": [0.75, 1, 0.5, 0.75], "texture": "#0"},
				"down": {"uv": [1, 0.75, 0.75, 1], "texture": "#0"}
			}
		},
		{
			"name": "base",
			"from": [1, 0, 1],
			"to": [15, 10, 15],
			"faces": {
				"north": {"uv": [3.5, 8.25, 7, 10.75], "texture": "#0"},
				"east": {"uv": [0, 8.25, 3.5, 10.75], "texture": "#0"},
				"south": {"uv": [10.5, 8.25, 14, 10.75], "texture": "#0"},
				"west": {"uv": [7, 8.25, 10.5, 10.75], "texture": "#0"},
				"up": {"uv": [10.5, 8.25, 7, 4.75], "texture": "#0"},
				"down": {"uv": [7, 4.75, 3.5, 8.25], "texture": "#0"}
			}
		},
		{
			"name": "tongue",
			"from": [7, 8, 4],
			"to": [9, 9, 5],
			"rotation": {"angle": 22.5, "axis": "x", "origin": [15, 10, 15]},
			"faces": {
				"north": {"uv": [12, 7, 12.5, 7.25], "texture": "#0"},
				"east": {"uv": [12, 7, 12.25, 7.25], "texture": "#0"},
				"south": {"uv": [12, 7, 12.5, 7.25], "texture": "#0"},
				"west": {"uv": [12.25, 7, 12.5, 7.25], "texture": "#0"},
				"up": {"uv": [12.5, 7.25, 12, 7], "texture": "#0"},
				"down": {"uv": [12.5, 7, 12, 7.25], "texture": "#0"}
			}
		},
		{
			"name": "tongue",
			"from": [6, 8, 5],
			"to": [10, 9, 9],
			"rotation": {"angle": 22.5, "axis": "x", "origin": [15, 10, 15]},
			"faces": {
				"north": {"uv": [12, 6, 11.75, 7], "rotation": 270, "texture": "#0"},
				"east": {"uv": [11.75, 6, 12, 7], "rotation": 270, "texture": "#0"},
				"south": {"uv": [11.75, 6, 12, 7], "rotation": 270, "texture": "#0"},
				"west": {"uv": [11.75, 6, 12, 7], "rotation": 270, "texture": "#0"},
				"up": {"uv": [12.75, 7, 11.75, 6], "texture": "#0"},
				"down": {"uv": [12.75, 6, 11.75, 7], "texture": "#0"}
			}
		},
		{
			"name": "tongue",
			"from": [5, 8, 9],
			"to": [11, 9, 13],
			"rotation": {"angle": 22.5, "axis": "x", "origin": [15, 10, 15]},
			"faces": {
				"north": {"uv": [11.5, 5, 11.75, 6], "rotation": 270, "texture": "#0"},
				"east": {"uv": [11.5, 5, 11.75, 6], "rotation": 270, "texture": "#0"},
				"south": {"uv": [11.5, 5, 11.75, 6], "rotation": 270, "texture": "#0"},
				"west": {"uv": [11.5, 5, 11.75, 6], "rotation": 270, "texture": "#0"},
				"up": {"uv": [13, 6, 11.5, 5], "texture": "#0"},
				"down": {"uv": [13, 5, 11.5, 6], "texture": "#0"}
			}
		}
	],
	"display": {
		"head": {
			"translation": [0, -51, 0],
			"scale": [1.61, 1.61, 1.61]
		}
	},
	"groups": [
		{
			"name": "lid",
			"origin": [-7, 9, 7],
			"color": 0,
			"children": [
				{
					"name": "teeth",
					"origin": [15, 10, 15],
					"color": 0,
					"children": [0, 1, 2, 3, 4, 5, 6, 7, 8, 9]
				},
				10,
				11
			]
		},
		{
			"name": "base",
			"origin": [-7, 10, -7],
			"color": 0,
			"children": [
				{
					"name": "teeth",
					"origin": [15, 10, 15],
					"color": 0,
					"children": [12, 13, 14, 15, 16, 17, 18, 19, 20, 21, 22]
				},
				23,
				{
					"name": "tongue",
					"origin": [-7, 9, 7],
					"color": 0,
					"children": [24, 25, 26]
				}
			]
		}
	]
}