{
	"credit": "Made with Blockbench",
	"parent": "stick",
	"texture_size": [64, 32],
	"textures": {
		"0": "item/lectern_book",
		"particle": "item/lectern_book"
	},
	"elements": [
		{
			"name": "book",
			"from": [7, 0, 7],
			"to": [9, 10, 7],
			"faces": {
				"north": {"uv": [3.5, 0, 4, 5], "texture": "#0"},
				"east": {"uv": [3.5, 0, 3.5, 5], "texture": "#0"},
				"south": {"uv": [4, 0, 4.5, 5], "texture": "#0"},
				"west": {"uv": [4, 0, 4, 5], "texture": "#0"},
				"up": {"uv": [4, 0, 3.5, 0], "texture": "#0"},
				"down": {"uv": [4.5, 0, 4, 0], "texture": "#0"}
			}
		},
		{
			"name": "cover_left2",
			"from": [1.5, 0, 6.8],
			"to": [7.5, 10, 6.8],
			"rotation": {"angle": 22.5, "axis": "y", "origin": [7.75, 5, 8.05]},
			"faces": {
				"north": {"uv": [4, 0, 5.5, 5], "texture": "#0"},
				"east": {"uv": [4, 0, 4, 5], "texture": "#0"},
				"south": {"uv": [5.5, 0, 7, 5], "texture": "#0"},
				"west": {"uv": [5.5, 0, 5.5, 5], "texture": "#0"},
				"up": {"uv": [5.5, 0, 4, 0], "texture": "#0"},
				"down": {"uv": [7, 0, 5.5, 0], "texture": "#0"}
			}
		},
		{
			"name": "cover_right2",
			"from": [8.5, 0, 6.8],
			"to": [14.5, 10, 6.8],
			"rotation": {"angle": -22.5, "axis": "y", "origin": [8.25, 5, 8.05]},
			"faces": {
				"north": {"uv": [0, 0, 1.5, 5], "texture": "#0"},
				"east": {"uv": [0, 0, 0, 5], "texture": "#0"},
				"south": {"uv": [1.5, 0, 3, 5], "texture": "#0"},
				"west": {"uv": [1.5, 0, 1.5, 5], "texture": "#0"},
				"up": {"uv": [1.5, 0, 0, 0], "texture": "#0"},
				"down": {"uv": [3, 0, 1.5, 0], "texture": "#0"}
			}
		},
		{
			"name": "pages_left2",
			"from": [3, 1, 7.1],
			"to": [8, 9, 8.1],
			"rotation": {"angle": 22.5, "axis": "y", "origin": [7.75, 5, 8.05]},
			"faces": {
				"north": {"uv": [3.25, 5.5, 4.5, 9.5], "texture": "#0"},
				"east": {"uv": [3, 5.5, 3.25, 9.5], "texture": "#0"},
				"south": {"uv": [4.75, 5.5, 6, 9.5], "texture": "#0"},
				"west": {"uv": [4.5, 5.5, 4.75, 9.5], "texture": "#0"},
				"up": {"uv": [4.5, 5.5, 3.25, 5], "texture": "#0"},
				"down": {"uv": [5.75, 5, 4.5, 5.5], "texture": "#0"}
			}
		},
		{
			"name": "rotation2",
			"from": [8, 1, 7.1],
			"to": [13, 9, 8.1],
			"rotation": {"angle": -22.5, "axis": "y", "origin": [8.25, 5, 8.05]},
			"faces": {
				"north": {"uv": [0.25, 5.5, 1.5, 9.5], "texture": "#0"},
				"east": {"uv": [0, 5.5, 0.25, 9.5], "texture": "#0"},
				"south": {"uv": [1.75, 5.5, 3, 9.5], "texture": "#0"},
				"west": {"uv": [1.5, 5.5, 1.75, 9.5], "texture": "#0"},
				"up": {"uv": [1.5, 5.5, 0.25, 5], "texture": "#0"},
				"down": {"uv": [2.75, 5, 1.5, 5.5], "texture": "#0"}
			}
		},
		{
			"name": "flipping_page_left2",
			"from": [3, 1, 8.2],
			"to": [8, 9, 8.2],
			"rotation": {"angle": 22.5, "axis": "y", "origin": [7.75, 5, 8.05]},
			"faces": {
				"north": {"uv": [6, 5, 7.25, 9], "texture": "#0"},
				"east": {"uv": [6, 5, 6, 9], "texture": "#0"},
				"south": {"uv": [7.25, 5, 8.5, 9], "texture": "#0"},
				"west": {"uv": [7.25, 5, 7.25, 9], "texture": "#0"},
				"up": {"uv": [7.25, 5, 6, 5], "texture": "#0"},
				"down": {"uv": [8.5, 5, 7.25, 5], "texture": "#0"}
			}
		},
		{
			"name": "rotation",
			"from": [8, 1, 8.2],
			"to": [13, 9, 8.2],
			"rotation": {"angle": -22.5, "axis": "y", "origin": [8.25, 5, 8.05]},
			"faces": {
				"north": {"uv": [6, 5, 7.25, 9], "texture": "#0"},
				"east": {"uv": [6, 5, 6, 9], "texture": "#0"},
				"south": {"uv": [7.25, 5, 8.5, 9], "texture": "#0"},
				"west": {"uv": [7.25, 5, 7.25, 9], "texture": "#0"},
				"up": {"uv": [7.25, 5, 6, 5], "texture": "#0"},
				"down": {"uv": [8.5, 5, 7.25, 5], "texture": "#0"}
			}
		}
	],
	"display": {
		"thirdperson_righthand": {
			"translation": [0, 6.75, 0]
		},
		"thirdperson_lefthand": {
			"translation": [0, 6.75, 0]
		},
		"firstperson_righthand": {
			"rotation": [-19, -29, 0],
			"translation": [-2, 6, 0]
		},
		"firstperson_lefthand": {
			"rotation": [-19, -29, 0],
			"translation": [-2, 6, 0]
		},
		"ground": {
			"rotation": [-90, 0, 0],
			"translation": [0, -2.75, -2.75]
		},
		"gui": {
			"rotation": [-15, 0, 0],
			"translation": [0, 3.75, 0],
			"scale": [1.24, 1.24, 1.24]
		},
		"head": {
			"rotation": [90, 0, 0],
			"translation": [0, 9.25, 5],
			"scale": [1.61, 1.61, 1.61]
		},
		"fixed": {
			"rotation": [-180, 0, 0],
			"translation": [-0.75, -6.75, -1.75],
			"scale": [2, 2, 2]
		}
	},
	"groups": [
		{
			"name": "book_spine",
			"origin": [0, 5, 0],
			"color": 0,
			"nbt": "{}",
			"armAnimationEnabled": false,
			"children": [
				{
					"name": "book",
					"origin": [0, 5, 0],
					"color": 0,
					"nbt": "{}",
					"armAnimationEnabled": false,
					"children": [
						0,
						{
							"name": "cover_left2",
							"origin": [-1, 5, 0],
							"color": 0,
							"nbt": "{}",
							"armAnimationEnabled": false,
							"children": [1]
						},
						{
							"name": "cover_right2",
							"origin": [1, 5, 0],
							"color": 0,
							"nbt": "{}",
							"armAnimationEnabled": false,
							"children": [2]
						},
						{
							"name": "pages_left2",
							"origin": [0, 5, 0.9],
							"color": 0,
							"nbt": "{}",
							"armAnimationEnabled": false,
							"children": [3]
						},
						{
							"name": "pages_right2",
							"origin": [0, 5, 0.9],
							"color": 0,
							"nbt": "{}",
							"armAnimationEnabled": false,
							"children": [
								{
									"name": "rotation2",
									"origin": [2.5, 5, 0.5],
									"color": 0,
									"nbt": "{}",
									"armAnimationEnabled": false,
									"children": [4]
								}
							]
						},
						{
							"name": "flipping_page_left2",
							"origin": [0, 5, 0.9],
							"color": 0,
							"nbt": "{}",
							"armAnimationEnabled": false,
							"children": [5]
						},
						{
							"name": "flipping_page_right2",
							"origin": [0, 5, 0.9],
							"color": 0,
							"nbt": "{}",
							"armAnimationEnabled": false,
							"children": [
								{
									"name": "rotation",
									"origin": [2.5, 5, 1],
									"color": 0,
									"nbt": "{}",
									"armAnimationEnabled": false,
									"children": [6]
								}
							]
						}
					]
				}
			]
		}
	]
}