{
	"credit": "Made with Blockbench",
	"parent": "item/blast_furnace/cast/blank_cast",
	"textures": {
		"layer0": "item/raw_clay_cast/shovel_head_blank"
	},
	"display": {
		"thirdperson_righthand": {
			"rotation": [26, 0, 0],
			"scale": [0.26, 0.26, 0.26]
		},
		"thirdperson_lefthand": {
			"rotation": [14, 0, 0],
			"scale": [0.25, 0.25, 0.25]
		},
		"firstperson_righthand": {
			"rotation": [-24, -39, 0],
			"translation": [0, 1, 0],
			"scale": [0.29, 0.29, 0.29]
		},
		"firstperson_lefthand": {
			"rotation": [-40, -22, 0],
			"scale": [0.28, 0.28, 0.28]
		},
		"ground": {
			"rotation": [-90, 0, 0],
			"scale": [0.34, 0.34, 0.34]
		},
		"gui": {
			"scale": [0.98, 0.98, 0.98]
		},
		"head": {
			"translation": [0, 0, -6.75]
		},
		"fixed": {
			"translation": [0, 0, 0.7],
			"scale": [1.77, 1.77, 1.77]
		}
	}
}