{
	"credit": "Made with Blockbench",
	"texture_size": [48, 32],
	"textures": {
		"0": "item/mobs/fox_d2"
	},
	"elements": [
		{
			"name": "head",
			"from": [-4, 4.5, -8],
			"to": [4, 10.5, -2],
			"faces": {
				"north": {"uv": [2.33333, 5.5, 5, 8.5], "texture": "#0"},
				"east": {"uv": [0.33333, 5.5, 2.33333, 8.5], "texture": "#0"},
				"south": {"uv": [7, 5.5, 9.66667, 8.5], "texture": "#0"},
				"west": {"uv": [5, 5.5, 7, 8.5], "texture": "#0"},
				"up": {"uv": [5, 5.5, 2.33333, 2.5], "texture": "#0"},
				"down": {"uv": [7.66667, 2.5, 5, 5.5], "texture": "#0"}
			}
		},
		{
			"name": "head",
			"from": [-4, 10.5, -7],
			"to": [-2, 12.5, -6],
			"faces": {
				"north": {"uv": [5.33333, 1, 6, 2], "texture": "#0"},
				"east": {"uv": [5, 1, 5.33333, 2], "texture": "#0"},
				"south": {"uv": [6.33333, 1, 7, 2], "texture": "#0"},
				"west": {"uv": [6, 1, 6.33333, 2], "texture": "#0"},
				"up": {"uv": [6, 1, 5.33333, 0.5], "texture": "#0"},
				"down": {"uv": [6.66667, 0.5, 6, 1], "texture": "#0"}
			}
		},
		{
			"name": "head",
			"from": [2, 10.5, -7],
			"to": [4, 12.5, -6],
			"faces": {
				"north": {"uv": [3, 1, 3.66667, 2], "texture": "#0"},
				"east": {"uv": [2.66667, 1, 3, 2], "texture": "#0"},
				"south": {"uv": [4, 1, 4.66667, 2], "texture": "#0"},
				"west": {"uv": [3.66667, 1, 4, 2], "texture": "#0"},
				"up": {"uv": [3.66667, 1, 3, 0.5], "texture": "#0"},
				"down": {"uv": [4.33333, 0.5, 3.66667, 1], "texture": "#0"}
			}
		},
		{
			"name": "head",
			"from": [-2, 4.5, -11],
			"to": [2, 6.5, -8],
			"faces": {
				"north": {"uv": [3, 10.5, 4.33333, 11.5], "texture": "#0"},
				"east": {"uv": [2, 10.5, 3, 11.5], "texture": "#0"},
				"south": {"uv": [5.33333, 10.5, 6.66667, 11.5], "texture": "#0"},
				"west": {"uv": [4.33333, 10.5, 5.33333, 11.5], "texture": "#0"},
				"up": {"uv": [4.33333, 10.5, 3, 9], "texture": "#0"},
				"down": {"uv": [5.66667, 9, 4.33333, 10.5], "texture": "#0"}
			}
		},
		{
			"name": "body_rotation",
			"from": [-3, 4.4, -2.1],
			"to": [3, 10.4, 8.9],
			"faces": {
				"north": {"uv": [12, 10.5, 10, 7.5], "rotation": 180, "texture": "#0"},
				"east": {"uv": [8, 10.5, 10, 16], "rotation": 90, "texture": "#0"},
				"south": {"uv": [14, 7.5, 12, 10.5], "texture": "#0"},
				"west": {"uv": [12, 10.5, 14, 16], "rotation": 270, "texture": "#0"},
				"up": {"uv": [14, 10.5, 16, 16], "texture": "#0"},
				"down": {"uv": [10, 10.5, 12, 16], "rotation": 180, "texture": "#0"}
			}
		},
		{
			"name": "leg1",
			"from": [0, 6.001, 6],
			"to": [6, 8.001, 8],
			"rotation": {"angle": -22.5, "axis": "z", "origin": [0, 0, 0]},
			"faces": {
				"north": {"uv": [5, 13, 5.66667, 16], "rotation": 90, "texture": "#0"},
				"east": {"uv": [6.33333, 12, 5.66667, 13], "rotation": 270, "texture": "#0"},
				"south": {"uv": [6.33333, 13, 7, 16], "rotation": 270, "texture": "#0"},
				"west": {"uv": [5.66667, 13, 5, 12], "rotation": 270, "texture": "#0"},
				"up": {"uv": [4.33333, 13, 5, 16], "rotation": 270, "texture": "#0"},
				"down": {"uv": [5.66667, 13, 6.33333, 16], "rotation": 270, "texture": "#0"}
			}
		},
		{
			"name": "leg2",
			"from": [-6, 6.001, 6],
			"to": [0, 8.001, 8],
			"rotation": {"angle": 22.5, "axis": "z", "origin": [0, 0, 0]},
			"faces": {
				"north": {"uv": [2, 13, 2.66667, 16], "rotation": 270, "texture": "#0"},
				"east": {"uv": [2.66667, 13, 2, 12], "rotation": 90, "texture": "#0"},
				"south": {"uv": [3.33333, 13, 4, 16], "rotation": 90, "texture": "#0"},
				"west": {"uv": [3.33333, 12, 2.66667, 13], "rotation": 90, "texture": "#0"},
				"up": {"uv": [2.66667, 13, 3.33333, 16], "rotation": 90, "texture": "#0"},
				"down": {"uv": [1.33333, 13, 2, 16], "rotation": 90, "texture": "#0"}
			}
		},
		{
			"name": "leg3",
			"from": [0, 6.001, -1],
			"to": [6, 8.001, 1],
			"rotation": {"angle": -22.5, "axis": "z", "origin": [0, 0, 0]},
			"faces": {
				"north": {"uv": [5, 13, 5.66667, 16], "rotation": 90, "texture": "#0"},
				"east": {"uv": [6.33333, 12, 5.66667, 13], "rotation": 270, "texture": "#0"},
				"south": {"uv": [6.33333, 13, 7, 16], "rotation": 270, "texture": "#0"},
				"west": {"uv": [5.66667, 13, 5, 12], "rotation": 270, "texture": "#0"},
				"up": {"uv": [4.33333, 13, 5, 16], "rotation": 270, "texture": "#0"},
				"down": {"uv": [5.66667, 13, 6.33333, 16], "rotation": 270, "texture": "#0"}
			}
		},
		{
			"name": "tail_rotation",
			"from": [-2, 4.5, 8.9],
			"to": [2, 9.5, 17.9],
			"faces": {
				"north": {"uv": [13, 2.5, 11.66667, 0], "rotation": 180, "texture": "#0"},
				"east": {"uv": [10, 2.5, 11.66667, 7], "rotation": 90, "texture": "#0"},
				"south": {"uv": [14.33333, 0, 13, 2.5], "texture": "#0"},
				"west": {"uv": [13, 2.5, 14.66667, 7], "rotation": 270, "texture": "#0"},
				"up": {"uv": [14.66667, 2.5, 16, 7], "texture": "#0"},
				"down": {"uv": [11.66667, 2.5, 13, 7], "rotation": 180, "texture": "#0"}
			}
		},
		{
			"name": "leg4",
			"from": [-6, 6.001, -1],
			"to": [0, 8.001, 1],
			"rotation": {"angle": 22.5, "axis": "z", "origin": [0, 0, 0]},
			"faces": {
				"north": {"uv": [2, 13, 2.66667, 16], "rotation": 270, "texture": "#0"},
				"east": {"uv": [2.66667, 13, 2, 12], "rotation": 90, "texture": "#0"},
				"south": {"uv": [3.33333, 13, 4, 16], "rotation": 90, "texture": "#0"},
				"west": {"uv": [3.33333, 12, 2.66667, 13], "rotation": 90, "texture": "#0"},
				"up": {"uv": [2.66667, 13, 3.33333, 16], "rotation": 90, "texture": "#0"},
				"down": {"uv": [1.33333, 13, 2, 16], "rotation": 90, "texture": "#0"}
			}
		}
	],
	"display": {
		"head": {
			"translation": [13.25, -36.5, 7.25],
			"scale": [1.61, 1.61, 1.61]
		}
	},
	"groups": [
		{
			"name": "group",
			"origin": [0, 0, 0],
			"color": 0,
			"children": [0, 1, 2, 3, 4, 5, 6, 7, 8, 9]
		}
	]
}