{
	"credit": "Made with Blockbench",
	"texture_size": [64, 64],
	"textures": {
		"0": "item/mobs/horse_d"
	},
	"elements": [
		{
			"name": "child_back_right_leg",
			"from": [-10, -3, 16.5],
			"to": [7, 1, 20.5],
			"rotation": {"angle": 22.5, "axis": "y", "origin": [5, 1, 16]},
			"faces": {
				"north": {"uv": [13, 6.25, 14, 9], "rotation": 270, "texture": "#0"},
				"east": {"uv": [14, 6.25, 13, 5.25], "rotation": 90, "texture": "#0"},
				"south": {"uv": [15, 6.25, 16, 9], "rotation": 90, "texture": "#0"},
				"west": {"uv": [15, 5.25, 14, 6.25], "rotation": 90, "texture": "#0"},
				"up": {"uv": [14, 6.25, 15, 9], "rotation": 90, "texture": "#0"},
				"down": {"uv": [12, 6.25, 13, 9], "rotation": 90, "texture": "#0"}
			}
		},
		{
			"name": "child_back_left_leg",
			"from": [-12, 3, 16],
			"to": [5, 7, 20],
			"rotation": {"angle": 22.5, "axis": "z", "origin": [5, 7, 0]},
			"faces": {
				"north": {"uv": [14, 6.25, 13, 9], "rotation": 270, "texture": "#0"},
				"east": {"uv": [13, 6.25, 14, 5.25], "rotation": 90, "texture": "#0"},
				"south": {"uv": [16, 6.25, 15, 9], "rotation": 90, "texture": "#0"},
				"west": {"uv": [14, 5.25, 15, 6.25], "rotation": 90, "texture": "#0"},
				"up": {"uv": [13, 6.25, 12, 9], "rotation": 90, "texture": "#0"},
				"down": {"uv": [15, 6.25, 14, 9], "rotation": 90, "texture": "#0"}
			}
		},
		{
			"name": "child_front_right_leg",
			"from": [-10, -3, -1.5],
			"to": [7, 1, 2.5],
			"rotation": {"angle": 22.5, "axis": "y", "origin": [5, 1, 2]},
			"faces": {
				"north": {"uv": [13, 6.25, 14, 9], "rotation": 270, "texture": "#0"},
				"east": {"uv": [14, 6.25, 13, 5.25], "rotation": 90, "texture": "#0"},
				"south": {"uv": [15, 6.25, 16, 9], "rotation": 90, "texture": "#0"},
				"west": {"uv": [15, 5.25, 14, 6.25], "rotation": 90, "texture": "#0"},
				"up": {"uv": [14, 6.25, 15, 9], "rotation": 90, "texture": "#0"},
				"down": {"uv": [12, 6.25, 13, 9], "rotation": 90, "texture": "#0"}
			}
		},
		{
			"name": "child_front_left_leg",
			"from": [-12, 3, -2],
			"to": [5, 7, 2],
			"rotation": {"angle": 22.5, "axis": "z", "origin": [5, 7, 0]},
			"faces": {
				"north": {"uv": [14, 6.25, 13, 9], "rotation": 270, "texture": "#0"},
				"east": {"uv": [13, 6.25, 14, 5.25], "rotation": 90, "texture": "#0"},
				"south": {"uv": [16, 6.25, 15, 9], "rotation": 90, "texture": "#0"},
				"west": {"uv": [14, 5.25, 15, 6.25], "rotation": 90, "texture": "#0"},
				"up": {"uv": [13, 6.25, 12, 9], "rotation": 90, "texture": "#0"},
				"down": {"uv": [15, 6.25, 14, 9], "rotation": 90, "texture": "#0"}
			}
		},
		{
			"name": "tail",
			"from": [1, 0.5, 20],
			"to": [15, 3.5, 24],
			"rotation": {"angle": 0, "axis": "y", "origin": [0, 2, 0]},
			"faces": {
				"north": {"uv": [11.5, 10, 12.25, 13.5], "rotation": 270, "texture": "#0"},
				"east": {"uv": [12.25, 10, 11.5, 9], "rotation": 90, "texture": "#0"},
				"south": {"uv": [13.25, 10, 14, 13.5], "rotation": 90, "texture": "#0"},
				"west": {"uv": [13, 9, 12.25, 10], "rotation": 90, "texture": "#0"},
				"up": {"uv": [12.25, 10, 13.25, 13.5], "rotation": 90, "texture": "#0"},
				"down": {"uv": [10.5, 10, 11.5, 13.5], "rotation": 90, "texture": "#0"}
			}
		},
		{
			"name": "body",
			"from": [4.95, -3.05, -2.05],
			"to": [15.05, 7.05, 20.05],
			"rotation": {"angle": 0, "axis": "y", "origin": [0, 2, 0]},
			"faces": {
				"north": {"uv": [5.5, 13.5, 8, 16], "rotation": 270, "texture": "#0"},
				"east": {"uv": [8, 13.5, 5.5, 8], "rotation": 90, "texture": "#0"},
				"south": {"uv": [13.5, 13.5, 16, 16], "rotation": 90, "texture": "#0"},
				"west": {"uv": [10.5, 8, 8, 13.5], "rotation": 90, "texture": "#0"},
				"up": {"uv": [8, 13.5, 13.5, 16], "rotation": 90, "texture": "#0"},
				"down": {"uv": [0, 13.5, 5.5, 16], "rotation": 90, "texture": "#0"}
			}
		},
		{
			"name": "neck",
			"from": [10, 0, -2],
			"to": [22, 4, 5],
			"rotation": {"angle": -22.5, "axis": "z", "origin": [15, 5, 0]},
			"faces": {
				"north": {"uv": [1.75, 10.5, 2.75, 13.5], "rotation": 270, "texture": "#0"},
				"east": {"uv": [2.75, 10.5, 1.75, 8.75], "rotation": 90, "texture": "#0"},
				"south": {"uv": [4.5, 10.5, 5.5, 13.5], "rotation": 90, "texture": "#0"},
				"west": {"uv": [3.75, 8.75, 2.75, 10.5], "rotation": 90, "texture": "#0"},
				"up": {"uv": [2.75, 10.5, 4.5, 13.5], "rotation": 90, "texture": "#0"},
				"down": {"uv": [0, 10.5, 1.75, 13.5], "rotation": 90, "texture": "#0"}
			}
		},
		{
			"name": "mane",
			"from": [10, 1, 5],
			"to": [26, 3, 7],
			"rotation": {"angle": -22.5, "axis": "z", "origin": [15, 5, 0]},
			"faces": {
				"north": {"uv": [14.5, 9.5, 15, 13.5], "rotation": 270, "texture": "#0"},
				"east": {"uv": [15, 9.5, 14.5, 9], "rotation": 90, "texture": "#0"},
				"south": {"uv": [15.5, 9.5, 16, 13.5], "rotation": 90, "texture": "#0"},
				"west": {"uv": [15.5, 9, 15, 9.5], "rotation": 90, "texture": "#0"},
				"up": {"uv": [15, 9.5, 15.5, 13.5], "rotation": 90, "texture": "#0"},
				"down": {"uv": [14, 9.5, 14.5, 13.5], "rotation": 90, "texture": "#0"}
			}
		},
		{
			"name": "head",
			"from": [21, -1, -2],
			"to": [26, 5, 5],
			"rotation": {"angle": -22.5, "axis": "z", "origin": [15, 5, 0]},
			"faces": {
				"north": {"uv": [1.75, 5, 3.25, 6.25], "rotation": 270, "texture": "#0"},
				"east": {"uv": [3.25, 5, 1.75, 3.25], "rotation": 90, "texture": "#0"},
				"south": {"uv": [5, 5, 6.5, 6.25], "rotation": 90, "texture": "#0"},
				"west": {"uv": [4.75, 3.25, 3.25, 5], "rotation": 90, "texture": "#0"},
				"up": {"uv": [3.25, 5, 5, 6.25], "rotation": 90, "texture": "#0"},
				"down": {"uv": [0, 5, 1.75, 6.25], "rotation": 90, "texture": "#0"}
			}
		},
		{
			"name": "mouth",
			"from": [21, 0, -7],
			"to": [26, 4, -2],
			"rotation": {"angle": -22.5, "axis": "z", "origin": [15, 5, 0]},
			"faces": {
				"north": {"uv": [1.25, 7.5, 2.25, 8.75], "rotation": 270, "texture": "#0"},
				"east": {"uv": [2.25, 7.5, 1.25, 6.25], "rotation": 90, "texture": "#0"},
				"south": {"uv": [3.5, 7.5, 4.5, 8.75], "rotation": 90, "texture": "#0"},
				"west": {"uv": [3.25, 6.25, 2.25, 7.5], "rotation": 90, "texture": "#0"},
				"up": {"uv": [2.25, 7.5, 3.5, 8.75], "rotation": 90, "texture": "#0"},
				"down": {"uv": [0, 7.5, 1.25, 8.75], "rotation": 90, "texture": "#0"}
			}
		},
		{
			"name": "left_ear",
			"from": [23, -4.1, 3.99],
			"to": [26, -2.1, 4.99],
			"rotation": {"angle": 0, "axis": "z", "origin": [27, -5, 4]},
			"faces": {
				"north": {"uv": [5, 4.25, 5.5, 5], "rotation": 270, "texture": "#0"},
				"east": {"uv": [5.5, 4.25, 5, 4], "rotation": 90, "texture": "#0"},
				"south": {"uv": [5.75, 4.25, 6.25, 5], "rotation": 90, "texture": "#0"},
				"west": {"uv": [6, 4, 5.5, 4.25], "rotation": 90, "texture": "#0"},
				"up": {"uv": [5.5, 4.25, 5.75, 5], "rotation": 90, "texture": "#0"},
				"down": {"uv": [4.75, 4.25, 5, 5], "rotation": 90, "texture": "#0"}
			}
		},
		{
			"name": "right_ear",
			"from": [26, 2.5, 3.99],
			"to": [29, 4.5, 4.99],
			"rotation": {"angle": -22.5, "axis": "z", "origin": [15, 5, 0]},
			"faces": {
				"north": {"uv": [5, 4.25, 5.5, 5], "rotation": 270, "texture": "#0"},
				"east": {"uv": [5.5, 4.25, 5, 4], "rotation": 90, "texture": "#0"},
				"south": {"uv": [5.75, 4.25, 6.25, 5], "rotation": 90, "texture": "#0"},
				"west": {"uv": [6, 4, 5.5, 4.25], "rotation": 90, "texture": "#0"},
				"up": {"uv": [5.5, 4.25, 5.75, 5], "rotation": 90, "texture": "#0"},
				"down": {"uv": [4.75, 4.25, 5, 5], "rotation": 90, "texture": "#0"}
			}
		}
	],
	"display": {
		"head": {
			"translation": [0, -25.5, 0],
			"scale": [1.61, 1.61, 1.61]
		}
	},
	"groups": [
		{
			"name": "bone",
			"origin": [0, 0, 0],
			"color": 0,
			"children": [0, 1, 2, 3, 4, 5, 6, 7, 8, 9, 10, 11]
		}
	]
}