{
	"credit": "Made with Blockbench",
	"texture_size": [128, 64],
	"textures": {
		"0": "item/mobs/llama_d2"
	},
	"elements": [
		{
			"name": "leg2",
			"from": [-10.11111, 5.61111, 10.4],
			"to": [3.88889, 9.61111, 14.4],
			"rotation": {"angle": 22.5, "axis": "z", "origin": [-3.11111, 9.61111, 7.5]},
			"faces": {
				"north": {"uv": [4.125, 8.25, 4.625, 11.75], "rotation": 270, "texture": "#0"},
				"east": {"uv": [4.625, 8.25, 4.125, 7.25], "rotation": 90, "texture": "#0"},
				"south": {"uv": [5.125, 8.25, 5.625, 11.75], "rotation": 90, "texture": "#0"},
				"west": {"uv": [5.125, 7.25, 4.625, 8.25], "rotation": 90, "texture": "#0"},
				"up": {"uv": [4.625, 8.25, 5.125, 11.75], "rotation": 90, "texture": "#0"},
				"down": {"uv": [3.625, 8.25, 4.125, 11.75], "rotation": 90, "texture": "#0"}
			}
		},
		{
			"name": "leg4",
			"from": [-10.11111, 5.61111, -0.3],
			"to": [3.88889, 9.61111, 3.7],
			"rotation": {"angle": 22.5, "axis": "z", "origin": [-3.11111, 9.61111, 7.5]},
			"faces": {
				"north": {"uv": [4.125, 8.25, 4.625, 11.75], "rotation": 270, "texture": "#0"},
				"east": {"uv": [4.625, 8.25, 4.125, 7.25], "rotation": 90, "texture": "#0"},
				"south": {"uv": [5.125, 8.25, 5.625, 11.75], "rotation": 90, "texture": "#0"},
				"west": {"uv": [5.125, 7.25, 4.625, 8.25], "rotation": 90, "texture": "#0"},
				"up": {"uv": [4.625, 8.25, 5.125, 11.75], "rotation": 90, "texture": "#0"},
				"down": {"uv": [3.625, 8.25, 4.125, 11.75], "rotation": 90, "texture": "#0"}
			}
		},
		{
			"name": "leg3",
			"from": [-10.11111, 0.61111, 0],
			"to": [3.88889, 4.61111, 4],
			"rotation": {"angle": 0, "axis": "y", "origin": [9, 6.11111, 3.05556]},
			"faces": {
				"north": {"uv": [4.125, 8.25, 4.625, 11.75], "rotation": 270, "texture": "#0"},
				"east": {"uv": [4.625, 8.25, 4.125, 7.25], "rotation": 90, "texture": "#0"},
				"south": {"uv": [5.125, 8.25, 5.625, 11.75], "rotation": 90, "texture": "#0"},
				"west": {"uv": [5.125, 7.25, 4.625, 8.25], "rotation": 90, "texture": "#0"},
				"up": {"uv": [4.625, 8.25, 5.125, 11.75], "rotation": 90, "texture": "#0"},
				"down": {"uv": [3.625, 8.25, 4.125, 11.75], "rotation": 90, "texture": "#0"}
			}
		},
		{
			"name": "leg1",
			"from": [-10.11111, 0.61111, 11],
			"to": [3.88889, 4.61111, 15],
			"rotation": {"angle": 0, "axis": "y", "origin": [9, 6.11111, 3.05556]},
			"faces": {
				"north": {"uv": [4.125, 8.25, 4.625, 11.75], "rotation": 270, "texture": "#0"},
				"east": {"uv": [4.625, 8.25, 4.125, 7.25], "rotation": 90, "texture": "#0"},
				"south": {"uv": [5.125, 8.25, 5.625, 11.75], "rotation": 90, "texture": "#0"},
				"west": {"uv": [5.125, 7.25, 4.625, 8.25], "rotation": 90, "texture": "#0"},
				"up": {"uv": [4.625, 8.25, 5.125, 11.75], "rotation": 90, "texture": "#0"},
				"down": {"uv": [3.625, 8.25, 4.125, 11.75], "rotation": 90, "texture": "#0"}
			}
		},
		{
			"name": "head",
			"from": [16.88889, 2.36111, -9],
			"to": [20.88889, 6.36111, 0],
			"rotation": {"angle": 0, "axis": "y", "origin": [21.13889, 6.11111, -2.625]},
			"faces": {
				"north": {"uv": [1.125, 2.25, 1.625, 3.25], "rotation": 270, "texture": "#0"},
				"east": {"uv": [1.625, 2.25, 1.125, 0], "rotation": 90, "texture": "#0"},
				"south": {"uv": [2.75, 2.25, 3.25, 3.25], "rotation": 90, "texture": "#0"},
				"west": {"uv": [2.125, 0, 1.625, 2.25], "rotation": 90, "texture": "#0"},
				"up": {"uv": [1.625, 2.25, 2.75, 3.25], "rotation": 90, "texture": "#0"},
				"down": {"uv": [0, 2.25, 1.125, 3.25], "rotation": 90, "texture": "#0"}
			}
		},
		{
			"name": "head",
			"from": [5.88889, 0.36111, -5],
			"to": [23.88889, 8.36111, 1],
			"rotation": {"angle": 0, "axis": "y", "origin": [21.13889, 6.11111, -2.625]},
			"faces": {
				"north": {"uv": [0.75, 5, 1.75, 9.5], "rotation": 270, "texture": "#0"},
				"east": {"uv": [1.75, 5, 0.75, 3.5], "rotation": 90, "texture": "#0"},
				"south": {"uv": [2.5, 5, 3.5, 9.5], "rotation": 90, "texture": "#0"},
				"west": {"uv": [2.75, 3.5, 1.75, 5], "rotation": 90, "texture": "#0"},
				"up": {"uv": [1.75, 5, 2.5, 9.5], "rotation": 90, "texture": "#0"},
				"down": {"uv": [0, 5, 0.75, 9.5], "rotation": 90, "texture": "#0"}
			}
		},
		{
			"name": "head",
			"from": [23.88889, 5.36111, -3],
			"to": [26.88889, 8.36111, -1],
			"rotation": {"angle": 0, "axis": "y", "origin": [21.13889, 6.11111, -2.625]},
			"faces": {
				"north": {"uv": [2.375, 0.5, 2.75, 1.25], "rotation": 270, "texture": "#0"},
				"east": {"uv": [2.75, 0.5, 2.375, 0], "rotation": 90, "texture": "#0"},
				"south": {"uv": [3, 0.5, 3.375, 1.25], "rotation": 90, "texture": "#0"},
				"west": {"uv": [3.125, 0, 2.75, 0.5], "rotation": 90, "texture": "#0"},
				"up": {"uv": [2.75, 0.5, 3, 1.25], "rotation": 90, "texture": "#0"},
				"down": {"uv": [2.125, 0.5, 2.375, 1.25], "rotation": 90, "texture": "#0"}
			}
		},
		{
			"name": "body_rotation",
			"from": [3.88889, 0.11111, -1],
			"to": [13.88889, 12.11111, 17],
			"rotation": {"angle": 0, "axis": "y", "origin": [9, 6.11111, 3.05556]},
			"faces": {
				"north": {"uv": [7.875, 0, 6.375, 2.5], "rotation": 90, "texture": "#0"},
				"east": {"uv": [4.875, 2.5, 6.375, 7], "rotation": 270, "texture": "#0"},
				"south": {"uv": [6.375, 2.5, 4.875, 0], "rotation": 90, "texture": "#0"},
				"west": {"uv": [7.625, 2.5, 9.125, 7], "rotation": 90, "texture": "#0"},
				"up": {"uv": [6.375, 2.5, 7.625, 7], "rotation": 180, "texture": "#0"},
				"down": {"uv": [3.625, 2.5, 4.875, 7], "texture": "#0"}
			}
		},
		{
			"name": "head",
			"from": [23.88889, 0.36111, -3],
			"to": [26.88889, 3.36111, -1],
			"rotation": {"angle": 0, "axis": "y", "origin": [21.13889, 6.11111, -2.625]},
			"faces": {
				"north": {"uv": [2.375, 0.5, 2.75, 1.25], "rotation": 270, "texture": "#0"},
				"east": {"uv": [2.75, 0.5, 2.375, 0], "rotation": 90, "texture": "#0"},
				"south": {"uv": [3, 0.5, 3.375, 1.25], "rotation": 90, "texture": "#0"},
				"west": {"uv": [3.125, 0, 2.75, 0.5], "rotation": 90, "texture": "#0"},
				"up": {"uv": [2.75, 0.5, 3, 1.25], "rotation": 90, "texture": "#0"},
				"down": {"uv": [2.125, 0.5, 2.375, 1.25], "rotation": 90, "texture": "#0"}
			}
		}
	],
	"display": {
		"thirdperson_righthand": {
			"translation": [0, 0, -4.5]
		},
		"head": {
			"translation": [0, -30.5, 0],
			"scale": [1.61, 1.61, 1.61]
		}
	},
	"groups": [
		{
			"name": "bone",
			"origin": [0, 0, 0],
			"color": 0,
			"children": [
				0,
				1,
				2,
				3,
				4,
				5,
				6,
				{
					"name": "bone2",
					"origin": [0, 19, -5],
					"color": 0,
					"children": [7]
				},
				8
			]
		}
	]
}